subject_id,trial_id,window_id,label,pairing,ecg_ch00_ecg_mean,ecg_ch00_ecg_std,ecg_ch00_num_peaks,ecg_ch00_rr_mean,ecg_ch00_rr_std,ecg_ch00_rmssd,ecg_ch00_hr_mean,ecg_ch01_ecg_mean,ecg_ch01_ecg_std,ecg_ch01_num_peaks,ecg_ch01_rr_mean,ecg_ch01_rr_std,ecg_ch01_rmssd,ecg_ch01_hr_mean
1,1,1,0,ecg_only,2033.4794921875,67.78452453864102,10,0.4075520833333333,0.09675802189145467,0.1120198493806943,147.22044728434506,2035.67578125,58.85907726045447,10,0.4075520833333333,0.09584253239363513,0.11403641075777343,147.22044728434506
1,1,2,0,ecg_only,2028.7080078125,67.75677213570566,8,0.5474330357142857,0.13355602947903206,0.13718299157360336,109.60244648318043,2026.7763671875,58.942866504799994,8,0.5301339285714286,0.14922421756464538,0.13135884933333225,113.17894736842105
1,1,3,0,ecg_only,2030.845703125,67.67973481755351,8,0.5407366071428571,0.1386873127545158,0.15283541122127778,110.95975232198144,2024.310546875,58.51616735474418,8,0.5295758928571429,0.14985311154015224,0.17506363937731687,113.29820864067439
1,1,4,0,ecg_only,2038.5087890625,62.17378869650281,10,0.4279513888888889,0.11119076734541701,0.16419614162581497,140.20283975659228,2032.416015625,54.31252496892182,10,0.4236111111111111,0.11161689083311514,0.1678381123523731,141.63934426229508
1,1,5,0,ecg_only,2036.025390625,60.64243740724116,10,0.3854166666666667,0.035276607250375173,0.04517591213367335,155.67567567567568,2032.80859375,52.757224071898065,10,0.3723958333333333,0.0188689801382675,0.028303470207401246,161.11888111888112
1,1,6,0,ecg_only,2040.9697265625,67.7244248135891,11,0.376171875,0.019140624999999998,0.03459721420725631,159.50155763239877,2049.2822265625,60.11844945900484,11,0.376171875,0.01747364784870706,0.030592031574142527,159.50155763239877
1,1,7,0,ecg_only,2051.205078125,66.07173047501213,10,0.4388020833333333,0.1396935781986078,0.12331011029425466,136.7359050445104,2061.572265625,57.391768487993495,11,0.396875,0.09911719704471066,0.1605844124304255,151.18110236220474
1,1,8,0,ecg_only,2045.072265625,60.72640240912056,9,0.47265625,0.13304208098380002,0.15508775327703297,126.94214876033058,2045.890625,52.92076320060374,10,0.4092881944444444,0.10313252579628754,0.17244003359297652,146.59597030752917
1,1,9,0,ecg_only,2039.4775390625,61.42488969164932,10,0.4075520833333333,0.030425316264447715,0.03471950944263902,147.22044728434506,2035.8408203125,52.47734866363379,10,0.3940972222222222,0.03218250852763303,0.0583817780376372,152.2466960352423
1,1,10,0,ecg_only,2038.73046875,59.64937926462667,10,0.40625,0.024636572823469403,0.046240002350592634,147.69230769230768,2032.6123046875,51.194988434241935,10,0.4079861111111111,0.03330438557856055,0.05729351618700246,147.06382978723406
1,2,1,0,ecg_only,2046.396484375,59.39898386770081,9,0.41455078125,0.016157609480248337,0.026203921611325662,144.73498233215548,2043.587890625,50.090036998269795,9,0.4140625,0.023680382134730744,0.04080916361335317,144.9056603773585
1,2,2,0,ecg_only,2053.521484375,55.38615794173334,9,0.45556640625,0.08840857582093789,0.11445855286373628,131.70418006430867,2051.083984375,46.29531961764338,9,0.43603515625,0.0734940331560726,0.10231094416959996,137.60358342665174
1,2,3,0,ecg_only,2039.962890625,61.457386388002924,11,0.387109375,0.02062929051017327,0.0371721417281776,154.9949545913219,2045.662109375,51.74323523346349,11,0.385546875,0.024954181646381936,0.044174988160644205,155.62310030395136
1,2,4,0,ecg_only,2026.556640625,65.77308229313569,9,0.48486328125,0.1404409263474681,0.16427494748297963,123.74622356495469,2035.7421875,55.22728196588932,9,0.484375,0.14308556958900284,0.171016779816469,123.87096774193549
1,2,5,0,ecg_only,2033.75390625,65.12723412955759,8,0.49609375,0.15190671057105362,0.12463325104331106,120.94488188976378,2037.12890625,54.47240722424254,8,0.4955357142857143,0.15225685152431379,0.1257100600816385,121.08108108108108
1,2,6,0,ecg_only,2044.4033203125,66.42046486616925,11,0.3671875,0.015229366163764005,0.017805721785387165,163.40425531914894,2038.984375,56.58923530791324,11,0.366796875,0.015373959886058147,0.01712623234110144,163.57827476038338
1,2,7,0,ecg_only,2048.7275390625,60.90280248867893,11,0.39453125,0.0658292951029403,0.07961896221984609,152.07920792079207,2035.04296875,53.10258818962145,11,0.39453125,0.06346905003621844,0.07359938938053427,152.07920792079207
1,2,8,0,ecg_only,2052.7021484375,59.7193154348676,11,0.37265625,0.01866844241460706,0.03000447557761175,161.0062893081761,2038.302734375,52.29661265940838,10,0.37890625,0.027312730421097695,0.034911255726014605,158.35051546391753
1,2,9,0,ecg_only,2055.234375,65.90555913281804,11,0.382421875,0.021284582384101997,0.039942348047338455,156.89479060265577,2055.1689453125,56.888234830840766,11,0.38203125,0.02444451226119065,0.04450001950686214,157.05521472392638
1,2,10,0,ecg_only,2056.9462890625,59.44541914498284,11,0.391796875,0.030710678142189002,0.05034535137807605,153.1405782652044,2051.4189453125,52.68897603638388,11,0.394921875,0.028622445471441202,0.04676636717726034,151.92878338278933
1,3,1,1,ecg_only,2047.939453125,53.74506014812829,9,0.4609375,0.08060043078891933,0.10580922227224403,130.16949152542372,2045.9033203125,46.18466065265095,9,0.4482421875,0.07558745153522405,0.1000923819930154,133.8562091503268
1,3,2,1,ecg_only,2053.5234375,60.31832418041464,11,0.396875,0.02197243923503943,0.03617823955585887,151.18110236220474,2054.2041015625,52.599759597736615,11,0.391796875,0.029802921187831993,0.048317644050206957,153.1405782652044
1,3,3,1,ecg_only,2055.7568359375,65.55416155974545,11,0.391015625,0.018851450800021333,0.035825042948431265,153.44655344655345,2059.91796875,56.696191359067704,11,0.391015625,0.030680852290404598,0.05783654248571044,153.44655344655345
1,3,4,1,ecg_only,2046.2080078125,59.71586935700123,11,0.396484375,0.024596971080361196,0.04561010387535676,151.33004926108376,2052.275390625,51.424097774085084,11,0.397265625,0.0229140771500976,0.036690111467722324,151.03244837758112
1,3,5,1,ecg_only,2034.4931640625,54.4818629524538,9,0.45849609375,0.09457920844092281,0.11927091456121168,130.8626198083067,2048.05078125,46.82215103468281,9,0.44091796875,0.08185522175457843,0.09659016305097681,136.0797342192691
1,3,6,1,ecg_only,2028.623046875,59.49012273660689,10,0.4075520833333333,0.022999377256062103,0.03794796724165127,147.22044728434506,2045.5244140625,51.306727271660506,10,0.4088541666666667,0.020669932117692115,0.03569466187987708,146.7515923566879
1,3,7,1,ecg_only,2033.33984375,64.43042012493467,11,0.39609375,0.029553562999027717,0.04562868611441467,151.47928994082838,2052.2060546875,55.92242746008313,11,0.39609375,0.026504992896386526,0.03981480430057462,151.47928994082838
1,3,8,1,ecg_only,2033.404296875,59.539415623491514,11,0.38046875,0.022179796197778736,0.04184937156246926,157.700205338809,2049.8544921875,51.99385216940558,11,0.38046875,0.013212136347881065,0.021904432084974897,157.700205338809
1,3,9,1,ecg_only,2040.6318359375,62.14887464214926,10,0.390625,0.04662112966137541,0.05494845662748125,153.6,2045.408203125,52.26569152736564,10,0.37890625,0.01414424543125028,0.013810679320049757,158.35051546391753
1,3,10,1,ecg_only,2047.75,60.63646798750732,10,0.4079861111111111,0.07847385461060256,0.10423175050098699,147.06382978723406,2055.3916015625,51.99233687312725,10,0.40625,0.07363393497707652,0.09513342873404339,147.69230769230768
1,4,1,0,ecg_only,2048.025390625,65.60077930894695,7,0.6087239583333334,0.11065601821593128,0.1457821710849787,98.56684491978609,2046.953125,56.55496971628024,7,0.607421875,0.11182955424427819,0.14764384868557004,98.7781350482315
1,4,2,0,ecg_only,2042.0185546875,65.33461533070407,8,0.5106026785714286,0.14618405651815125,0.1308836653450944,117.50819672131146,2052.5087890625,56.46099248819826,8,0.5106026785714286,0.1481098693619823,0.13319491513067105,117.50819672131146
1,4,3,0,ecg_only,2046.4931640625,59.44832603946858,10,0.4014756944444444,0.027607715093384114,0.03807341540941001,149.44864864864866,2057.5703125,50.63185657175079,10,0.3967013888888889,0.03020783444671062,0.0385216463346016,151.2472647702407
1,4,4,0,ecg_only,2051.9619140625,57.137268877448676,10,0.4366319444444444,0.07404213676016382,0.08455023758559907,137.41550695825052,2056.3037109375,49.303593003998635,9,0.44873046875,0.10283972846311007,0.10921544484575953,133.71055495103374
1,4,5,0,ecg_only,2038.30078125,61.79983881463323,9,0.42724609375,0.02019738074213519,0.02690172052052221,140.43428571428572,2044.78515625,52.969337518635115,9,0.42724609375,0.04375773770162997,0.07767728857725588,140.43428571428572
1,4,6,0,ecg_only,2024.6591796875,56.91892237496321,9,0.4599609375,0.07140935911926545,0.08619077935851706,130.44585987261146,2033.490234375,48.85593360465613,10,0.4227430555555556,0.03957038652792181,0.06726240374110376,141.93018480492813
1,4,7,0,ecg_only,2030.0625,53.99030584280848,10,0.4331597222222222,0.06637929509219519,0.08423382286268681,138.51703406813627,2033.9091796875,46.61308654882593,10,0.4171006944444444,0.04337238519220268,0.07006793404160976,143.85015608740895
1,4,8,0,ecg_only,2041.4697265625,60.30188589831981,9,0.43603515625,0.03658852718619968,0.0693133373001082,137.60358342665174,2041.30859375,52.348315886449114,9,0.43603515625,0.05156166769569739,0.1023428980335313,137.60358342665174
1,4,9,0,ecg_only,2052.9296875,60.32113715276216,10,0.4340277777777778,0.025611316826270714,0.04154696755113799,138.24,2052.267578125,51.70864406167524,10,0.4327256944444444,0.043411457465451345,0.08549245557905973,138.65596790371114
1,4,10,0,ecg_only,2047.38671875,54.70457643546286,9,0.45458984375,0.06703338690777268,0.08020392448844517,131.98711063372718,2049.0029296875,46.77909972524515,9,0.4375,0.03268203228648733,0.055005453260498244,137.14285714285714
1,5,1,1,ecg_only,2059.1884765625,62.54959457320957,9,0.4609375,0.1372061624194022,0.17477389929882572,130.16949152542372,2063.302734375,53.637237753012535,9,0.46044921875,0.1380437675951022,0.176103375481638,130.30752916224813
1,5,2,1,ecg_only,2058.7490234375,59.44931614789674,10,0.4036458333333333,0.03365324995656272,0.05113682602182049,148.6451612903226,2063.6337890625,51.4955215636443,10,0.4032118055555556,0.03681824663272309,0.06207128352371369,148.80516684607105
1,5,3,1,ecg_only,2052.3046875,59.69766714371964,10,0.4253472222222222,0.04911614513344936,0.0564888861874202,141.06122448979593,2058.7646484375,52.64791551504702,10,0.4114583333333333,0.019918044974971814,0.033941693744106965,145.8227848101266
1,5,4,1,ecg_only,2075.458984375,65.9358580760007,10,0.4149305555555556,0.05752137242024068,0.07716697759819692,144.60251046025104,2080.1171875,59.86429916039145,10,0.4144965277777778,0.05592730440223824,0.076371932796942,144.75392670157066
1,5,5,1,ecg_only,2081.8818359375,64.49004209520903,11,0.369140625,0.015843202961463475,0.020422379090310055,162.53968253968253,2089.5380859375,56.468780390905955,10,0.41015625,0.10450790461365166,0.17005651993000187,146.28571428571428
1,5,6,1,ecg_only,2036.6220703125,68.8671781318126,11,0.384375,0.02090482525040571,0.03291464755147015,156.09756097560975,2049.912109375,60.642572274871696,11,0.384765625,0.023712578454337795,0.034792680249706734,155.93908629441626
1,5,7,1,ecg_only,2015.6201171875,57.82637692901283,10,0.4027777777777778,0.07085162822018008,0.08984375,148.9655172413793,2026.2099609375,51.00708301762829,11,0.39609375,0.06569471743175018,0.08281290945915545,151.47928994082838
1,5,8,1,ecg_only,2023.5986328125,58.55809780417477,10,0.3919270833333333,0.0390625,0.04800080362283011,153.08970099667775,2030.2158203125,50.80740003341258,10,0.3771701388888889,0.01805263397837276,0.02591113117465156,159.0794016110472
1,5,9,1,ecg_only,2040.5048828125,59.48401156956499,10,0.4092881944444444,0.025699429415082402,0.03741649230599222,146.59597030752917,2046.615234375,50.941568111551284,10,0.4058159722222222,0.02867212598075303,0.04667110603651766,147.85026737967914
1,5,10,1,ecg_only,2064.40625,59.84117161547307,10,0.4027777777777778,0.03094712407981925,0.038323079824899575,148.9655172413793,2066.953125,51.11332528298638,10,0.40234375,0.027682671387329816,0.03167436472700558,149.126213592233
1,6,1,0,ecg_only,2050.58984375,60.524237577606755,8,0.5167410714285714,0.14280481742610102,0.15281877064076996,116.11231101511879,2063.6806640625,54.94577029213915,8,0.5145089285714286,0.14573602423411422,0.15831962659969442,116.61605206073752
1,6,2,0,ecg_only,2039.119140625,63.15306820940274,10,0.4162326388888889,0.038056094126359324,0.05672474895100627,144.15015641293013,2049.064453125,61.67825210959433,10,0.4131944444444444,0.042423856365581256,0.07580792459013809,145.21008403361344
1,6,3,0,ecg_only,2018.6083984375,59.51001071062538,10,0.4157986111111111,0.02124520529604239,0.03837281778200879,144.30062630480168,2018.9482421875,54.42540997380126,10,0.4153645833333333,0.01931301689347829,0.03291464755147015,144.45141065830722
1,6,4,0,ecg_only,2021.7265625,54.222734341174586,10,0.4357638888888889,0.07214789845548662,0.07550539757842854,137.68924302788844,2022.9609375,49.19500853487164,10,0.4131944444444444,0.03487920243552855,0.05398544906673927,145.21008403361344
1,6,5,0,ecg_only,2036.7451171875,58.51310680150552,9,0.4326171875,0.024608599938191703,0.047291674861022995,138.69074492099324,2036.3564453125,52.68641474138943,9,0.4326171875,0.04063016418498969,0.08160497235019926,138.69074492099324
1,6,6,0,ecg_only,2047.2021484375,57.36169810463003,10,0.4223090277777778,0.022884420705666784,0.043013116299893045,142.0760534429599,2046.77734375,51.899516367634256,10,0.421875,0.03168105484530322,0.060562623959818956,142.22222222222223
1,6,7,0,ecg_only,2054.4970703125,57.84980208083629,10,0.4296875,0.06112861767867449,0.08214742517505114,139.63636363636363,2058.3388671875,51.53102650313436,10,0.4131944444444444,0.02602719505306415,0.04143203796014927,145.21008403361344
1,6,8,0,ecg_only,2065.3271484375,57.6644506809641,9,0.4384765625,0.040489086800054454,0.0703744766537252,136.83741648106906,2065.0927734375,49.565082949358555,9,0.43896484375,0.03130716816779383,0.04629006318613948,136.68520578420467
1,6,9,0,ecg_only,2070.662109375,50.72034896050634,10,0.4071180555555556,0.039441639975126154,0.0439561618551832,147.3773987206823,2066.1611328125,44.14454255940632,10,0.4223090277777778,0.047857344266790044,0.0876624642683604,142.0760534429599
1,6,10,0,ecg_only,2063.791015625,55.63782574522486,10,0.4418402777777778,0.054546085900599846,0.06733325849975859,135.79567779960706,2063.712890625,48.33064412933876,10,0.4249131944444444,0.021298340531918918,0.030226147540121408,141.2053115423902
1,7,1,1,ecg_only,2037.1669921875,57.437010712142865,10,0.4249131944444444,0.09521742500557005,0.11497753421439963,141.2053115423902,2039.99609375,51.03636862318097,10,0.4253472222222222,0.09364947671403043,0.1058568524837832,141.06122448979593
1,7,2,1,ecg_only,2041.296875,57.275783546446355,10,0.4131944444444444,0.029392366238432315,0.038620546744697636,145.21008403361344,2039.548828125,50.88889128718771,10,0.4001736111111111,0.032791365915840455,0.0505742475633752,149.93492407809111
1,7,3,1,ecg_only,2046.2822265625,56.38110967207828,10,0.41015625,0.011646187382811405,0.019086738560246157,146.28571428571428,2047.4833984375,50.61189758854258,10,0.4049479166666667,0.03400407514895989,0.05859375,148.16720257234726
1,7,4,1,ecg_only,2052.8076171875,56.62747563388248,10,0.4036458333333333,0.023725087445688277,0.02489755621871477,148.6451612903226,2059.1328125,50.27762705930784,10,0.4006076388888889,0.03400961462527732,0.05298695299316616,149.77248104008666
1,7,5,1,ecg_only,2054.951171875,61.89000416718526,8,0.5161830357142857,0.1478699879039154,0.1286099815090182,116.23783783783784,2060.681640625,53.43331685786827,8,0.5161830357142857,0.14757486317915713,0.13567308455399632,116.23783783783784
1,7,6,1,ecg_only,2050.6943359375,57.07175211778061,9,0.46923828125,0.12754425926194685,0.1561174102617333,127.86680541103017,2057.0625,48.090105043813324,9,0.46044921875,0.13128774191122133,0.16514840458119565,130.30752916224813
1,7,7,1,ecg_only,2047.9921875,57.316520591491276,10,0.4318576388888889,0.023373111142076842,0.03218214268219547,138.93467336683418,2056.29296875,49.51885796655173,10,0.4210069444444444,0.040543863361655365,0.059482196612660396,142.51546391752578
1,7,8,1,ecg_only,2042.857421875,56.774595299995504,9,0.43310546875,0.013732774521899641,0.02376079113397742,138.53438556933483,2048.8271484375,50.22154438858727,9,0.43310546875,0.020802156644668744,0.03528003999570032,138.53438556933483
1,7,9,1,ecg_only,2042.21484375,50.98250249755387,9,0.44873046875,0.06470233249616536,0.07505113584131441,133.71055495103374,2049.44921875,45.37376633325306,10,0.4131944444444444,0.04758496553356162,0.09047839704609742,145.21008403361344
1,7,10,1,ecg_only,2045.5087890625,56.443036142666706,10,0.4283854166666667,0.01473139127471974,0.025012204052472065,140.06079027355622,2052.1484375,49.1489628011985,10,0.4322916666666667,0.04207160005573831,0.08533614169903703,138.79518072289156
1,8,1,0,ecg_only,2044.08203125,57.672915184460926,10,0.4049479166666667,0.02099546288619414,0.035560823156314696,148.16720257234726,2043.1875,51.8601447103168,10,0.4045138888888889,0.030763967268523176,0.058021292099659956,148.3261802575107
1,8,2,0,ecg_only,2050.9248046875,59.8188117911287,11,0.386328125,0.02491746630283916,0.039365147025601496,155.30839231547017,2051.052734375,53.725095541661844,10,0.4131944444444444,0.07145526259464124,0.09731385287775869,145.21008403361344
1,8,3,0,ecg_only,2049.8251953125,57.035844934424595,11,0.396875,0.040939289083043444,0.057380376397215375,151.18110236220474,2054.279296875,49.51193551943425,11,0.396875,0.036527092898628,0.04987166146407697,151.18110236220474
1,8,4,0,ecg_only,2042.62890625,54.188842475215424,9,0.4453125,0.04002715142952968,0.04883370503830174,134.73684210526315,2048.1650390625,46.87399070161777,9,0.4169921875,0.03183953200566622,0.045121596008333806,143.88758782201404
1,8,5,0,ecg_only,2040.9052734375,57.760160526662816,10,0.4249131944444444,0.02509866717847389,0.04790136120480751,141.2053115423902,2046.2294921875,51.50088240043443,10,0.4262152777777778,0.025210999533780566,0.04428040644044779,140.77393075356414
1,8,6,0,ecg_only,2040.9482421875,58.15461490880449,10,0.4262152777777778,0.025743372615168257,0.04817928274821879,140.77393075356414,2042.345703125,52.422800579512774,10,0.42578125,0.03036954111898594,0.05841443917475852,140.91743119266056
1,8,7,0,ecg_only,2056.5966796875,58.27856418669754,9,0.44921875,0.08249496907008935,0.10684453212850402,133.56521739130434,2055.4365234375,52.19580654349555,9,0.42138671875,0.04825592463195541,0.07196713814800673,142.3870220162225
1,8,8,0,ecg_only,2053.7392578125,63.80817950172343,10,0.4396701388888889,0.10082718441899811,0.1803391292484411,136.4659427443238,2049.185546875,59.08831071355973,10,0.4422743055555556,0.10349355729429474,0.18312564992952074,135.66241413150146
1,8,9,0,ecg_only,2038.0595703125,63.34908683588398,8,0.5178571428571429,0.1466625723093329,0.17876518273952519,115.86206896551722,2037.236328125,57.34786947561639,8,0.5178571428571429,0.14500340865099745,0.16948354023372372,115.86206896551722
1,8,10,0,ecg_only,2043.6953125,58.904061112348984,9,0.4501953125,0.09639319926605867,0.11788298088324557,133.2754880694143,2049.3994140625,51.18904186902874,9,0.4423828125,0.09725993802400654,0.12266762344903372,135.6291390728477
1,9,1,0,ecg_only,2048.6328125,58.451501811030006,11,0.396875,0.0569348500343814,0.07837416862818847,151.18110236220474,2064.3935546875,49.72824977460444,11,0.38046875,0.023709360789833624,0.030341615098257925,157.700205338809
1,9,2,0,ecg_only,2035.591796875,57.00073131292914,11,0.384375,0.046060634290573985,0.04030153005349521,156.09756097560975,2050.8330078125,47.428342787270296,11,0.380859375,0.03784226940229173,0.04493602585087864,157.53846153846155
1,9,3,0,ecg_only,2033.9169921875,60.19238317690672,11,0.378125,0.019279629186332914,0.032991821508645644,158.67768595041323,2044.8935546875,50.635930508463524,11,0.377734375,0.02271342462516661,0.03764800076771083,158.84177869700102
1,9,4,0,ecg_only,2040.0615234375,55.17618375648264,11,0.37734375,0.021551740975208938,0.04046945382270847,159.00621118012424,2042.845703125,46.90808854130986,11,0.37890625,0.0184877493221863,0.02524833259071005,158.35051546391753
1,9,5,0,ecg_only,2048.1865234375,56.10896706917499,10,0.3919270833333333,0.035516098169234,0.04236525774117942,153.08970099667775,2047.2509765625,47.41749103524538,10,0.3810763888888889,0.020923560404850605,0.037390995545071574,157.44874715261957
1,9,6,0,ecg_only,2053.822265625,56.09373826900774,10,0.4097222222222222,0.028848974579659493,0.037619844305191844,146.4406779661017,2056.4423828125,47.249200148094616,10,0.4075520833333333,0.0296349132206798,0.04404286048351438,147.22044728434506
1,9,7,0,ecg_only,2049.548828125,51.525797151176704,10,0.41796875,0.028940248399600087,0.0350475750877468,143.55140186915887,2053.5771484375,44.535185190965485,10,0.4153645833333333,0.027621358640099514,0.03635646575973884,144.45141065830722
1,9,8,0,ecg_only,2057.3115234375,58.64656473068468,9,0.43017578125,0.014143308943320545,0.017090840213296377,139.47786606129398,2052.5947265625,49.92927431005138,9,0.43017578125,0.04769935534539446,0.08555617508971601,139.47786606129398
1,9,9,0,ecg_only,2054.3583984375,59.458933009451975,10,0.4288194444444444,0.016854590137975346,0.028269755519785406,139.91902834008098,2048.68359375,50.52056632164727,10,0.4283854166666667,0.050964546330158664,0.09017220869913128,140.06079027355622
1,9,10,0,ecg_only,2042.046875,58.0708732357227,10,0.4144965277777778,0.022884420705666784,0.027724745247223417,144.75392670157066,2045.744140625,50.47635357625612,10,0.4210069444444444,0.03323644048450807,0.04412938878005861,142.51546391752578
1,10,1,0,ecg_only,2062.1083984375,59.959336544371865,11,0.3984375,0.01720524651995722,0.030257682392245445,150.58823529411765,2059.3154296875,52.22092040121223,11,0.394140625,0.041869825356581375,0.08459534307698326,152.22993062438056
1,10,2,0,ecg_only,2070.5732421875,62.06374705157569,9,0.44873046875,0.10854240685696863,0.13988676513220177,133.71055495103374,2067.955078125,52.844941345176515,9,0.43310546875,0.09739099718350491,0.1305863189267858,138.53438556933483
1,10,3,0,ecg_only,2073.6708984375,60.73693028112353,10,0.4396701388888889,0.11421447363471199,0.17657697500123265,136.4659427443238,2069.8759765625,51.8065366085637,10,0.4375,0.11243246429647345,0.16276106770703125,137.14285714285714
1,10,4,0,ecg_only,2066.9130859375,60.20916718518235,10,0.4205729166666667,0.03584869765087553,0.03876842429937345,142.6625386996904,2063.498046875,51.44236000063861,10,0.4140625,0.03415332564740625,0.04423731114416455,144.9056603773585
1,10,5,0,ecg_only,2058.1005859375,61.30382392462706,10,0.4157986111111111,0.018052633978372763,0.026094510187280054,144.30062630480168,2055.3955078125,52.97569846880503,10,0.4123263888888889,0.037245552001605786,0.0681357950879391,145.5157894736842
1,10,6,0,ecg_only,2039.62109375,62.23423953643775,10,0.4223090277777778,0.06127943497022522,0.06652104049190001,142.0760534429599,2037.787109375,53.44420270320989,10,0.4140625,0.04777066752042745,0.08042275308559878,144.9056603773585
1,10,7,0,ecg_only,2037.8017578125,60.70863075768219,10,0.4010416666666667,0.011646187382811405,0.01784733093993854,149.6103896103896,2036.1689453125,52.90876740596859,10,0.3967013888888889,0.025983731852596816,0.04632242666262274,151.2472647702407
1,10,8,0,ecg_only,2039.7900390625,63.23566922012626,10,0.4136284722222222,0.046198989898386014,0.05674155877474199,145.05771248688353,2036.4111328125,55.87267466747932,10,0.4006076388888889,0.027381615096506082,0.04216217411117754,149.77248104008666
1,10,9,0,ecg_only,1962.5205078125,94.55731339737623,10,0.3988715277777778,0.02086947097251963,0.03303034086970266,150.42437431991294,1960.2470703125,89.20076160169924,10,0.41796875,0.07033660852119535,0.09258306948821353,143.55140186915887
1,10,10,0,ecg_only,1942.0458984375,84.84379513565464,10,0.4105902777777778,0.05507195113042327,0.08178674498519573,146.1310782241015,1940.228515625,79.39087271994264,10,0.4053819444444444,0.037139186571669106,0.05660694041480249,148.00856531049251
1,11,1,0,ecg_only,2116.869140625,59.21877856895543,10,0.3962673611111111,0.016584178102901737,0.025837415147115142,151.41292442497263,2113.8017578125,51.572809166726564,10,0.3940972222222222,0.020376205892891498,0.03995561044038825,152.2466960352423
1,11,2,0,ecg_only,2110.0224609375,97.39609088122472,9,0.4677734375,0.10686556947382465,0.15829438229966952,128.26722338204593,2106.46484375,84.11190889025814,10,0.4010416666666667,0.04903169370771544,0.07231839289677194,149.6103896103896
1,11,3,0,ecg_only,2117.1884765625,97.90183931187345,10,0.3940972222222222,0.05385793314610264,0.07158942503168458,152.2466960352423,2111.9130859375,84.73004734159093,10,0.3936631944444444,0.05686923386860833,0.0830824572466922,152.41455347298788
1,11,4,0,ecg_only,2107.337890625,63.004829070282675,11,0.3875,0.04741872157966725,0.04380886416994979,154.83870967741936,2102.7978515625,54.744177373687116,11,0.380078125,0.03410091368941784,0.05393832077397911,157.8622816032888
1,11,5,0,ecg_only,2073.4482421875,61.53977417495002,10,0.4214409722222222,0.0935770330837443,0.1195162495693904,142.3686920700309,2069.763671875,53.72145688891296,10,0.4214409722222222,0.09248356935111685,0.10119562643499132,142.3686920700309
1,11,6,0,ecg_only,2062.32421875,63.366342167606206,10,0.4088541666666667,0.036458333333333336,0.06870726210678851,146.7515923566879,2057.1240234375,55.793663263622065,10,0.4136284722222222,0.04538444825406184,0.08248340786632295,145.05771248688353
1,11,7,0,ecg_only,2067.5283203125,63.13023786059181,10,0.4175347222222222,0.02919945866589264,0.05775770735398924,143.7006237006237,2064.0556640625,54.951646244217706,10,0.4105902777777778,0.03367563323137296,0.060735592990102394,146.1310782241015
1,11,8,0,ecg_only,2072.0439453125,61.321331410831334,10,0.4405381944444444,0.04871176335624375,0.04561707310205727,136.19704433497537,2070.7548828125,53.21332249542301,10,0.4383680555555556,0.05415094478923113,0.09040458446119623,136.87128712871285
1,11,9,0,ecg_only,2067.35546875,62.03491495293415,9,0.42431640625,0.015859747821202846,0.028856436325553337,141.40391254315304,2066.04296875,53.6145104594971,9,0.4248046875,0.033871377335985595,0.057976661233360594,141.24137931034483
1,11,10,0,ecg_only,2071.4912109375,57.18061707980581,9,0.447265625,0.06640625,0.06853850891463185,134.14847161572052,2072.53125,49.05755349268347,9,0.4375,0.06669285577720263,0.09217898719775333,137.14285714285714
1,12,1,0,ecg_only,2071.6708984375,58.01259370256651,9,0.4873046875,0.14425054561306855,0.20894395261605786,123.12625250501002,2067.091796875,49.97062976347947,9,0.4833984375,0.14380027886842472,0.20521758650880778,124.12121212121212
1,12,2,0,ecg_only,2069.7529296875,58.58652864842891,10,0.3884548611111111,0.034553627148429064,0.054774623681172495,154.45810055865923,2062.419921875,51.081730558673286,10,0.3797743055555556,0.025567146658026285,0.03666988936624724,157.98857142857142
1,12,3,0,ecg_only,2064.7451171875,59.337080618399085,10,0.4188368055555556,0.08603170692176178,0.1107440820494909,143.2538860103627,2060.625,51.73003086940892,10,0.4184027777777778,0.08360641381808014,0.10525151238521468,143.40248962655602
1,12,4,0,ecg_only,2065.669921875,57.42774360821951,11,0.387109375,0.021284582384101997,0.03584869765087553,154.9949545913219,2064.00390625,49.993143908602214,11,0.38984375,0.02159417962669571,0.027590651172418088,153.90781563126254
1,12,5,0,ecg_only,2057.8486328125,55.232653686809655,9,0.45849609375,0.10604475055599592,0.12014497265023202,130.8626198083067,2057.26953125,48.362740789323276,9,0.44775390625,0.09689030680168179,0.09989618634800329,134.0021810250818
1,12,6,0,ecg_only,2052.939453125,58.29233512286095,9,0.41552734375,0.014210578330913328,0.019475366480597264,144.39482961222092,2051.6806640625,51.56809228337345,10,0.4079861111111111,0.040474108426648496,0.06767232866824381,147.06382978723406
1,12,7,0,ecg_only,2041.81640625,59.27206113199507,10,0.4370659722222222,0.08399082348556865,0.09345453113492377,137.27904667328698,2042.43359375,52.02751942683757,10,0.4366319444444444,0.08958442680749522,0.11631347236042376,137.41550695825052
1,12,8,0,ecg_only,2039.6220703125,58.17471614747085,10,0.4045138888888889,0.013035292897292714,0.02290242070226284,148.3261802575107,2041.0439453125,51.25498282237552,10,0.4110243055555556,0.02327619388505542,0.04057144155828318,145.9767687434002
1,12,9,0,ecg_only,2049.8173828125,57.79733627642653,10,0.4270833333333333,0.08426400878835123,0.11078713125696701,140.4878048780488,2050.5703125,50.734689592303056,10,0.42578125,0.08118988160479113,0.09669448276942627,140.91743119266056
1,12,10,0,ecg_only,2050.4169921875,57.40619849221915,10,0.4162326388888889,0.0448458033093385,0.05991352207100768,144.15015641293013,2050.5146484375,49.16362766744617,10,0.4006076388888889,0.029526651652248177,0.05398544906673927,149.77248104008666
1,13,1,0,ecg_only,2048.943359375,62.61382381283385,11,0.377734375,0.02357058568991498,0.0445190650970801,158.84177869700102,2047.77734375,55.13689669648933,11,0.377734375,0.014621068181416329,0.02646146019909059,158.84177869700102
1,13,2,0,ecg_only,2060.8134765625,62.8695277037673,11,0.37421875,0.02542365639886403,0.04495488672300018,160.3340292275574,2060.7158203125,55.968464751078464,11,0.37421875,0.019200321449132043,0.031277114972563316,160.3340292275574
1,13,3,0,ecg_only,2058.728515625,59.89061095538374,11,0.394921875,0.038766456309103435,0.04777066752042745,151.92878338278933,2057.0234375,52.669790891540416,11,0.3796875,0.023424475547757735,0.035730267536490216,158.02469135802468
1,13,4,0,ecg_only,2043.26171875,54.6501109632533,9,0.45654296875,0.09074020955052099,0.12599873057307676,131.42245989304814,2043.1708984375,47.07850712147275,9,0.44775390625,0.0887960631417169,0.12120170878815877,134.0021810250818
1,13,5,0,ecg_only,2048.298828125,58.114267814597035,10,0.4105902777777778,0.014434278774579767,0.024705294220065465,146.1310782241015,2046.376953125,50.721517716513105,10,0.4118923611111111,0.033048871216669225,0.05446032614686987,145.6691253951528
1,13,6,0,ecg_only,2062.4462890625,57.960309745205755,10,0.4301215277777778,0.07037141735941405,0.09399382355871848,139.4954591321897,2058.2578125,50.51436539084544,10,0.4283854166666667,0.0707212271562514,0.09927371447539468,140.06079027355622
1,13,7,0,ecg_only,2066.9189453125,58.07962167210746,10,0.3980034722222222,0.02925746449019569,0.05472236611766367,150.752453653217,2062.5703125,50.5013433598785,10,0.4027777777777778,0.03643248918651617,0.05465261163919227,148.9655172413793
1,13,8,0,ecg_only,2056.646484375,58.47275029193411,10,0.4366319444444444,0.08826891540893168,0.11816809781332825,137.41550695825052,2052.8623046875,50.29147061444331,10,0.4361979166666667,0.08829238806335774,0.10502474538676439,137.55223880597015
1,13,9,0,ecg_only,2049.48046875,57.319840122380604,10,0.4127604166666667,0.02822849399567552,0.039764205217777994,145.3627760252366,2046.5625,48.92488662480476,10,0.4175347222222222,0.03357479098231548,0.0629712458795059,143.7006237006237
1,13,10,0,ecg_only,2062.9853515625,60.18465060325414,10,0.4231770833333333,0.07554327971020983,0.10357088737158478,141.7846153846154,2061.974609375,53.11802656293965,10,0.4223090277777778,0.07476372569491137,0.10371810974493557,142.0760534429599
1,14,1,0,ecg_only,2056.66015625,57.27542535831215,10,0.4118923611111111,0.03152607603703972,0.047138743695887386,145.6691253951528,2053.796875,51.84797630076197,10,0.4149305555555556,0.05132183477180191,0.09301469452961451,144.60251046025104
1,14,2,0,ecg_only,2054.8212890625,57.69271624488933,10,0.4118923611111111,0.021640539691524147,0.039257326645003476,145.6691253951528,2051.265625,52.03703749719401,10,0.4110243055555556,0.04407038635536115,0.0830824572466922,145.9767687434002
1,14,3,0,ecg_only,2046.6259765625,59.16556606701825,10,0.4344618055555556,0.054897222424269254,0.057310159184067226,138.1018981018981,2045.5078125,53.8979969905176,10,0.4157986111111111,0.03924052795936009,0.07036673255723368,144.30062630480168
1,14,4,0,ecg_only,2041.5888671875,58.720969498748794,10,0.4153645833333333,0.008235098073355153,0.013389950391408289,144.45141065830722,2039.291015625,53.28959133152558,10,0.4144965277777778,0.033976364220105776,0.06926024697850447,144.75392670157066
1,14,5,0,ecg_only,2043.376953125,52.567799377009806,10,0.4231770833333333,0.07038480079031031,0.07732747224542638,141.7846153846154,2042.193359375,47.75063107857424,10,0.4071180555555556,0.033843035919475566,0.03408189134104521,147.3773987206823
1,14,6,0,ecg_only,2048.1328125,58.512568240420315,10,0.4162326388888889,0.02401707522961271,0.03990784519863779,144.15015641293013,2048.9375,53.4113239982871,10,0.4184027777777778,0.017704928866641614,0.03297254495338698,143.40248962655602
1,14,7,0,ecg_only,2056.1787109375,58.01180422628069,10,0.4184027777777778,0.02411101460474158,0.04443091080498955,143.40248962655602,2053.7412109375,52.768828290560236,10,0.4149305555555556,0.030301232075880317,0.05196927615488309,144.60251046025104
1,14,8,0,ecg_only,2059.8095703125,56.44457550306866,10,0.4392361111111111,0.05260516936154753,0.058675073772655476,136.600790513834,2056.9345703125,51.73088619136051,10,0.4314236111111111,0.03729104431251839,0.04964166026226107,139.07444668008048
1,14,9,0,ecg_only,2062.546875,58.14080556274031,9,0.42333984375,0.011708573054962694,0.019642540074551386,141.73010380622839,2058.4052734375,52.747063857890296,9,0.4228515625,0.03963207790566997,0.07613251615926714,141.89376443418013
1,14,10,0,ecg_only,2060.9765625,54.18733273384651,9,0.4482421875,0.0589749966675166,0.06192185162529749,133.8562091503268,2055.9248046875,48.34872116046585,9,0.43310546875,0.044727735212518986,0.048811381057689084,138.53438556933483
1,15,1,1,ecg_only,2059.578125,62.517542459971786,11,0.369921875,0.019456889695956672,0.029231698334171417,162.1964097148891,2057.1318359375,56.97807625721566,11,0.36953125,0.021833107207003315,0.03617823955585887,162.3678646934461
1,15,2,1,ecg_only,2061.388671875,57.03888911675598,11,0.3921875,0.07956102095051006,0.09091302111828738,152.98804780876492,2057.5986328125,51.52477822920054,11,0.392578125,0.07836389256668612,0.0854428631068902,152.83582089552237
1,15,3,1,ecg_only,2058.888671875,57.59410869219684,10,0.4105902777777778,0.03873317971757483,0.05611624179124469,146.1310782241015,2055.9033203125,51.909226554395175,10,0.3988715277777778,0.04463105760619884,0.07893863428891101,150.42437431991294
1,15,4,1,ecg_only,2045.318359375,57.65576909389337,10,0.4110243055555556,0.011318059731254599,0.017578125,145.9767687434002,2043.4892578125,52.850059516100906,10,0.4071180555555556,0.038440260113688424,0.07218640083037628,147.3773987206823
1,15,5,1,ecg_only,2047.4423828125,58.37462025259526,10,0.4162326388888889,0.04585519391339302,0.0646599428017455,144.15015641293013,2043.9970703125,53.88747853610736,10,0.4036458333333333,0.02058774518338789,0.03837281778200879,148.6451612903226
1,15,6,1,ecg_only,2046.10546875,58.995287561531335,10,0.4079861111111111,0.02906366153260973,0.05633673867912483,147.06382978723406,2044.1962890625,54.373343598140465,10,0.4075520833333333,0.037782859709757574,0.07517628614811614,147.22044728434506
1,15,7,1,ecg_only,2043.5087890625,58.136994065761435,10,0.4240451388888889,0.06873004936394989,0.08181006266064746,141.49437052200614,2045.7421875,54.14390491056998,10,0.4097222222222222,0.035297961130811566,0.06051536478449089,146.4406779661017
1,15,8,1,ecg_only,2053.7666015625,57.80522942266445,10,0.4036458333333333,0.0369204345800985,0.06812179697888784,148.6451612903226,2055.388671875,53.05929124383951,10,0.3962673611111111,0.024227926626654277,0.04156991533943899,151.41292442497263
1,15,9,1,ecg_only,2055.21484375,57.223731131962076,10,0.4201388888888889,0.056700043998134886,0.07825916214706709,142.8099173553719,2055.927734375,51.717745952713784,10,0.4036458333333333,0.035372598195849286,0.05482683143600859,148.6451612903226
1,15,10,1,ecg_only,2065.1572265625,58.751726092690625,10,0.4114583333333333,0.02270259866427434,0.04423731114416455,145.8227848101266,2064.6630859375,52.62990591599979,10,0.4153645833333333,0.03589596029190162,0.05185905487246779,144.45141065830722
1,16,1,0,ecg_only,2054.4482421875,58.9176071349121,10,0.4140625,0.07907409609733843,0.10221768834476191,144.9056603773585,2055.7412109375,52.57500613797996,10,0.4118923611111111,0.07240592871924224,0.0742315983944527,145.6691253951528
1,16,2,0,ecg_only,2056.482421875,58.8076486076388,11,0.38515625,0.028768675999253077,0.05214839686067913,155.78093306288034,2056.466796875,52.534093013989406,11,0.38046875,0.0211226653665559,0.027529133478992152,157.700205338809
1,16,3,0,ecg_only,2065.076171875,62.98945889766365,11,0.373828125,0.02189243167062821,0.043106628534497,160.5015673981191,2064.0498046875,56.194368844267686,11,0.373828125,0.020376252118351524,0.0371721417281776,160.5015673981191
1,16,4,0,ecg_only,2063.728515625,58.22627708439833,10,0.3841145833333333,0.02870495792324037,0.049042498162069216,156.20338983050848,2059.953125,51.95607134502545,10,0.4040798611111111,0.0755233277046561,0.09293263479195561,148.48549946294307
1,16,5,0,ecg_only,2051.5986328125,59.15282476617916,10,0.4092881944444444,0.04818685774219313,0.06319800659126343,146.59597030752917,2047.3173828125,52.419300426587434,10,0.3927951388888889,0.023300460992134633,0.035237536235681086,152.75138121546962
1,16,6,0,ecg_only,2049.7822265625,58.43616673381665,10,0.4153645833333333,0.07834171331505897,0.11213046948755721,144.45141065830722,2048.509765625,52.38857131696348,10,0.4149305555555556,0.07395048781418043,0.10273883070185476,144.60251046025104
1,16,7,0,ecg_only,2056.154296875,57.906154049888045,11,0.398828125,0.043161853026030116,0.052874845063143106,150.44074436826642,2054.029296875,51.94864051222241,11,0.381640625,0.02331020116849327,0.041442266830311325,157.21596724667347
1,16,8,0,ecg_only,2043.345703125,63.462445996426624,11,0.38203125,0.03119135121512051,0.061501904576143455,157.05521472392638,2044.5859375,56.053845812496164,11,0.38203125,0.014277864751950833,0.024324924078475786,157.05521472392638
1,16,9,0,ecg_only,2033.1708984375,58.06831150926089,10,0.3910590277777778,0.03524989670876207,0.06737573558851695,153.4295227524972,2035.8779296875,51.81257295315787,10,0.3901909722222222,0.02143060224935505,0.028202205230846975,153.77085650723026
1,16,10,0,ecg_only,2038.693359375,58.07960016995726,10,0.4118923611111111,0.041344420847603675,0.054965809685430814,145.6691253951528,2037.287109375,51.73576560955474,10,0.3940972222222222,0.02514366034368097,0.034692030602210176,152.2466960352423
1,17,1,0,ecg_only,2058.341796875,57.53144835562755,10,0.4127604166666667,0.05918394884043496,0.08067139229712258,145.3627760252366,2060.337890625,52.99953097009951,10,0.3919270833333333,0.02551551815399144,0.03901364131921519,153.08970099667775
1,17,2,0,ecg_only,2060.0390625,57.63432372290052,10,0.40625,0.028047733370492208,0.05458276801750828,147.69230769230768,2057.5283203125,52.855300507232954,10,0.4019097222222222,0.02919945866589264,0.04837682061133139,149.28725701943844
1,17,3,0,ecg_only,2054.4326171875,56.744022869651914,10,0.4292534722222222,0.052905119812296,0.07051565702553006,139.77755308392315,2051.0361328125,51.718152027188296,10,0.421875,0.03324777430938465,0.0417530436063124,142.22222222222223
1,17,4,0,ecg_only,2053.4033203125,58.370536739763025,9,0.4208984375,0.027741938889339436,0.05230375604299711,142.5522041763341,2051.052734375,52.43220280477155,9,0.42138671875,0.012572649599202864,0.01958697407900027,142.3870220162225
1,17,5,0,ecg_only,2056.9560546875,54.15208457780743,9,0.4462890625,0.06172462145726751,0.07445334165573333,134.44201312910283,2054.5693359375,48.56789984807631,10,0.4053819444444444,0.03667984131735521,0.054108965535918235,148.00856531049251
1,17,6,0,ecg_only,2055.865234375,58.22935358971726,10,0.4205729166666667,0.021788021524324883,0.04131678867442613,142.6625386996904,2058.271484375,52.47618998159194,10,0.4197048611111111,0.03445535466491205,0.05930557207300381,142.95760082730092
1,17,7,0,ecg_only,2048.95703125,58.648566936341446,10,0.421875,0.027436598314720676,0.043410372599400136,142.22222222222223,2050.8427734375,52.980959936051974,10,0.4197048611111111,0.03242742334089036,0.05160095630321448,142.95760082730092
1,17,8,0,ecg_only,2045.982421875,52.91590914847369,9,0.45556640625,0.06565340426495148,0.08769509500251425,131.70418006430867,2048.2216796875,47.76685605944408,9,0.43017578125,0.02880031660753638,0.057712872651106674,139.47786606129398
1,17,9,0,ecg_only,2053.2314453125,58.64753487683708,10,0.4244791666666667,0.02899877272307303,0.05400311157304098,141.34969325153372,2054.6826171875,53.28037802242801,10,0.4305555555555556,0.026286465155775554,0.05011963836076695,139.3548387096774
1,17,10,0,ecg_only,2059.4248046875,58.908580938306244,10,0.4188368055555556,0.027360967903601537,0.03377268840974723,143.2538860103627,2056.953125,53.65632962646975,10,0.4223090277777778,0.03337219233809217,0.05940197783494355,142.0760534429599
1,18,1,1,ecg_only,2056.9501953125,63.17431906879253,8,0.48604910714285715,0.151646141185589,0.1856530671997559,123.4443168771527,2056.6123046875,57.65819851857293,8,0.48604910714285715,0.15056419921462175,0.18544747885955362,123.4443168771527
1,18,2,1,ecg_only,2054.2294921875,60.40364768495671,9,0.462890625,0.14024471149231438,0.1773614489280244,129.62025316455697,2056.6123046875,55.06151642283534,10,0.4114583333333333,0.10191245796536196,0.17125799230038233,145.8227848101266
1,18,3,1,ecg_only,2054.771484375,58.03180135157904,11,0.3921875,0.0331548362092546,0.062241762514151665,152.98804780876492,2056.9619140625,52.28325342328904,11,0.388671875,0.018425744398548053,0.030089114604925374,154.3718592964824
1,18,4,1,ecg_only,2055.73828125,60.72340482812948,10,0.4071180555555556,0.04576884141133357,0.06862393004203463,147.3773987206823,2056.4833984375,54.39489325192322,10,0.4053819444444444,0.03516964336785225,0.05747632409985219,148.00856531049251
1,18,5,1,ecg_only,2058.16015625,60.08623144573627,10,0.4040798611111111,0.031793830853841035,0.06477782793662891,148.48549946294307,2057.5615234375,54.02948887405505,10,0.4006076388888889,0.026307955660923157,0.047841596538733946,149.77248104008666
1,18,6,1,ecg_only,2059.7568359375,57.3293872693247,10,0.4249131944444444,0.04943726905449328,0.057971961248655585,141.2053115423902,2057.20703125,52.419079278794314,10,0.4227430555555556,0.047083512577502144,0.06109567312350411,141.93018480492813
1,18,7,1,ecg_only,2056.0947265625,58.15630718968371,9,0.41357421875,0.022476854075163876,0.043797805514170944,145.07674144037782,2053.7421875,53.39230487827664,9,0.4130859375,0.02198892626796426,0.037087340732842096,145.24822695035462
1,18,8,1,ecg_only,2052.0810546875,54.39143315311828,10,0.4166666666666667,0.06909634979907084,0.06434946683412332,144.0,2051.6533203125,48.58356935870166,9,0.4501953125,0.0921649452678754,0.10377063854533777,133.2754880694143
1,18,9,1,ecg_only,2051.8369140625,58.433821447125034,10,0.4184027777777778,0.024667139302747956,0.04312383235511644,143.40248962655602,2053.572265625,52.85923091858643,10,0.4192708333333333,0.02888160548544119,0.05740991584648074,143.10559006211182
1,18,10,1,ecg_only,2046.9521484375,59.36898534727932,10,0.421875,0.018958619503334682,0.038323079824899575,142.22222222222223,2047.9345703125,53.13265217141427,10,0.4175347222222222,0.03643248918651617,0.06358914295351448,143.7006237006237
2,1,1,0,ecg_only,2031.521484375,43.310690881947735,10,0.4388020833333333,0.1125078363397289,0.174129610393581,136.7359050445104,2045.5087890625,45.803673272483074,10,0.4388020833333333,0.11319890445797659,0.17275498272876874,136.7359050445104
2,1,2,0,ecg_only,2024.734375,43.58143587279307,9,0.48583984375,0.12431049917230552,0.13711676758153588,123.49748743718592,2036.259765625,45.987270045036034,9,0.48291015625,0.1232163004582121,0.12777677526403222,124.24671385237613
2,1,3,0,ecg_only,2025.6181640625,46.930859447748595,9,0.4853515625,0.14133865679905736,0.11343508643142719,123.62173038229376,2038.11328125,49.88242875611009,9,0.48486328125,0.14206131586469964,0.1193074614946759,123.74622356495469
2,1,4,0,ecg_only,2018.7138671875,47.37290936892214,10,0.4201388888888889,0.10326942865100165,0.12102284970767788,142.8099173553719,2029.5126953125,51.28858908255364,11,0.378125,0.025721996301803638,0.03036954111898594,158.67768595041323
2,1,5,0,ecg_only,2022.0458984375,44.99890236045692,10,0.4353298611111111,0.1326734248232139,0.20538945861926328,137.82652043868396,2030.7490234375,48.2471916587129,11,0.394140625,0.08615827465203574,0.09727355570635292,152.22993062438056
2,1,6,0,ecg_only,2030.169921875,43.293832033921376,10,0.3919270833333333,0.03760294030779597,0.055638357551734824,153.08970099667775,2036.396484375,46.2298417571419,10,0.3880208333333333,0.026106689655941956,0.03482920800806056,154.63087248322148
2,1,7,0,ecg_only,2033.84765625,47.54605327476547,8,0.51171875,0.1475685326185648,0.1383827311243621,117.25190839694656,2037.681640625,50.43748271804759,8,0.51171875,0.14781943694081642,0.13068921617317295,117.25190839694656
2,1,8,0,ecg_only,2041.3232421875,46.80692981333768,9,0.451171875,0.13256813456760405,0.13198105026233203,132.98701298701297,2047.0244140625,49.45006546270745,9,0.451171875,0.13202027043844677,0.13060301047397824,132.98701298701297
2,1,9,0,ecg_only,2042.6806640625,43.37640236777966,11,0.376953125,0.025027450749439604,0.03125,159.17098445595855,2047.8642578125,45.93637468685391,11,0.373046875,0.019706247274420996,0.027312730421097695,160.83769633507853
2,1,10,0,ecg_only,2039.974609375,43.77128209872498,10,0.3988715277777778,0.041234923182338956,0.06187122680256702,150.42437431991294,2045.634765625,46.35527927163548,10,0.3949652777777778,0.026329428625178997,0.03884215195576434,151.9120879120879
2,2,1,1,ecg_only,2058.177734375,56.04206055381032,11,0.38125,0.01985666410490443,0.018042195912175804,157.37704918032787,2066.7783203125,57.867226451409,11,0.38125,0.023385358667337135,0.025648067192177357,157.37704918032787
2,2,2,1,ecg_only,2022.2333984375,44.04557762116275,10,0.3914930555555556,0.024963201119007645,0.037237648369018786,153.25942350332593,2028.3095703125,46.98411120032089,10,0.40625,0.05542655378591865,0.07258165693774236,147.69230769230768
2,2,3,1,ecg_only,2029.875,45.60382642251635,11,0.382421875,0.05621336697755371,0.06540296018163728,156.89479060265577,2034.1962890625,48.46992408614277,11,0.37890625,0.04300424670163402,0.05109743976653277,158.35051546391753
2,2,4,1,ecg_only,2035.162109375,47.59286860891595,11,0.37734375,0.0258639771206982,0.0450490726354328,159.00621118012424,2042.1669921875,50.34067965047566,11,0.37734375,0.019546868754995006,0.023938510821419578,159.00621118012424
2,2,5,1,ecg_only,2040.1416015625,45.707272437600096,11,0.38984375,0.08035489518185872,0.0963365693390308,153.90781563126254,2047.6611328125,48.018870528592565,11,0.38984375,0.07968750000000001,0.09151710099377906,153.90781563126254
2,2,6,1,ecg_only,2048.9873046875,43.76081155430668,11,0.3828125,0.030106013856246394,0.04090697414688804,156.73469387755102,2055.25,46.454026332493505,11,0.37890625,0.026435819243263485,0.039729547662480096,158.35051546391753
2,2,7,1,ecg_only,2051.6728515625,47.24908445369435,8,0.5139508928571429,0.15269186906899518,0.1325729303760371,116.74267100977198,2056.654296875,50.174691129835225,8,0.5133928571428571,0.1550576315463554,0.1467662219082755,116.86956521739131
2,2,8,1,ecg_only,2052.1044921875,46.83637804042122,9,0.44482421875,0.14063093384833122,0.12902456691338862,134.8847420417124,2059.31640625,49.96652672875073,9,0.44482421875,0.14076649646741216,0.1285760787849524,134.8847420417124
2,2,9,1,ecg_only,2049.8681640625,46.90802172441387,10,0.4379340277777778,0.13805085714674364,0.17228511085937787,137.00693756194252,2056.0546875,50.8701331507727,10,0.4379340277777778,0.1381490712783178,0.17098491115811945,137.00693756194252
2,2,10,1,ecg_only,2045.302734375,46.03472017155305,10,0.4322916666666667,0.10966912338148732,0.1632525113016307,138.79518072289156,2049.0380859375,49.36745902311425,10,0.4275173611111111,0.10883284391550951,0.16489742905629245,140.3451776649746
2,3,1,1,ecg_only,2030.1982421875,44.32802043118546,11,0.39375,0.04703099044778879,0.05193664238327898,152.38095238095238,2036.1435546875,46.62068404811534,11,0.390625,0.03791276737047165,0.04553569908866071,153.6
2,3,2,1,ecg_only,2040.7158203125,47.51135045010521,11,0.370703125,0.02171045817435977,0.03979350726545866,161.85458377239198,2045.64453125,51.44639019253706,11,0.370703125,0.024108240819077302,0.04478485292166625,161.85458377239198
2,3,3,1,ecg_only,2045.5625,43.697200282169106,11,0.37890625,0.02734375,0.026525454150342923,158.35051546391753,2053.67578125,46.85745879475485,11,0.375,0.021108212634541088,0.023328740712459526,160.0
2,3,4,1,ecg_only,2056.4033203125,43.05595048060169,10,0.4244791666666667,0.03696632699629789,0.04979511243742954,141.34969325153372,2063.4306640625,44.69896134870218,10,0.4210069444444444,0.03732134171303066,0.06340891828417158,142.51546391752578
2,3,5,1,ecg_only,2060.451171875,43.07083961555903,10,0.4071180555555556,0.07388167649636533,0.09272716773804078,147.3773987206823,2063.482421875,45.02848147711092,10,0.4071180555555556,0.07411079909198436,0.09631896879639025,147.3773987206823
2,3,6,1,ecg_only,2057.8212890625,44.2906140405427,11,0.384765625,0.0385216463346016,0.05485774591911692,155.93908629441626,2060.4794921875,46.795615794159886,11,0.375390625,0.02429737740638123,0.031059532400720215,159.83350676378774
2,3,7,1,ecg_only,2036.48046875,52.44986081754911,11,0.381640625,0.029854076256696085,0.04643894401074742,157.21596724667347,2039.5263671875,55.50986405943022,11,0.381640625,0.029802921187831993,0.04357604304864977,157.21596724667347
2,3,8,1,ecg_only,2022.2578125,45.65454883787424,11,0.390234375,0.08422385913306055,0.09587790516929737,153.75375375375376,2027.1669921875,48.817525792965114,11,0.38984375,0.08366673215987643,0.09697680302794495,153.90781563126254
2,3,9,1,ecg_only,2044.953125,47.018008414163766,10,0.3936631944444444,0.035505488430933256,0.050328510651270024,152.41455347298788,2050.564453125,49.664870496354645,10,0.3884548611111111,0.026691826148475345,0.04234274099351328,154.45810055865923
2,3,10,1,ecg_only,2044.2607421875,50.016495148592305,10,0.4105902777777778,0.1033733535620227,0.17290396892698306,146.1310782241015,2049.3642578125,52.712749101223444,10,0.4105902777777778,0.10340615025561453,0.17200811606487498,146.1310782241015
2,4,1,1,ecg_only,2048.203125,46.412759960051666,11,0.386328125,0.029463070270520437,0.0321854351414278,155.30839231547017,2049.927734375,48.275663636603106,11,0.39453125,0.04014135180832853,0.032316858453101185,152.07920792079207
2,4,2,1,ecg_only,2036.54296875,47.16932710259415,11,0.384375,0.034419360581110454,0.05721763682999956,156.09756097560975,2040.0556640625,48.586784339464636,11,0.384375,0.025085303684378626,0.02636517803556847,156.09756097560975
2,4,3,1,ecg_only,2033.568359375,44.63289074629661,11,0.396875,0.03342983264896042,0.05567072480841654,151.18110236220474,2037.322265625,46.33052167434491,10,0.3971354166666667,0.017853267188544387,0.024355398268242043,151.08196721311475
2,4,4,1,ecg_only,2036.623046875,45.258723435008115,10,0.4131944444444444,0.05249762886877974,0.07412874888417322,145.21008403361344,2038.9560546875,47.197567453175054,10,0.4066840277777778,0.03452090073810447,0.05551824376387459,147.53468516542156
2,4,5,1,ecg_only,2042.5458984375,44.52128005469334,9,0.4541015625,0.12154574791184272,0.1507977299469155,132.1290322580645,2044.5615234375,46.6103374651658,10,0.4032118055555556,0.071074616286315,0.08804240366863003,148.80516684607105
2,4,6,1,ecg_only,2052.0576171875,45.49591757726406,10,0.4227430555555556,0.10934054792493356,0.1548398279334265,141.93018480492813,2053.87890625,48.271095052357275,11,0.37734375,0.027299070640087734,0.035706534377088775,159.00621118012424
2,4,7,1,ecg_only,2054.37109375,47.72918583061847,10,0.4123263888888889,0.10437984552033389,0.17286535520535465,145.5157894736842,2057.3486328125,50.29254784980125,10,0.4123263888888889,0.10246181549837853,0.16738292645124475,145.5157894736842
2,4,8,1,ecg_only,2062.5498046875,46.99673214164048,10,0.4140625,0.10348081503284129,0.171018373093498,144.9056603773585,2066.458984375,48.83442486702906,10,0.4114583333333333,0.10449168045697334,0.17196375549261828,145.8227848101266
2,4,9,1,ecg_only,2070.8212890625,45.555129461053205,10,0.4058159722222222,0.03951321762757306,0.04697661512033474,147.85026737967914,2071.9482421875,47.989238873849054,10,0.3897569444444444,0.031346302231367695,0.0528247200636661,153.9420935412027
2,4,10,1,ecg_only,2057.0517578125,48.269084802711404,11,0.3765625,0.0211226653665559,0.0369204345800985,159.33609958506224,2058.8955078125,50.46206243749111,11,0.3765625,0.01808724516060973,0.02725058533392754,159.33609958506224
2,5,1,0,ecg_only,2063.302734375,44.708366548087994,11,0.36796875,0.019515618744994995,0.02376079113397742,163.05732484076432,2062.2744140625,48.72178560187221,10,0.4088541666666667,0.10496116283237815,0.1723902521833864,146.7515923566879
2,5,2,0,ecg_only,2052.03125,47.59303183962438,9,0.45751953125,0.13939125547853365,0.12882167138712808,131.1419423692636,2052.6767578125,51.64124675151366,9,0.45751953125,0.13954169188383703,0.13583098248769104,131.1419423692636
2,5,3,0,ecg_only,2039.853515625,46.96532991689594,8,0.5457589285714286,0.1661710050931674,0.24138286193339462,109.93865030674846,2041.6640625,50.5180432407184,7,0.6438802083333334,0.1066775030353769,0.13138014380986193,93.18503538928209
2,5,4,0,ecg_only,2039.5185546875,43.332648265754216,8,0.5619419642857143,0.14163557660175363,0.20235983687661235,106.77259185700099,2041.390625,45.83519379510002,8,0.5552455357142857,0.14601567234537513,0.20991021068418556,108.06030150753769
2,5,5,0,ecg_only,2038.24609375,44.155995491736014,11,0.387890625,0.03154402692691003,0.04205144599467485,154.68277945619334,2038.0087890625,46.55403573338063,11,0.3828125,0.024206145913796356,0.029057179172423696,156.73469387755102
2,5,6,0,ecg_only,2043.609375,48.23854047449378,11,0.387890625,0.025914075454096856,0.048177083333333336,154.68277945619334,2044.615234375,51.60347237990694,11,0.387890625,0.026496356065799406,0.04540519732854868,154.68277945619334
2,5,7,0,ecg_only,2054.6162109375,43.6223379705628,11,0.39140625,0.033136421969450776,0.05840536846876511,153.29341317365268,2056.529296875,45.96562830467038,11,0.387890625,0.03333155309373725,0.05264991307071804,154.68277945619334
2,5,8,0,ecg_only,2072.61328125,46.04811150968516,8,0.5373883928571429,0.1367563268331316,0.17936877302998214,111.65109034267911,2073.666015625,49.105631691408426,9,0.4873046875,0.1500700469178763,0.15790142915162295,123.12625250501002
2,5,9,0,ecg_only,2079.1787109375,48.6836316649479,8,0.5440848214285714,0.15674745429897477,0.22846832220529412,110.27692307692308,2079.4384765625,52.43794811361938,8,0.5446428571428571,0.15615031896912077,0.22757049474421107,110.16393442622952
2,5,10,0,ecg_only,2068.841796875,48.1999859299382,9,0.44482421875,0.14293135690769743,0.17992390310794787,134.8847420417124,2069.9775390625,51.52527523161605,9,0.44482421875,0.14281120583513382,0.17854962897071602,134.8847420417124
2,6,1,0,ecg_only,2014.6484375,50.03107859804337,8,0.5691964285714286,0.1397029900271027,0.18606356239549454,105.41176470588235,2023.884765625,55.30187400001756,8,0.5686383928571429,0.14057627415474344,0.18710624888655064,105.5152109911678
2,6,2,0,ecg_only,2022.3056640625,48.10952802375426,7,0.6067708333333334,0.10390592366281252,0.12606964221215192,98.88412017167381,2032.482421875,51.968343011727065,7,0.6061197916666666,0.10535817570419968,0.1278125955072993,98.99033297529539
2,6,3,0,ecg_only,2036.3369140625,46.53620025557512,8,0.5011160714285714,0.1425144991001363,0.13250577326258908,119.73273942093542,2043.515625,50.7888527962522,8,0.5011160714285714,0.14062057107538117,0.12740803911445142,119.73273942093542
2,6,4,0,ecg_only,2041.7255859375,43.56709410908424,10,0.3988715277777778,0.07444556999304597,0.09410536489567657,150.42437431991294,2047.4775390625,47.184742090333465,10,0.3984375,0.0704810864725227,0.08418852368067307,150.58823529411765
2,6,5,0,ecg_only,2057.02734375,47.28635376426624,11,0.38984375,0.05190464138085341,0.06714256814767572,153.90781563126254,2061.2080078125,50.380938452081644,11,0.3796875,0.037540668052293634,0.05467199681046098,158.02469135802468
2,6,6,0,ecg_only,2098.619140625,58.87889338940971,10,0.4422743055555556,0.11487560053208873,0.12407340897803078,135.66241413150146,2102.513671875,62.47946388078113,10,0.4292534722222222,0.11730960716521122,0.15091603633946282,139.77755308392315
2,6,7,0,ecg_only,2075.060546875,74.04659801655933,7,0.6015625,0.076380257166992,0.10175762505980818,99.74025974025975,2078.109375,76.82271945596156,7,0.599609375,0.08058465307891421,0.10680576156333983,100.06514657980456
2,6,8,0,ecg_only,2034.9814453125,48.557700127385274,8,0.52734375,0.10628200017062088,0.15603011872461917,113.77777777777777,2038.375,50.20378393980876,8,0.52734375,0.10724163043849688,0.16080597376315553,113.77777777777777
2,6,9,0,ecg_only,2039.734375,42.72166172867548,9,0.4677734375,0.07966619468559794,0.08977093322456288,128.26722338204593,2040.8994140625,43.435303897367604,9,0.470703125,0.09891763486016093,0.14430484197106708,127.4688796680498
2,6,10,0,ecg_only,2034.490234375,42.586033122757144,9,0.455078125,0.06436428536439094,0.11118362724625389,131.84549356223175,2034.8173828125,43.07999067171823,9,0.451171875,0.09102484529477378,0.16081501059891323,132.98701298701297
2,7,1,0,ecg_only,2080.3671875,42.72196103399098,9,0.45556640625,0.13639662805903238,0.21075657750337828,131.70418006430867,2080.7763671875,44.66557359899986,10,0.4040798611111111,0.09277032818457508,0.10070438262888097,148.48549946294307
2,7,2,0,ecg_only,2069.05078125,45.081473114125814,11,0.383203125,0.02025608150385027,0.025878394419728893,156.57492354740063,2070.642578125,47.36996163422841,11,0.380078125,0.02549856862557436,0.03919249203982399,157.8622816032888
2,7,3,0,ecg_only,2045.53515625,48.069476232720554,11,0.366015625,0.016110617677579125,0.02718829820028789,163.9274279615795,2046.974609375,50.71089684122301,11,0.366015625,0.010488844986013714,0.019789953324961803,163.9274279615795
2,7,4,0,ecg_only,2031.3837890625,48.01096646879758,10,0.40234375,0.10468620438667593,0.17210788554734535,149.126213592233,2035.744140625,51.16630899923528,10,0.4019097222222222,0.10446643787164137,0.16648600641504754,149.28725701943844
2,7,5,0,ecg_only,2023.8603515625,45.69875278523916,11,0.391015625,0.06177435193217833,0.0684925538012365,153.44655344655345,2027.1259765625,47.85574789372956,11,0.394140625,0.0639826579439939,0.0788163851584456,152.22993062438056
2,7,6,0,ecg_only,2024.8994140625,44.74317597725577,9,0.47509765625,0.13717748792257797,0.18779622247919514,126.28982528263104,2026.810546875,46.52218521187959,9,0.46630859375,0.1404884523146463,0.256375357240557,128.67015706806282
2,7,7,0,ecg_only,2040.001953125,47.758936460209235,10,0.3958333333333333,0.10673907047874581,0.12396575307144435,151.57894736842107,2041.4267578125,50.13912779039909,10,0.3958333333333333,0.10773510204915418,0.1694947937472472,151.57894736842107
2,7,8,0,ecg_only,2054.4775390625,46.25653969176992,8,0.48939732142857145,0.15040278947954072,0.13143626725626537,122.59977194982896,2055.3271484375,48.262682567252114,8,0.48995535714285715,0.1501147188339196,0.1351566263241389,122.46013667425967
2,7,9,0,ecg_only,2059.515625,46.3725545809089,6,0.66015625,0.00855816496101822,0.012657696676577852,90.88757396449704,2060.6689453125,47.428819739230114,6,0.66015625,0.00855816496101822,0.012657696676577852,90.88757396449704
2,7,10,0,ecg_only,2057.806640625,47.89810264668215,7,0.6022135416666666,0.10382634837749287,0.12451076133210334,99.63243243243244,2059.505859375,48.47141922094632,7,0.6022135416666666,0.10382634837749287,0.12451076133210334,99.63243243243244
2,8,1,1,ecg_only,2049.5830078125,45.453905913882295,8,0.5396205357142857,0.14475622830459467,0.12991829676621927,111.18924508790073,2052.091796875,48.008314008708325,8,0.5373883928571429,0.14682597287464755,0.1302311177982004,111.65109034267911
2,8,2,1,ecg_only,2067.759765625,48.58229268411556,10,0.4088541666666667,0.09578944873827877,0.11839385584792424,146.7515923566879,2069.4033203125,50.46690620384833,10,0.4088541666666667,0.09411099478954507,0.11360910262053031,146.7515923566879
2,8,3,1,ecg_only,2080.4287109375,45.07793593871139,11,0.368359375,0.0187377889925179,0.021631832976349154,162.88441145281018,2080.9873046875,47.60453992679207,11,0.36796875,0.015209314323384206,0.011790866065283094,163.05732484076432
2,8,4,1,ecg_only,2080.466796875,45.9412718593259,9,0.49169921875,0.14671125008911198,0.13207185818881487,122.025819265144,2080.1376953125,48.02241079369522,9,0.4755859375,0.15543918040877708,0.12752917044196624,126.16016427104722
2,8,5,1,ecg_only,2068.4716796875,51.3722168755632,7,0.6223958333333334,0.07461744157236669,0.09826373552206327,96.40167364016736,2066.5576171875,53.74217421759846,7,0.6145833333333334,0.0919606436615082,0.11915023014560232,97.62711864406779
2,8,6,1,ecg_only,2051.75,48.01820536916181,8,0.5368303571428571,0.13669255397723346,0.15364859195969846,111.76715176715177,2051.662109375,50.01270434150244,8,0.52734375,0.14571038077969697,0.17417524447452462,113.77777777777777
2,8,7,1,ecg_only,2034.5537109375,45.671584158097616,10,0.4175347222222222,0.09444268916873787,0.14541930508702133,143.7006237006237,2036.333984375,46.89711746272105,10,0.4097222222222222,0.09415502145504837,0.15408039600357076,146.4406779661017
2,8,8,1,ecg_only,2022.9033203125,41.95753792795193,10,0.3880208333333333,0.06352245269609619,0.07172251573038492,154.63087248322148,2024.7109375,43.93550446104032,10,0.3702256944444444,0.01538198363426159,0.02231183527108567,162.06330597889803
2,8,9,1,ecg_only,2029.84375,44.6619572979902,11,0.38046875,0.02568637847308375,0.047091513854232096,157.700205338809,2034.1064453125,46.37356169287568,11,0.380078125,0.025617972550108743,0.047037478823407405,157.8622816032888
2,8,10,1,ecg_only,2036.2578125,42.09654474644972,11,0.387890625,0.04119380938491395,0.04906625958702284,154.68277945619334,2041.341796875,43.45786810114183,11,0.373828125,0.021752587175509142,0.03696632699629789,160.5015673981191
2,9,1,0,ecg_only,2092.2197265625,66.2820792139567,8,0.5,0.150145832197698,0.13765490504923747,120.0,2093.1259765625,69.49598648640223,8,0.5,0.14991336318705406,0.13543857495054878,120.0
2,9,2,0,ecg_only,2092.5478515625,70.78706278058841,8,0.5535714285714286,0.14521157277896732,0.1584159769240201,108.38709677419354,2095.4609375,72.99581562748028,9,0.48779296875,0.14626855846585318,0.2249306223643907,123.003003003003
2,9,3,0,ecg_only,2056.091796875,57.3190714189766,9,0.47412109375,0.09633753177597257,0.16243345134568626,126.54994850669414,2058.802734375,58.30019089289668,9,0.478515625,0.10188126059175763,0.1676309934710709,125.38775510204081
2,9,4,0,ecg_only,2055.2646484375,48.62876833359065,9,0.4375,0.049487732262968466,0.0716636060566011,137.14285714285714,2055.29296875,49.01345189013444,8,0.47488839285714285,0.07845513791650265,0.13569182781367736,126.34547591069331
2,9,5,0,ecg_only,2057.0205078125,50.82918477353465,10,0.4110243055555556,0.1016922544833852,0.12193351710162977,145.9767687434002,2054.654296875,52.54432300424438,10,0.4092881944444444,0.10205838106799037,0.12092825132190342,146.59597030752917
2,9,6,0,ecg_only,2045.45703125,53.17703434577302,8,0.5424107142857143,0.1644000111917482,0.13965412830770674,110.61728395061728,2046.03515625,55.13543989838193,8,0.5424107142857143,0.1644000111917482,0.13806074992760584,110.61728395061728
2,9,7,0,ecg_only,2034.740234375,53.1164414277262,9,0.48779296875,0.1527618149403896,0.15747289307551135,123.003003003003,2038.87890625,54.48016934563173,9,0.48388671875,0.15435171963370486,0.16290246777350068,123.99596367305752
2,9,8,0,ecg_only,2024.7060546875,49.8227769595971,11,0.378515625,0.03707646567083525,0.04978659972475302,158.51393188854487,2028.80859375,51.037598008942986,11,0.375390625,0.032374777539052296,0.03149319432929121,159.83350676378774
2,9,9,0,ecg_only,2035.689453125,48.63995237341858,10,0.4205729166666667,0.04533045621231565,0.05859375,142.6625386996904,2039.57421875,49.66222194437285,10,0.4157986111111111,0.039968279282018536,0.05498315726663768,144.30062630480168
2,9,10,0,ecg_only,2054.919921875,50.318841153129675,9,0.42529296875,0.053717595468023425,0.07123648838050423,141.0792192881745,2058.4345703125,51.59576215234148,9,0.42529296875,0.031398420733931204,0.02673917087212263,141.0792192881745
2,10,1,1,ecg_only,2033.5,43.08947812401538,9,0.45458984375,0.037054724355281586,0.05492613749716198,131.98711063372718,2040.7568359375,41.47493656928493,9,0.4599609375,0.04405368581499985,0.07321334997768753,130.44585987261146
2,10,2,1,ecg_only,2021.2451171875,47.65090621254639,9,0.48291015625,0.08052792641676178,0.09695057535930357,124.24671385237613,2027.2802734375,46.69474259338766,9,0.4833984375,0.08810195946305888,0.10039681314307598,124.12121212121212
2,10,3,1,ecg_only,2011.08984375,47.85898204596067,9,0.4189453125,0.031599003295631714,0.052407843222651324,143.21678321678323,2019.3837890625,47.77412850479855,9,0.4189453125,0.020646850109244115,0.02434980382731186,143.21678321678323
2,10,4,1,ecg_only,2016.3193359375,45.3856368510074,10,0.4340277777777778,0.03197108829983142,0.04817928274821879,138.24,2028.267578125,44.517143419103405,10,0.4405381944444444,0.053584416254321164,0.07969611626212174,136.19704433497537
2,10,5,1,ecg_only,2025.0947265625,43.36905366665103,10,0.4318576388888889,0.0518912836539196,0.07866027564688385,138.93467336683418,2037.333984375,41.384107019630804,10,0.4353298611111111,0.05416138017293923,0.10291504728662283,137.82652043868396
2,10,6,1,ecg_only,2041.6103515625,43.61753977080383,9,0.46337890625,0.10599077803604671,0.1753901900050285,129.4836670179136,2052.794921875,41.298420132768356,9,0.4609375,0.10736859474128713,0.18129978341860734,130.16949152542372
2,10,7,1,ecg_only,2039.794921875,47.76575465710394,9,0.458984375,0.09918721816870799,0.18420419979192154,130.72340425531914,2046.73046875,47.552927023793956,9,0.458984375,0.1065303917444894,0.1991968650444248,130.72340425531914
2,10,8,1,ecg_only,2045.49609375,48.7979730341457,10,0.4205729166666667,0.0455915140625302,0.08718247703385017,142.6625386996904,2050.060546875,47.84480369199907,10,0.4140625,0.03673629161371324,0.06743233008450027,144.9056603773585
2,10,9,1,ecg_only,2036.873046875,49.21936999702508,9,0.48046875,0.05878873805973598,0.08827729921627442,124.8780487804878,2043.6328125,47.004258632488224,9,0.47802734375,0.08111790409412722,0.14979699339409558,125.51583248212462
2,10,10,1,ecg_only,2019.125,47.49644312340662,10,0.4314236111111111,0.05500007124188708,0.09592210279538027,139.07444668008048,2027.748046875,48.21226864344596,10,0.4296875,0.06823214847173907,0.12192569558604381,139.63636363636363
2,11,1,0,ecg_only,2059.453125,44.68299529305723,10,0.4175347222222222,0.047644310764106225,0.07800283417076508,143.7006237006237,2063.876953125,45.663837238470805,10,0.4036458333333333,0.04913531839612815,0.06792552055577813,148.6451612903226
2,11,2,0,ecg_only,2056.427734375,46.59563263659421,10,0.4392361111111111,0.04552121736849616,0.0782957119251072,136.600790513834,2059.4892578125,46.48750127970321,10,0.43359375,0.056666810278617044,0.09242842921075305,138.3783783783784
2,11,3,0,ecg_only,2052.9443359375,43.760554833373014,9,0.4541015625,0.10116263682484491,0.12896542202514982,132.1290322580645,2056.56640625,41.558757871656375,9,0.44677734375,0.09366731176007134,0.10990187194253433,134.29508196721312
2,11,4,0,ecg_only,2054.5341796875,45.709497992747224,10,0.4127604166666667,0.05938413672391345,0.10052429087857634,145.3627760252366,2056.9443359375,44.82278285035018,10,0.4127604166666667,0.06192771849267768,0.10967105579192545,145.3627760252366
2,11,5,0,ecg_only,2042.06640625,46.54493675025202,10,0.4171006944444444,0.03468422400001224,0.0471993983343538,143.85015608740895,2046.533203125,45.144979898682976,10,0.4253472222222222,0.04817512821358197,0.06540782050640762,141.06122448979593
2,11,6,0,ecg_only,2027.736328125,42.58425481785884,9,0.47216796875,0.07985003482098857,0.09844547161599881,127.07342295760083,2037.9169921875,41.234655578051864,9,0.49169921875,0.09061400248128713,0.12950516980683213,122.025819265144
2,11,7,0,ecg_only,2024.9580078125,46.37734994820951,11,0.391796875,0.0373062213362681,0.05632168946323481,153.1405782652044,2031.974609375,45.32311664251657,11,0.39609375,0.04710879197400417,0.07698825780778376,151.47928994082838
2,11,8,0,ecg_only,2033.5244140625,48.63001449931464,11,0.38984375,0.030945784875528685,0.04129883210196277,153.90781563126254,2042.2841796875,50.17528166679996,11,0.390234375,0.03478317674919335,0.04332240822816179,153.75375375375376
2,11,9,0,ecg_only,2039.4052734375,45.972869159465745,9,0.43115234375,0.03896166183749929,0.0736438021710876,139.16194790486975,2049.322265625,44.70866688760629,9,0.43115234375,0.05650365645468462,0.0905686978740349,139.16194790486975
2,11,10,0,ecg_only,2042.966796875,43.55607546660386,8,0.49609375,0.0728102965638397,0.09355992015202966,120.94488188976378,2050.30859375,40.95560768866042,8,0.4927455357142857,0.10172181382341502,0.15650207531155272,121.76670441676104
2,12,1,0,ecg_only,2043.46484375,44.50983843110516,9,0.416015625,0.03627768675977873,0.062482558950406886,144.22535211267606,2048.205078125,44.84869238436776,9,0.416015625,0.036799694690267136,0.06094608456016092,144.22535211267606
2,12,2,0,ecg_only,2036.5048828125,41.32540427700789,9,0.47265625,0.09841502099487595,0.12080538822741635,126.94214876033058,2039.6513671875,41.05078003034228,9,0.46875,0.09307619185503012,0.11416297861559117,128.0
2,12,3,0,ecg_only,2046.51171875,46.3616669194055,10,0.4123263888888889,0.0319003035156475,0.06128270113178606,145.5157894736842,2049.5546875,48.08991149297682,10,0.4153645833333333,0.03746743377588062,0.0638734586944056,144.45141065830722
2,12,4,0,ecg_only,2050.0380859375,47.695378553889945,10,0.4301215277777778,0.057097339835077116,0.10818267518848616,139.4954591321897,2054.3115234375,47.651625021717656,10,0.4296875,0.06115634669696551,0.11003567203908808,139.63636363636363
2,12,5,0,ecg_only,2044.1259765625,45.29871287043596,9,0.45751953125,0.09975168870151377,0.1633167575028662,131.1419423692636,2050.4765625,43.36580681462751,9,0.46044921875,0.09978992330558713,0.17001325283163327,130.30752916224813
2,12,6,0,ecg_only,2049.705078125,43.558183672389816,10,0.4240451388888889,0.05060101264510303,0.07909553410670542,141.49437052200614,2058.119140625,42.18161376579226,10,0.4240451388888889,0.06963677792721944,0.130939516038328,141.49437052200614
2,12,7,0,ecg_only,2042.5205078125,47.22611798628622,10,0.4192708333333333,0.05799754544614606,0.0943987966687076,143.10559006211182,2046.748046875,47.417063657219465,10,0.4149305555555556,0.06987173233541923,0.1296954416807832,144.60251046025104
2,12,8,0,ecg_only,2044.16796875,47.32856717537542,10,0.40625,0.044117381109628685,0.06657836151976293,147.69230769230768,2049.09375,47.89746331683443,11,0.395703125,0.032403044230297634,0.04478485292166625,151.62882527147087
2,12,9,0,ecg_only,2042.447265625,44.21928171437991,9,0.45947265625,0.057573722350122744,0.07905418416882318,130.5844845908608,2049.474609375,43.810843181981355,9,0.45947265625,0.07388229401236993,0.11552956667308002,130.5844845908608
2,12,10,0,ecg_only,2040.4833984375,47.05527540178808,9,0.4580078125,0.04418338291352976,0.055341277068248464,131.00213219616205,2045.8271484375,48.16656489619995,9,0.4580078125,0.05786493346494355,0.08555617508971601,131.00213219616205
2,13,1,1,ecg_only,2044.529296875,52.27633831804897,7,0.609375,0.05037901594310704,0.04070754834410321,98.46153846153847,2053.833984375,56.23256480956792,7,0.6080729166666666,0.050964546330158664,0.0421802655834159,98.67237687366168
2,13,2,1,ecg_only,2054.2939453125,46.31923157113856,8,0.5262276785714286,0.08187736112034029,0.1029922401443328,114.01908801696712,2063.771484375,50.01228879594625,8,0.5262276785714286,0.09362701861363013,0.1468528352069967,114.01908801696712
2,13,3,1,ecg_only,2048.55078125,42.23642255227884,9,0.46728515625,0.030000502264268817,0.05236623317780403,128.40125391849529,2053.6015625,44.44604169730521,9,0.46728515625,0.06976614718012167,0.1292440109615128,128.40125391849529
2,13,4,1,ecg_only,2040.185546875,42.52461082105488,9,0.4677734375,0.09755365704789323,0.11380919157543283,128.26722338204593,2043.7607421875,41.98146891500651,9,0.44091796875,0.06630384740008465,0.12129160104170003,136.0797342192691
2,13,5,1,ecg_only,2037.8154296875,45.34330974341467,10,0.4314236111111111,0.07024280668105524,0.08721528735064886,139.07444668008048,2046.4296875,46.532634481376014,10,0.4292534722222222,0.06414513546436926,0.07502390162761256,139.77755308392315
2,13,6,1,ecg_only,2046.9384765625,44.30411508318542,9,0.44482421875,0.05508496397589442,0.0977900868604259,134.8847420417124,2054.7744140625,44.48853093126702,9,0.44482421875,0.06257434238236116,0.10587100868467587,134.8847420417124
2,13,7,1,ecg_only,2044.697265625,41.754913543476455,9,0.466796875,0.08368861439698652,0.09648855452919755,128.53556485355648,2049.4140625,39.758283795595275,9,0.4599609375,0.07513187258952483,0.07348082403672451,130.44585987261146
2,13,8,1,ecg_only,2051.361328125,44.818365077678635,10,0.4092881944444444,0.045990563121352794,0.08135416249866613,146.59597030752917,2058.13671875,45.743071318052074,10,0.4253472222222222,0.07660067705263994,0.10829721484490754,141.06122448979593
2,13,9,1,ecg_only,2055.751953125,46.317022764290485,10,0.4105902777777778,0.03643248918651617,0.06572780730649938,146.1310782241015,2060.3388671875,46.34137313828471,10,0.4053819444444444,0.039826631065814105,0.07625946486466656,148.00856531049251
2,13,10,1,ecg_only,2046.9697265625,47.076753957834455,10,0.4166666666666667,0.07585683158140369,0.09987709121519997,144.0,2052.2919921875,46.45639855956269,10,0.3984375,0.0403855792168511,0.07293555605405407,150.58823529411765
2,14,1,0,ecg_only,2058.525390625,45.11546968963265,10,0.4305555555555556,0.044338863851118515,0.0684708911834301,139.3548387096774,2064.1376953125,46.95249411973144,10,0.4227430555555556,0.041535347171077236,0.05954629382588338,141.93018480492813
2,14,2,0,ecg_only,2051.1845703125,45.6139553863425,10,0.4322916666666667,0.03334960540329609,0.051895821310884466,138.79518072289156,2051.2470703125,46.8316517400164,10,0.4296875,0.05198558535853419,0.09491263136576415,139.63636363636363
2,14,3,0,ecg_only,2040.6943359375,43.09821776092831,9,0.47998046875,0.08476286852877023,0.10816252380986513,125.00508646998983,2042.810546875,42.42773320616396,9,0.47509765625,0.08911768224349279,0.13168342285962492,126.28982528263104
2,14,4,0,ecg_only,2044.689453125,46.92692172424511,10,0.40625,0.04384754750125713,0.07335278108677314,147.69230769230768,2049.2734375,47.97115667313635,10,0.40234375,0.03853814736184568,0.061235997681995634,149.126213592233
2,14,5,0,ecg_only,2053.3369140625,45.768255031211204,10,0.41796875,0.0892283421823532,0.1170735122706696,143.55140186915887,2056.705078125,46.93896608056729,10,0.41796875,0.0851447016889157,0.10539638721275033,143.55140186915887
2,14,6,0,ecg_only,2050.6650390625,44.04104207563496,10,0.4105902777777778,0.07465025431781533,0.10008693730717935,146.1310782241015,2056.4228515625,45.59785049751349,10,0.4149305555555556,0.051880391657930326,0.05647200115156625,144.60251046025104
2,14,7,0,ecg_only,2052.6572265625,44.11821263444434,9,0.466796875,0.08547014252750416,0.12097668592727455,128.53556485355648,2054.82421875,44.88087922158108,10,0.4431423611111111,0.06253013355365279,0.10999232872309636,135.39666993143976
2,14,8,0,ecg_only,2061.3115234375,45.66508966470326,10,0.4331597222222222,0.09653776926706835,0.09136993469309428,138.51703406813627,2060.423828125,46.652304950778785,10,0.4270833333333333,0.08808090898587377,0.12344151743857924,140.4878048780488
2,14,9,0,ecg_only,2063.72265625,45.213828282333445,10,0.40234375,0.041257759160819946,0.07140268129074574,149.126213592233,2062.498046875,47.32141589634975,10,0.40234375,0.052472504373984076,0.07844174073446564,149.126213592233
2,14,10,0,ecg_only,2052.9091796875,43.093676959135635,9,0.44677734375,0.06765647271452228,0.08032613489038652,134.29508196721312,2053.7890625,42.62285136515498,10,0.4088541666666667,0.03862603378695657,0.06837332446958709,146.7515923566879
2,15,1,1,ecg_only,2043.798828125,45.11801537220702,10,0.4114583333333333,0.04384754750125713,0.04133986423538423,145.8227848101266,2047.00390625,46.5760255562474,10,0.4092881944444444,0.040165747573816926,0.058250950359401324,146.59597030752917
2,15,2,1,ecg_only,2057.78515625,46.38825129047317,10,0.4053819444444444,0.03804124103500075,0.053967780779875386,148.00856531049251,2056.4765625,47.23196825968185,10,0.4079861111111111,0.03683359289805056,0.04597110271851492,147.06382978723406
2,15,3,1,ecg_only,2064.5712890625,41.82086981692954,10,0.4348958333333333,0.07287014885225636,0.07297477223542737,137.96407185628743,2064.4853515625,41.008785504429156,10,0.4149305555555556,0.038660157884797486,0.05173016655526964,144.60251046025104
2,15,4,1,ecg_only,2064.34765625,45.016948136305686,10,0.4348958333333333,0.06958536049941347,0.11018291177787762,137.96407185628743,2068.546875,45.385714020045725,10,0.4361979166666667,0.06595794344746843,0.10520619808837756,137.55223880597015
2,15,5,1,ecg_only,2060.884765625,45.9990276980266,10,0.4318576388888889,0.06309695146779534,0.11029537424605859,138.93467336683418,2061.8955078125,46.38948370665761,10,0.4322916666666667,0.06285165826118318,0.11659191098037071,138.79518072289156
2,15,6,1,ecg_only,2045.7568359375,43.18004245657024,9,0.43505859375,0.06542057714092829,0.08597553947069356,137.9124579124579,2047.9697265625,40.97715233159183,9,0.421875,0.04605400829121717,0.063055566481364,142.22222222222223
2,15,7,1,ecg_only,2040.9716796875,44.975190412575245,9,0.4404296875,0.04474105933185667,0.07998620050487057,136.23059866962305,2047.291015625,45.78603086538519,9,0.43994140625,0.052984703159694106,0.09635290982127517,136.38179800221977
2,15,8,1,ecg_only,2041.8935546875,45.970198794522815,9,0.44677734375,0.03807028424320468,0.0644404411220852,134.29508196721312,2046.5205078125,46.177789588769045,9,0.44677734375,0.06418437994010613,0.11994523024667789,134.29508196721312
2,15,9,1,ecg_only,2040.44921875,43.47466215382988,9,0.4755859375,0.1127707719636491,0.14295411224832028,126.16016427104722,2046.4755859375,41.69370022351761,9,0.470703125,0.11470349109395331,0.1816481253251786,127.4688796680498
2,15,10,1,ecg_only,2048.6435546875,45.31817741868815,10,0.3953993055555556,0.043877610958680945,0.08147130318208676,151.74533479692644,2053.505859375,45.699190160140965,10,0.3984375,0.0320005357485534,0.04919781921019531,150.58823529411765
2,16,1,1,ecg_only,2047.7587890625,43.0587287547035,10,0.4153645833333333,0.05972575490197768,0.11216448449500961,144.45141065830722,2055.458984375,43.48839506372368,10,0.4144965277777778,0.035775053880199435,0.04270158419741298,144.75392670157066
2,16,2,1,ecg_only,2062.2265625,46.46392078870006,10,0.4075520833333333,0.05393832077397911,0.09431794115351279,147.22044728434506,2064.919921875,44.17794532477599,10,0.4140625,0.036551220957339065,0.03847210078826603,144.9056603773585
2,16,3,1,ecg_only,2064.5546875,46.39263202441034,10,0.4066840277777778,0.04082169116676214,0.04956475601738094,147.53468516542156,2065.0810546875,44.81823394780449,10,0.4019097222222222,0.03726072227662284,0.06477782793662891,149.28725701943844
2,16,4,1,ecg_only,2049.326171875,40.64632923964917,9,0.47119140625,0.10660086648671188,0.1520358036867585,127.33678756476684,2055.0810546875,39.57059890025844,9,0.48486328125,0.07272440677111063,0.09512340360848376,123.74622356495469
2,16,5,1,ecg_only,2054.8232421875,44.0514503746837,10,0.4231770833333333,0.04525559165880929,0.05501783601954404,141.7846153846154,2057.15625,43.55154767270045,10,0.4231770833333333,0.04510548978043952,0.052407843222651324,141.7846153846154
2,16,6,1,ecg_only,2049.4462890625,47.26573652774484,10,0.4162326388888889,0.0567299376996337,0.06731909351411752,144.15015641293013,2052.1337890625,45.48100855905963,10,0.4001736111111111,0.03273962181535783,0.05091254061616045,149.93492407809111
2,16,7,1,ecg_only,2032.3857421875,42.796742444983856,9,0.46533203125,0.055704737742914075,0.09854506240688463,128.9401888772298,2038.8408203125,40.244529103526446,9,0.439453125,0.06307716899201228,0.09963399118102574,136.53333333333333
2,16,8,1,ecg_only,2035.166015625,44.517462529464275,10,0.4309895833333333,0.04495488672300018,0.05402076830445051,139.21450151057402,2040.533203125,43.50279345257601,10,0.4309895833333333,0.05542655378591865,0.08323154590883795,139.21450151057402
2,16,9,1,ecg_only,2044.6220703125,44.28872269792623,10,0.4058159722222222,0.04253029313674948,0.062454206856716724,147.85026737967914,2048.9853515625,43.704896172920705,10,0.4079861111111111,0.04574413932727568,0.0662624822409663,147.06382978723406
2,16,10,1,ecg_only,2052.2666015625,43.169205352824974,10,0.4071180555555556,0.04895479326247751,0.06941154548405024,147.3773987206823,2057.3984375,43.682776898436686,10,0.39453125,0.02780489128133154,0.049468457585601325,152.07920792079207
2,17,1,0,ecg_only,2049.701171875,44.36184398502512,10,0.4118923611111111,0.056700043998134886,0.09251093619367219,145.6691253951528,2054.111328125,43.20795134201093,10,0.4027777777777778,0.038159903889467474,0.0684987418623054,148.9655172413793
2,17,2,0,ecg_only,2060.8193359375,43.308323855628736,10,0.4175347222222222,0.10904035556430246,0.17255060752777177,143.7006237006237,2060.8955078125,43.52425934688897,11,0.362109375,0.013980882943885374,0.014322916666666666,165.6957928802589
2,17,3,0,ecg_only,2058.7890625,46.49597216153345,10,0.3967013888888889,0.10517273130203152,0.11503558064552517,151.2472647702407,2059.6875,47.05957411223565,11,0.35703125,0.011744762795603835,0.01712623234110144,168.05251641137855
2,17,4,0,ecg_only,2062.197265625,44.75067815852843,11,0.368359375,0.030310587085259914,0.04281063078847291,162.88441145281018,2066.474609375,44.98707865533349,11,0.36875,0.022041774968227946,0.024079742199097563,162.71186440677965
2,17,5,0,ecg_only,2064.5615234375,42.98578212463556,10,0.44140625,0.04514306203999926,0.06163958530491992,135.92920353982302,2071.4921875,42.780370442702385,10,0.4262152777777778,0.05694867870436363,0.08330026606303173,140.77393075356414
2,17,6,0,ecg_only,2055.791015625,43.604459676230434,10,0.4144965277777778,0.03544176330311389,0.03864523229962769,144.75392670157066,2057.876953125,43.19544174553089,10,0.4162326388888889,0.051662069501272605,0.07258165693774236,144.15015641293013
2,17,7,0,ecg_only,2057.3310546875,43.600400169968445,10,0.3997395833333333,0.055579286381283975,0.0674888771217617,150.09771986970685,2060.0595703125,43.902495015265,11,0.38046875,0.024281672293625083,0.04103112306403315,157.700205338809
2,17,8,0,ecg_only,2054.7265625,43.18740319159736,10,0.3980034722222222,0.03582241368396415,0.07067776219813371,150.752453653217,2058.78515625,43.423004937338064,10,0.4123263888888889,0.05773711509831907,0.08644646865754191,145.5157894736842
2,17,9,0,ecg_only,2052.97265625,43.879687632141774,10,0.4079861111111111,0.06730929869475184,0.06923270263580508,147.06382978723406,2054.451171875,42.88690567427556,10,0.3936631944444444,0.03635484651279848,0.05305889729377392,152.41455347298788
2,17,10,0,ecg_only,2053.0908203125,43.71155178535003,10,0.4227430555555556,0.04871176335624375,0.06468943422530936,141.93018480492813,2056.978515625,42.9035929546889,10,0.4227430555555556,0.049540045393681516,0.07438560602555486,141.93018480492813
2,18,1,1,ecg_only,2062.955078125,45.04416163777662,11,0.38984375,0.04359627008844908,0.031707801202827915,153.90781563126254,2067.671875,44.52327505344115,9,0.443359375,0.10647666539405477,0.14361588755594606,135.33039647577093
2,18,2,1,ecg_only,2048.783203125,41.87858976093859,9,0.4814453125,0.07784985729442102,0.09462943174656906,124.62474645030426,2053.490234375,39.577380474932504,9,0.4736328125,0.0783626755754284,0.11220820292461434,126.68041237113403
2,18,3,1,ecg_only,2049.25,44.27949670135152,9,0.44970703125,0.10343152354512725,0.12937044397602404,133.42019543973942,2049.95703125,41.61840823105232,9,0.44921875,0.10706617245051364,0.1380752223249678,133.56521739130434
2,18,4,1,ecg_only,2050.126953125,47.09578728271832,9,0.462890625,0.13251057132799585,0.17633840274417276,129.62025316455697,2050.650390625,45.340323783415045,9,0.462890625,0.1324241795522182,0.17241316922079628,129.62025316455697
2,18,5,1,ecg_only,2038.2001953125,44.9308926814208,10,0.4314236111111111,0.04585519391339302,0.061701441402075445,139.07444668008048,2043.8681640625,41.937141416924014,10,0.421875,0.04525559165880929,0.05193256171995442,142.22222222222223
2,18,6,1,ecg_only,2032.8935546875,42.091480978434895,10,0.4192708333333333,0.04712750278868192,0.06644931967267187,143.10559006211182,2040.9306640625,38.17161695507895,10,0.4266493055555556,0.05210864546960964,0.0735734695384272,140.63072227873855
2,18,7,1,ecg_only,2042.48828125,45.28764252857393,10,0.4283854166666667,0.051263072096431064,0.09800718195542482,140.06079027355622,2047.45703125,43.196952083584826,10,0.4283854166666667,0.039451191165476865,0.07014955076589051,140.06079027355622
2,18,8,1,ecg_only,2050.3154296875,44.23204433778461,10,0.4205729166666667,0.04812426722025085,0.07629697259618988,142.6625386996904,2052.9306640625,42.54928297386774,10,0.4192708333333333,0.03897559777889522,0.057492914177871196,143.10559006211182
2,18,9,1,ecg_only,2060.08984375,45.164388695360266,10,0.4283854166666667,0.053274147253851,0.07112164631262939,140.06079027355622,2065.98046875,44.18955097537509,10,0.4223090277777778,0.05641025482944426,0.08757538953689593,142.0760534429599
2,18,10,1,ecg_only,2071.4296875,43.817168723028466,9,0.43017578125,0.0489622182183999,0.0832969949603204,139.47786606129398,2075.7578125,41.904116946785116,9,0.43017578125,0.06018153068119683,0.10677310174709934,139.47786606129398
3,1,1,1,ecg_only,2055.125,71.10026755839249,9,0.4375,0.015625,0.02653458354457308,137.14285714285714,2065.650390625,64.96744106308107,9,0.4375,0.01943334838098867,0.031423902288618494,137.14285714285714
3,1,2,1,ecg_only,2037.1884765625,63.83683289761396,9,0.45947265625,0.05914253100771917,0.07484754780850492,130.5844845908608,2067.2861328125,58.88529271665473,9,0.4541015625,0.0551995420354007,0.07512371214281195,132.1290322580645
3,1,3,1,ecg_only,1998.8330078125,77.91707609004469,10,0.4266493055555556,0.025633373368460766,0.040122340984715114,140.63072227873855,2031.2939453125,84.3661599678198,10,0.42578125,0.04207160005573831,0.06542239931423526,140.91743119266056
3,1,4,1,ecg_only,2008.7470703125,84.73263033661047,9,0.41845703125,0.02840017699065599,0.05695245902755837,143.38389731621936,1989.8955078125,78.24451994673653,9,0.41845703125,0.04061549148790041,0.06676635554872626,143.38389731621936
3,1,5,1,ecg_only,2062.2978515625,66.66351017711426,9,0.43359375,0.052042627322164955,0.06382865093112575,138.3783783783784,2026.841796875,73.2939446033657,9,0.46630859375,0.09315684548500863,0.10646642872956982,128.67015706806282
3,1,6,1,ecg_only,2065.58203125,69.42527112567889,10,0.4110243055555556,0.02370920188150636,0.03047751276235788,145.9767687434002,2060.470703125,62.96670375935297,10,0.4131944444444444,0.02370920188150636,0.034746966552064835,145.21008403361344
3,1,7,1,ecg_only,2057.9794921875,69.270575754552,10,0.4136284722222222,0.015122614053979468,0.024119314521930602,145.05771248688353,2060.1904296875,63.284605360202875,10,0.4136284722222222,0.0206243131432582,0.03687735857128751,145.05771248688353
3,1,8,1,ecg_only,2051.162109375,69.46939727715029,10,0.4231770833333333,0.05749844314015525,0.06577132125188569,141.7846153846154,2054.755859375,63.620448671046205,10,0.4231770833333333,0.0560047217906421,0.06418623720763665,141.7846153846154
3,1,9,1,ecg_only,2052.4365234375,68.8027061748011,10,0.3997395833333333,0.026493476496583082,0.04410777261967271,150.09771986970685,2056.970703125,62.78971229284392,10,0.3997395833333333,0.025648067192177357,0.04075905616154142,150.09771986970685
3,1,10,1,ecg_only,2062.3876953125,68.02483379367543,10,0.4014756944444444,0.04345049460349767,0.061577667072009554,149.44864864864866,2065.3095703125,61.994477972107475,10,0.4014756944444444,0.04274237154204923,0.06087674756058086,149.44864864864866
3,2,1,1,ecg_only,2051.1943359375,72.94264339692452,9,0.47900390625,0.03553063996528592,0.06691311288782854,125.25993883792049,2054.3251953125,65.22741699390087,9,0.47900390625,0.04035637884948021,0.0786672033210042,125.25993883792049
3,2,2,1,ecg_only,2054.357421875,73.06345689863211,9,0.46240234375,0.0206641640327137,0.038102031283731165,129.75712777191129,2054.5009765625,65.25257417563176,9,0.46240234375,0.01942721314851344,0.03376461943617376,129.75712777191129
3,2,3,1,ecg_only,2056.3662109375,68.18850015663752,8,0.4921875,0.079890759679345,0.10358316389475616,121.9047619047619,2058.78125,60.60881710557879,8,0.4888392857142857,0.07140240871305051,0.09357351008893801,122.73972602739727
3,2,4,1,ecg_only,2056.095703125,67.47294467256387,9,0.48388671875,0.0682039947279526,0.08192488852901218,123.99596367305752,2058.12109375,60.1133774529739,9,0.4814453125,0.08327163955747385,0.11665616150354456,124.62474645030426
3,2,5,1,ecg_only,2049.7314453125,65.97681845688167,9,0.4765625,0.050479874934844085,0.09021903375307944,125.90163934426229,2051.2294921875,58.73659312897179,9,0.458984375,0.060546875,0.10517900013934578,130.72340425531914
3,2,6,1,ecg_only,2048.10546875,66.23079475000866,10,0.4401041666666667,0.05106424883106139,0.06938406120442035,136.33136094674555,2051.576171875,58.88442117589727,10,0.4379340277777778,0.05180408356376139,0.06640625,137.00693756194252
3,2,7,1,ecg_only,2048.203125,73.25733051790364,9,0.4560546875,0.014185389693685498,0.018907449046983722,131.56316916488223,2052.7099609375,65.64921322951803,9,0.45556640625,0.022855526832946192,0.03427720463825048,131.70418006430867
3,2,8,1,ecg_only,2049.982421875,72.5650548887653,9,0.45556640625,0.01713164530551644,0.025444225703522318,131.70418006430867,2053.208984375,64.38775114418895,9,0.45556640625,0.02351367017155177,0.03934052841967537,131.70418006430867
3,2,9,1,ecg_only,2053.361328125,66.77988496348345,8,0.4916294642857143,0.06303580913590597,0.0894465859145604,122.04313280363223,2054.953125,58.625181153104975,8,0.48939732142857145,0.0580786242466861,0.08356697390479188,122.59977194982896
3,2,10,1,ecg_only,2053.98046875,66.72769706823601,9,0.4921875,0.06968579208949716,0.08906396850293093,121.9047619047619,2055.080078125,58.50286646284006,9,0.490234375,0.07186863083193007,0.09114450466718653,122.39043824701196
3,3,1,1,ecg_only,2051.7529296875,67.12177374703518,8,0.5184151785714286,0.04153525461144731,0.07755324636748237,115.73735199138858,2053.2412109375,55.636703657263254,8,0.5172991071428571,0.08406174132879708,0.16912303242804114,115.98705501618124
3,3,2,1,ecg_only,2053.5703125,67.18125652313556,8,0.5072544642857143,0.04061794728812019,0.0755096076426978,118.28382838283828,2055.66015625,56.43237565308221,8,0.5072544642857143,0.07655875797810797,0.14707779107534955,118.28382838283828
3,3,3,1,ecg_only,2055.1357421875,67.17872131483325,8,0.50390625,0.04091585441924857,0.08200024215538432,119.06976744186046,2056.7470703125,55.922724054141725,8,0.49832589285714285,0.052981075675972863,0.10198729272612429,120.40313549832027
3,3,4,1,ecg_only,2057.5478515625,67.69059935824151,8,0.5016741071428571,0.05375711865532275,0.09976881642963814,119.5995550611791,2058.857421875,56.00881612726939,8,0.5078125,0.05161151620433868,0.10002339407348246,118.15384615384616
3,3,5,1,ecg_only,2052.4521484375,68.46079551632428,8,0.4994419642857143,0.05847937391209408,0.11712237773878867,120.1340782122905,2055.703125,56.81892625577656,8,0.49386160714285715,0.056292500950528984,0.09883404338339304,121.49152542372882
3,3,6,1,ecg_only,2044.658203125,67.4282921416985,9,0.474609375,0.056133233840624665,0.08217727224519389,126.41975308641975,2048.9853515625,56.24743727038396,9,0.47509765625,0.07341613458735773,0.1277597144754838,126.28982528263104
3,3,7,1,ecg_only,2051.982421875,67.26891639445756,8,0.484375,0.0390625,0.07285269701417775,123.87096774193549,2054.572265625,55.93832621896586,8,0.48158482142857145,0.0583033834223615,0.10903733219039209,124.58864426419467
3,3,8,1,ecg_only,2054.2705078125,67.0256340110698,8,0.47935267857142855,0.03409958954788435,0.06604143048393624,125.16880093131549,2056.3251953125,55.47242690243711,8,0.4799107142857143,0.03975000852345564,0.07438987946398802,125.02325581395348
3,3,9,1,ecg_only,2050.1552734375,66.98274258510253,9,0.4658203125,0.05564692718714209,0.0786672033210042,128.80503144654088,2052.548828125,56.030662282487874,9,0.46630859375,0.05100377551296716,0.07196713814800673,128.67015706806282
3,3,10,1,ecg_only,2052.1123046875,67.15134263247955,9,0.4677734375,0.0542585718089418,0.06842710292843451,128.26722338204593,2053.5166015625,55.87885995627615,9,0.46875,0.05402076830445051,0.08054293996727105,128.0
3,4,1,1,ecg_only,2053.015625,72.06874532510174,9,0.49267578125,0.0468113785368735,0.08334931719849513,121.78394449950446,2055.4541015625,60.41018516325236,9,0.49267578125,0.04821638274299863,0.08602623259978609,121.78394449950446
3,4,2,1,ecg_only,2045.6689453125,66.70714018177803,9,0.46533203125,0.07440964092424843,0.0723598263917654,128.9401888772298,2048.1572265625,55.05577504445419,9,0.46533203125,0.06920342475927825,0.068443029171622,128.9401888772298
3,4,3,1,ecg_only,2047.537109375,63.88246493380861,8,0.51171875,0.09570597207864229,0.12928054875524908,117.25190839694656,2050.66796875,52.15685018167818,8,0.51171875,0.08709648667467264,0.10582982175112551,117.25190839694656
3,4,4,1,ecg_only,2053.3681640625,66.49424465629025,9,0.46923828125,0.0664475256603422,0.0793981089813947,127.86680541103017,2056.55078125,55.19628822452329,9,0.46875,0.07380642042066869,0.09267425972285169,128.0
3,4,5,1,ecg_only,2052.9794921875,69.21847890279825,8,0.5251116071428571,0.0719628109894093,0.11048543456039805,114.2614240170032,2056.5078125,57.986612287577586,8,0.5251116071428571,0.07582717746188851,0.11995431666237569,114.2614240170032
3,4,6,1,ecg_only,2046.7333984375,59.49181122889412,9,0.44921875,0.07642186541606973,0.12305794663908051,133.56521739130434,2050.5146484375,48.83312004724129,9,0.447265625,0.07539163697507337,0.09029148915259322,134.14847161572052
3,4,7,1,ecg_only,2043.4990234375,59.09607179983561,9,0.44921875,0.11194320219458671,0.16949318614820374,133.56521739130434,2046.8818359375,48.452101651443705,9,0.44873046875,0.07951491872091888,0.10827330997996625,133.71055495103374
3,4,8,1,ecg_only,2050.2236328125,66.27377070665041,9,0.47607421875,0.05752400767810416,0.09522646878438189,126.03076923076924,2053.296875,54.9455496626831,9,0.47607421875,0.0659866540304313,0.10495077834926271,126.03076923076924
3,4,9,1,ecg_only,2056.8740234375,66.66694233439989,9,0.48095703125,0.05172786205959837,0.06670102641806357,124.751269035533,2059.703125,55.2713278086783,9,0.48095703125,0.07663216049316753,0.13186538609590925,124.751269035533
3,4,10,1,ecg_only,2053.4794921875,73.49376547575056,9,0.490234375,0.03354602351038607,0.062080062433809736,122.39043824701196,2056.2158203125,61.14108064063975,9,0.490234375,0.0625,0.11086949311396807,122.39043824701196
3,5,1,1,ecg_only,2056.91015625,69.45276985549667,9,0.49462890625,0.04256457191835451,0.08085357876913542,121.30306021717671,2060.244140625,64.02984659305552,9,0.49462890625,0.052984703159694106,0.10480528754786693,121.30306021717671
3,5,2,1,ecg_only,2054.7060546875,80.72814697081037,9,0.4921875,0.05111817315743125,0.10136914974532087,121.9047619047619,2058.1396484375,75.64236003144272,9,0.49365234375,0.07649514485828267,0.1472950040560306,121.54302670623146
3,5,3,1,ecg_only,2035.4208984375,82.57603972516974,9,0.47900390625,0.055136877877914194,0.0867076891272893,125.25993883792049,2038.552734375,77.15106144173062,9,0.4931640625,0.09800231650592421,0.17935358142718794,121.66336633663366
3,5,4,1,ecg_only,2051.5751953125,76.29247158576644,9,0.47705078125,0.026811042799399113,0.04584051959355547,125.77277379733879,2055.353515625,70.8428610673149,9,0.47900390625,0.06954708990485078,0.11914291200966534,125.25993883792049
3,5,5,1,ecg_only,2063.900390625,69.02056022825671,9,0.46826171875,0.0474990001372459,0.0835060872126248,128.13347236704902,2067.474609375,63.676591771946796,9,0.46826171875,0.032997843122798735,0.04307009153227114,128.13347236704902
3,5,6,1,ecg_only,2050.263671875,67.43026496605462,8,0.48270089285714285,0.045403673229482126,0.08864691967117357,124.30057803468209,2053.103515625,61.977480059416585,8,0.4765625,0.03561824419025211,0.06733797949948392,125.90163934426229
3,5,7,1,ecg_only,2053.0234375,67.9745431259644,8,0.48046875,0.024705294220065465,0.03810679850693202,124.8780487804878,2055.400390625,62.63140748037212,9,0.4638671875,0.06447531578220338,0.10340237656260441,129.34736842105264
3,5,8,1,ecg_only,2050.888671875,67.93352757327257,9,0.4599609375,0.04331140012018884,0.05933313256031273,130.44585987261146,2053.197265625,62.59517871827824,9,0.46484375,0.048828125,0.08043461047646094,129.07563025210084
3,5,9,1,ecg_only,2051.767578125,74.07914293221825,9,0.4775390625,0.028421156661826655,0.05080270837830822,125.6441717791411,2053.73046875,68.2390645527199,9,0.4775390625,0.02036782579552169,0.034907353064806725,125.6441717791411
3,5,10,1,ecg_only,2054.68359375,74.91758156607807,9,0.48486328125,0.028866467292690337,0.05464762576939773,123.74622356495469,2056.47265625,69.12797542742256,9,0.48486328125,0.028866467292690337,0.05502526433740946,123.74622356495469
3,6,1,0,ecg_only,2059.54296875,74.10913688143671,9,0.49169921875,0.05652053203378252,0.0978792097651032,122.025819265144,2062.12890625,65.27390444832231,9,0.4912109375,0.05942605483836483,0.09969960461663971,122.14711729622266
3,6,2,0,ecg_only,2064.138671875,77.92091035217109,9,0.49462890625,0.08909627708937408,0.17476766305328667,121.30306021717671,2065.4267578125,70.48519422071539,9,0.49365234375,0.0822619871546977,0.16010860571811872,121.54302670623146
3,6,3,0,ecg_only,2046.6533203125,74.34027503905118,9,0.482421875,0.0824255775234734,0.14910417721868996,124.37246963562752,2048.16796875,67.22935549017276,9,0.48583984375,0.08151664994428837,0.1487895261860813,123.49748743718592
3,6,4,0,ecg_only,2046.2431640625,69.86477208902359,9,0.48779296875,0.04911779312966647,0.09475604175870152,123.003003003003,2048.162109375,61.753740791959615,9,0.47412109375,0.04886473237112988,0.06382865093112575,126.54994850669414
3,6,5,0,ecg_only,2052.29296875,68.78980459476915,9,0.48583984375,0.048077730025341756,0.07226939541322355,123.49748743718592,2055.1005859375,60.65521669367506,9,0.47802734375,0.047196872614039785,0.0765750263076537,125.51583248212462
3,6,6,0,ecg_only,2054.0478515625,69.15006224628772,9,0.48876953125,0.03697743299834996,0.05823925502522209,122.75724275724276,2057.2646484375,60.6195493705787,9,0.48828125,0.05313074417474783,0.09313179730106569,122.88
3,6,7,0,ecg_only,2052.83203125,69.97631511535901,9,0.48291015625,0.0343848474442544,0.05903849072661652,124.24671385237613,2055.708984375,61.51844297063285,9,0.48388671875,0.03961703555575033,0.07439476309304065,123.99596367305752
3,6,8,0,ecg_only,2041.931640625,68.97971009739639,9,0.47509765625,0.03807028424320468,0.06757764115227283,126.28982528263104,2045.5166015625,60.54601586304521,9,0.47705078125,0.04084962221528904,0.07374732800093022,125.77277379733879
3,6,9,0,ecg_only,2045.1982421875,69.08745842027042,9,0.47412109375,0.05680664985844217,0.07032799928377693,126.54994850669414,2048.111328125,60.35789506496713,9,0.47265625,0.06802372955964062,0.11390491805511674,126.94214876033058
3,6,10,0,ecg_only,2048.95703125,68.69590278856901,9,0.46630859375,0.060607879423535134,0.09593346460801062,128.67015706806282,2051.576171875,60.327977762978755,9,0.474609375,0.07117526233706484,0.11345430131873896,126.41975308641975
3,7,1,0,ecg_only,2048.7783203125,66.04525170047162,8,0.5357142857142857,0.07782947933754975,0.12397857415278793,112.0,2055.1630859375,57.525416976233124,8,0.5340401785714286,0.07250170432549873,0.11362868774383261,112.35109717868337
3,7,2,0,ecg_only,2048.529296875,67.39066029367953,9,0.4765625,0.07914374839591723,0.10040766861298316,125.90163934426229,2056.2490234375,58.85933558718681,9,0.474609375,0.08307097780522163,0.10827330997996625,126.41975308641975
3,7,3,0,ecg_only,2053.7451171875,68.02171410247901,8,0.5362723214285714,0.08075145073173988,0.13189982055621008,111.88345473465141,2058.69921875,59.1810430692519,9,0.46826171875,0.11322125128505563,0.18381327111607818,128.13347236704902
3,7,4,0,ecg_only,2054.9580078125,68.30354466071793,9,0.47802734375,0.07490781841139997,0.08492966250106404,125.51583248212462,2059.10546875,59.32080264412117,9,0.47802734375,0.07770731852859983,0.09487099514533444,125.51583248212462
3,7,5,0,ecg_only,2051.275390625,68.2884674378014,9,0.48046875,0.11240230132764187,0.18154609435347266,124.8780487804878,2054.921875,59.6461714738203,9,0.47900390625,0.0861356358487097,0.11076130374029551,125.25993883792049
3,7,6,0,ecg_only,2045.578125,66.9685658974371,9,0.4697265625,0.11183666062462688,0.16633209070206936,127.73388773388774,2048.6728515625,57.757705496430006,8,0.5368303571428571,0.11711041257062385,0.21013422475971064,111.76715176715177
3,7,7,0,ecg_only,2043.6962890625,60.10351215801738,9,0.45068359375,0.07289468343052546,0.0834930342876193,133.1310942578548,2047.083984375,52.31355264532085,9,0.45263671875,0.09398240846017719,0.13551768353326887,132.5566343042071
3,7,8,0,ecg_only,2049.6875,61.52194095402062,9,0.451171875,0.0761217783980667,0.11558615720631608,132.98701298701297,2052.61328125,54.2830297939273,9,0.44970703125,0.1026540928444159,0.16525396445428214,133.42019543973942
3,7,9,0,ecg_only,2053.224609375,68.0384221920134,9,0.48095703125,0.0922619018320297,0.15980880212493662,124.751269035533,2055.853515625,59.27906746232502,9,0.47705078125,0.09211707577210487,0.1465085545520112,125.77277379733879
3,7,10,0,ecg_only,2051.51171875,66.8201867901527,9,0.48095703125,0.04761931442004348,0.05822053760387247,124.751269035533,2054.6796875,57.834547632901426,9,0.490234375,0.05029059839681146,0.09104878975008596,122.39043824701196
3,8,1,1,ecg_only,2052.392578125,68.672372250715,8,0.5100446428571429,0.057782974741369404,0.11876113571691219,117.63676148796498,2054.81640625,60.10382849357403,8,0.5106026785714286,0.10828768947854618,0.20817050928865982,117.50819672131146
3,8,2,1,ecg_only,2051.8984375,68.62681746725251,9,0.4873046875,0.06888054677571233,0.10301163953391038,123.12625250501002,2054.271484375,60.20557658958288,9,0.4697265625,0.08090158733607206,0.1264735964204302,127.73388773388774
3,8,3,1,ecg_only,2051.7900390625,68.88661042678922,9,0.47802734375,0.07039213968525018,0.12588622782064254,125.51583248212462,2054.216796875,60.54917835210475,9,0.4765625,0.08571526663082692,0.15797733832807545,125.90163934426229
3,8,4,1,ecg_only,2046.9619140625,68.90962658002773,9,0.47705078125,0.05999106976490823,0.0865189340471825,125.77277379733879,2050.4853515625,60.642682507234774,9,0.47119140625,0.0634371121399396,0.09886528363402249,127.33678756476684
3,8,5,1,ecg_only,2043.974609375,69.3998360656649,9,0.4736328125,0.09376525754750113,0.16498333206870042,126.68041237113403,2047.712890625,60.91553762757731,9,0.46435546875,0.10760704034228237,0.20462188833919992,129.21135646687696
3,8,6,1,ecg_only,2042.931640625,69.32494826536728,9,0.47314453125,0.0958512386236021,0.1512091448843349,126.81114551083591,2046.4658203125,61.02051079759135,8,0.48995535714285715,0.11371064598025749,0.2261749109252201,122.46013667425967
3,8,7,1,ecg_only,2045.94921875,68.6638050532422,8,0.4994419642857143,0.038354554190713354,0.0782225952910187,120.1340782122905,2048.61328125,60.716609742379376,8,0.4921875,0.08757072237575018,0.17899975949631772,121.9047619047619
3,8,8,1,ecg_only,2052.0849609375,68.7479091187623,9,0.4716796875,0.05369317888238779,0.06457560737678243,127.20496894409938,2053.1103515625,60.725323967601476,9,0.47705078125,0.0921791719457307,0.14409320684905533,125.77277379733879
3,8,9,1,ecg_only,2053.9482421875,68.45761873828468,8,0.48995535714285715,0.03763329308055216,0.07500271262455557,122.46013667425967,2054.572265625,60.272530897619056,8,0.48939732142857145,0.03252922241470909,0.05105594772577514,122.59977194982896
3,8,10,1,ecg_only,2051.8154296875,68.501868389572,8,0.48828125,0.040108756308183946,0.07883789324594064,122.88,2053.4306640625,60.27843174098652,8,0.484375,0.08629188294677548,0.17005278123261588,123.87096774193549
3,9,1,0,ecg_only,2052.2021484375,68.5059386345207,9,0.47900390625,0.11920364464173913,0.15894714540840973,125.25993883792049,2055.078125,59.36412523767511,8,0.5457589285714286,0.114928264838,0.22072328908624955,109.93865030674846
3,9,2,0,ecg_only,2047.283203125,69.11489719836086,9,0.48486328125,0.08197164640788507,0.11120323116551868,123.74622356495469,2050.0048828125,60.071189664602464,9,0.484375,0.08267972847076846,0.11044596842784388,123.87096774193549
3,9,3,0,ecg_only,2048.0322265625,69.0671939618309,9,0.47509765625,0.07518738543849725,0.08744617285691483,126.28982528263104,2051.19921875,59.97748079500045,9,0.47509765625,0.0762453947083586,0.08619077935851706,126.28982528263104
3,9,4,0,ecg_only,2048.9951171875,67.93957689720067,9,0.4736328125,0.06893590587387928,0.08092095114876882,126.68041237113403,2052.4638671875,58.87707884372203,9,0.4736328125,0.0748011177346667,0.10150882853823778,126.68041237113403
3,9,5,0,ecg_only,2051.40234375,68.50583228460798,9,0.46142578125,0.0622994064915095,0.060443279750227695,130.03174603174602,2053.951171875,59.52900716406422,9,0.45947265625,0.06559527495975528,0.06968970207923735,130.5844845908608
3,9,6,0,ecg_only,2056.9091796875,69.48685066783023,9,0.45263671875,0.06278734908756967,0.0529457980720108,132.5566343042071,2058.93359375,60.90812981622372,9,0.45263671875,0.06205399641497182,0.048385268497645906,132.5566343042071
3,9,7,0,ecg_only,2055.5517578125,69.08508720595093,9,0.45068359375,0.0600069645972107,0.055439661638481214,133.1310942578548,2058.2255859375,60.283452280018786,8,0.5139508928571429,0.07685511294949472,0.07864410870073697,116.74267100977198
3,9,8,0,ecg_only,2048.8544921875,68.65343587296998,8,0.51953125,0.06239528057430649,0.08807128423482215,115.48872180451127,2052.8974609375,59.61381441036265,8,0.51953125,0.0672380934925869,0.09631896879639025,115.48872180451127
3,9,9,0,ecg_only,2046.48828125,68.74920354208402,9,0.46484375,0.06237781024480981,0.06237781024480981,129.07563025210084,2051.4169921875,60.03521870288359,9,0.46484375,0.0658292951029403,0.0666683378464272,129.07563025210084
3,9,10,0,ecg_only,2050.4736328125,68.41595899639516,8,0.5295758928571429,0.07525003495998916,0.11177837496885112,113.29820864067439,2053.076171875,59.37537877012204,8,0.5284598214285714,0.07330898845697016,0.11041635957111383,113.5374868004224
3,10,1,0,ecg_only,2036.228515625,58.2615543742967,10,0.4292534722222222,0.0398975180356993,0.0401935852094857,139.77755308392315,2044.884765625,44.79282171608324,9,0.48046875,0.09928332052452214,0.13853229582522317,124.8780487804878
3,10,2,0,ecg_only,2031.169921875,64.85541637216122,10,0.4270833333333333,0.03152010009612032,0.04410777261967271,140.4878048780488,2039.85546875,50.36310158581155,10,0.4262152777777778,0.033422957132254266,0.04399953252370629,140.77393075356414
3,10,3,0,ecg_only,2031.353515625,65.18637663329571,9,0.4560546875,0.032256141728347155,0.047337745670643964,131.56316916488223,2039.3408203125,50.20502937283363,9,0.45654296875,0.03293999018656822,0.04629006318613948,131.42245989304814
3,10,4,0,ecg_only,2033.8896484375,60.463464968277776,8,0.51171875,0.0712058819394006,0.10211189545155028,117.25190839694656,2040.2197265625,46.30534654524499,8,0.5139508928571429,0.0796409052451396,0.11473120193703483,116.74267100977198
3,10,5,0,ecg_only,2048.916015625,62.96882581682587,9,0.4931640625,0.08932744821929647,0.11392405369877212,121.66336633663366,2056.8037109375,50.92046825974249,9,0.4931640625,0.09083081256506774,0.1077890437734248,121.66336633663366
3,10,6,0,ecg_only,2057.8125,60.139713636248715,9,0.48681640625,0.056232958437414826,0.07964481524859068,123.24974924774322,2080.966796875,51.4891606377254,9,0.49169921875,0.07290776516304238,0.10939492803150362,122.025819265144
3,10,7,0,ecg_only,2051.3544921875,59.51288528525988,9,0.4619140625,0.022503356683208815,0.03592293959694438,129.89429175475686,2089.6962890625,51.7080006379955,9,0.4599609375,0.02986110322543097,0.05938821516468085,130.44585987261146
3,10,8,0,ecg_only,2048.3046875,59.8542250745705,10,0.4392361111111111,0.040010675960039974,0.048317644050206957,136.600790513834,2075.494140625,50.53798429194347,10,0.4388020833333333,0.0504966651814201,0.075442218421203,136.7359050445104
3,10,9,0,ecg_only,2043.2626953125,65.41753168769279,9,0.466796875,0.026131031563007133,0.04631360250278221,128.53556485355648,2055.4873046875,50.961591647083004,9,0.466796875,0.022439697838039174,0.04165503930027126,128.53556485355648
3,10,10,0,ecg_only,2041.5087890625,65.91806527047332,9,0.4736328125,0.028015602124572367,0.05108084699461727,126.68041237113403,2052.439453125,51.24983085046162,9,0.47314453125,0.03496243777332626,0.0642880393924762,126.81114551083591
3,11,1,0,ecg_only,2050.41796875,61.95888497321448,8,0.5055803571428571,0.06687587169229715,0.08985790196511888,118.67549668874173,2053.650390625,47.90950983531257,8,0.5055803571428571,0.08478470774691385,0.15194258077169315,118.67549668874173
3,11,2,0,ecg_only,2058.8125,61.82376350866227,9,0.48876953125,0.07747378736632046,0.10210833748379883,122.75724275724276,2064.220703125,48.42409210693181,9,0.48828125,0.08675481372856567,0.13733121743161678,122.88
3,11,3,0,ecg_only,2052.44921875,62.19292815014942,9,0.48486328125,0.09224122631663925,0.18061918783901393,123.74622356495469,2059.359375,48.88111125076204,9,0.490234375,0.11697572009522691,0.2388203795504397,122.39043824701196
3,11,4,0,ecg_only,2041.314453125,61.88240759078607,9,0.4951171875,0.06255338296379216,0.12372043184816495,121.18343195266272,2048.662109375,48.34667987489458,9,0.49462890625,0.09500176478302731,0.1931351852376612,121.30306021717671
3,11,5,0,ecg_only,2042.7666015625,61.78308528013046,9,0.4951171875,0.04474105933185667,0.08728399278335837,121.18343195266272,2048.0830078125,48.314399464761685,9,0.4951171875,0.04694615367860123,0.0949169375185577,121.18343195266272
3,11,6,0,ecg_only,2047.9248046875,61.30742851382268,9,0.47998046875,0.062207491167844575,0.11245077358024107,125.00508646998983,2048.5947265625,47.93524696794997,9,0.48876953125,0.08072900259349926,0.15564195305322795,122.75724275724276
3,11,7,0,ecg_only,2052.7275390625,61.650230821547105,9,0.48388671875,0.06914827983313711,0.1382881858631834,123.99596367305752,2052.66796875,48.495319415888204,9,0.474609375,0.07940840371193798,0.14408564270265,126.41975308641975
3,11,8,0,ecg_only,2058.072265625,61.98165249837603,9,0.47998046875,0.0391813377877142,0.06474416837190546,125.00508646998983,2061.0673828125,48.39355214534349,9,0.48046875,0.05623507831596863,0.10458667186024982,124.8780487804878
3,11,9,0,ecg_only,2057.1845703125,62.26866653652737,9,0.4794921875,0.06731200990347928,0.10498192871700757,125.13238289205702,2060.7119140625,48.60432978326226,9,0.4677734375,0.08393326024463109,0.13942631482480272,128.26722338204593
3,11,10,0,ecg_only,2048.068359375,61.8520571009635,9,0.48046875,0.06457138771412711,0.09753340487732542,124.8780487804878,2050.677734375,48.10569471088577,9,0.47119140625,0.11148114312666133,0.19242848386002953,127.33678756476684
3,12,1,0,ecg_only,2059.3095703125,67.62419756203484,9,0.4794921875,0.036317097620677835,0.06382865093112575,125.13238289205702,2060.0732421875,53.88063256189064,9,0.4794921875,0.0794264162796443,0.13779075893458115,125.13238289205702
3,12,2,0,ecg_only,2056.427734375,68.3612492767609,9,0.48876953125,0.048688765973341694,0.08835134701278308,122.75724275724276,2058.8642578125,54.41383429901841,9,0.48876953125,0.04821638274299863,0.08800525758568754,122.75724275724276
3,12,3,0,ecg_only,2049.3076171875,60.9894177919699,8,0.5362723214285714,0.08478103478970256,0.14742320674853343,111.88345473465141,2052.974609375,47.667829943958665,8,0.5329241071428571,0.08573070550503073,0.1574821211743839,112.58638743455498
3,12,4,0,ecg_only,2051.08984375,55.62743792388416,9,0.45849609375,0.06846915013985513,0.07938438059727178,130.8626198083067,2054.8173828125,43.78046763426962,9,0.45703125,0.07577017477058916,0.1101693096361881,131.28205128205127
3,12,5,0,ecg_only,2051.0283203125,57.36068532886789,10,0.4045138888888889,0.0764603713839281,0.11003567203908808,148.3261802575107,2054.98046875,45.8578136379753,9,0.455078125,0.10622558313193084,0.18292168976655984,131.84549356223175
3,12,6,0,ecg_only,2044.875,62.462817064434425,9,0.486328125,0.09311716750828294,0.18636889107430954,123.37349397590361,2050.2392578125,50.168372579361765,9,0.4853515625,0.12099526615183068,0.24444512261190648,123.62173038229376
3,12,7,0,ecg_only,2045.427734375,61.752899194527245,9,0.4794921875,0.0845897062058741,0.14762760729371677,125.13238289205702,2049.333984375,49.36971666099833,9,0.47802734375,0.11044982316368664,0.2064038252128579,125.51583248212462
3,12,8,0,ecg_only,2054.0830078125,62.05491475814437,9,0.47509765625,0.0688026226830164,0.1153407310341454,126.28982528263104,2055.4658203125,49.596997015937994,9,0.474609375,0.07741375461955631,0.12886396763260805,126.41975308641975
3,12,9,0,ecg_only,2056.5419921875,62.37030445076558,9,0.47216796875,0.05795345135368308,0.08230979494416202,127.07342295760083,2059.0419921875,49.526362084688685,9,0.47314453125,0.061249623200172305,0.09120427548131407,126.81114551083591
3,12,10,0,ecg_only,2050.888671875,62.84250922284679,9,0.47314453125,0.06986176874935307,0.10851463266413494,126.81114551083591,2055.91796875,49.82979927587531,9,0.47314453125,0.07837940754885789,0.13950446421428342,126.81114551083591
3,13,1,1,ecg_only,2063.1552734375,62.22258990790328,9,0.45458984375,0.057108035717666504,0.09189477587213152,131.98711063372718,2056.53515625,50.22913060080859,9,0.4541015625,0.07286360490281546,0.13580690822835428,132.1290322580645
3,13,2,1,ecg_only,2054.17578125,61.478308224951576,9,0.4619140625,0.05636212511917217,0.0686020882501166,129.89429175475686,2053.78125,49.769027061893624,10,0.4405381944444444,0.07645297974243327,0.11081295275393971,136.19704433497537
3,13,3,1,ecg_only,2054.904296875,61.42973168313423,10,0.4375,0.047841596538733946,0.06930154296566474,137.14285714285714,2055.7607421875,49.819835385985144,10,0.4375,0.058318217907704924,0.08701823988259946,137.14285714285714
3,13,4,1,ecg_only,2056.5458984375,61.00718645851024,9,0.458984375,0.09058373926019711,0.16737722879397304,130.72340425531914,2057.65625,48.74323871382061,9,0.458984375,0.08958863235296652,0.1783664071379824,130.72340425531914
3,13,5,1,ecg_only,2057.9833984375,68.11927095874282,9,0.478515625,0.07181553246425873,0.1319397532713457,125.38775510204081,2059.400390625,55.06425436907697,9,0.47802734375,0.07299927165046939,0.13173307412370044,125.51583248212462
3,13,6,1,ecg_only,2054.85546875,68.65869369637595,9,0.4794921875,0.03207825723761102,0.06206250337181691,125.13238289205702,2054.5107421875,56.29961251181404,9,0.4794921875,0.06793254019311985,0.13474338261067248,125.13238289205702
3,13,7,1,ecg_only,2047.94140625,61.96609837663221,8,0.5078125,0.0894181495489031,0.16504387782669466,118.15384615384616,2047.01171875,50.13803075805728,8,0.5078125,0.07361419662127971,0.11468686137424373,118.15384615384616
3,13,8,1,ecg_only,2047.0625,62.288658302495165,9,0.443359375,0.0684708911834301,0.07570181772238507,135.33039647577093,2047.7021484375,49.61518081453716,8,0.5061383928571429,0.08843413651028022,0.13311851999095892,118.54465270121278
3,13,9,1,ecg_only,2046.9921875,63.398371072053926,9,0.48486328125,0.08465028289909882,0.1297490038110326,123.74622356495469,2048.6474609375,50.8855345876597,9,0.48486328125,0.08176196266864386,0.12134550442975833,123.74622356495469
3,13,10,1,ecg_only,2051.9306640625,62.869533164644,9,0.46484375,0.03360283307438526,0.05695245902755837,129.07563025210084,2054.677734375,50.6685350266015,9,0.45947265625,0.05233272607212096,0.08387074434993706,130.5844845908608
3,14,1,0,ecg_only,2059.458984375,68.60348220639756,9,0.48974609375,0.045173273276687326,0.08760805270314767,122.5124626121635,2059.32421875,55.907537011588595,9,0.48974609375,0.08584728707774288,0.15527036651837337,122.5124626121635
3,14,2,0,ecg_only,2058.7607421875,69.2375918333867,9,0.48291015625,0.030442289942903007,0.05135747930733723,124.24671385237613,2058.9287109375,55.67145002204512,9,0.48291015625,0.08090600774499629,0.1534060376529974,124.24671385237613
3,14,3,0,ecg_only,2054.5087890625,62.78046385223974,9,0.4560546875,0.07057649009826036,0.07694420157653206,131.56316916488223,2055.2880859375,49.95738432584431,9,0.45556640625,0.07044631093250393,0.07640403608390538,131.70418006430867
3,14,4,0,ecg_only,2056.548828125,63.42830566524861,8,0.5329241071428571,0.07651400223661879,0.13710881855300192,112.58638743455498,2056.890625,50.37100393191876,8,0.5318080357142857,0.08279640414427392,0.1480343346161978,112.82266526757608
3,14,5,0,ecg_only,2051.28125,64.30568932596478,9,0.47119140625,0.06748711074403133,0.0832969949603204,127.33678756476684,2051.5830078125,51.34034476245815,9,0.47119140625,0.11476894719227855,0.1896213239914667,127.33678756476684
3,14,6,0,ecg_only,2046.7626953125,63.79209191720233,8,0.5379464285714286,0.08256665954545393,0.1326017015841834,111.53526970954356,2046.5771484375,50.834173434251795,8,0.5373883928571429,0.12073963818066313,0.23811042373913235,111.65109034267911
3,14,7,0,ecg_only,2055.169921875,63.71949663608774,9,0.46728515625,0.06574050184911903,0.08938157521392881,128.40125391849529,2057.08203125,51.46220462872751,9,0.46533203125,0.06878876026960154,0.09701800361043084,128.9401888772298
3,14,8,0,ecg_only,2067.23828125,63.47203385287806,8,0.53125,0.1149147162903398,0.1991293712901657,112.94117647058823,2068.9521484375,50.77403463425441,8,0.5295758928571429,0.13774103048110775,0.26106689655941956,113.29820864067439
3,14,9,0,ecg_only,2068.376953125,63.60302063948341,9,0.4697265625,0.1036031101422749,0.1489871753941246,127.73388773388774,2067.7490234375,50.91984451520425,9,0.47119140625,0.10645763080959848,0.16703827619526523,127.33678756476684
3,14,10,0,ecg_only,2061.3642578125,63.622399350060135,8,0.5290178571428571,0.1076647445813406,0.18387749571654924,113.41772151898735,2060.546875,50.74072180812345,8,0.5284598214285714,0.07939026448115509,0.12040927182275216,113.5374868004224
3,15,1,0,ecg_only,2058.6708984375,64.3258618041691,9,0.4658203125,0.06291821745251802,0.09356380319256556,128.80503144654088,2065.3984375,54.168875092700546,9,0.46533203125,0.06473180460724048,0.10763726377261436,128.9401888772298
3,15,2,0,ecg_only,2058.52734375,68.79329059177455,9,0.45751953125,0.055533272194952736,0.07701499393815885,131.1419423692636,2061.375,57.57878434154372,9,0.45751953125,0.05278634230518308,0.06950177445062618,131.1419423692636
3,15,3,0,ecg_only,2055.8212890625,66.22110436985567,9,0.46337890625,0.03856803747942911,0.05396525626668117,129.4836670179136,2057.5458984375,55.1258312257823,9,0.46337890625,0.049562350836934665,0.08500662641581663,129.4836670179136
3,15,4,0,ecg_only,2049.8671875,61.2017502677811,9,0.4501953125,0.08810195946305888,0.1200905303971609,133.2754880694143,2056.865234375,50.27301830481554,9,0.44970703125,0.08824662061061793,0.1188406462067933,133.42019543973942
3,15,5,0,ecg_only,2046.2685546875,64.13744965846648,9,0.49755859375,0.07892504175600114,0.1335571952912403,120.58881256133465,2055.158203125,52.88953674188535,9,0.49853515625,0.07406278586030672,0.132828911801113,120.35259549461313
3,15,6,0,ecg_only,2041.2373046875,66.14050012509574,8,0.5262276785714286,0.0718068596144639,0.14404655495182653,114.01908801696712,2046.6767578125,54.69724919203634,8,0.5279017857142857,0.08660527312967031,0.1787367282733299,113.65750528541227
3,15,7,0,ecg_only,2044.0615234375,66.22161187202512,8,0.5150669642857143,0.09261375640948548,0.1833789190780652,116.48970747562296,2048.8828125,54.85253613293413,8,0.5139508928571429,0.07688347052843966,0.15017486552141474,116.74267100977198
3,15,8,0,ecg_only,2052.10546875,65.50648978893445,8,0.515625,0.08129720469408176,0.1586405667762295,116.36363636363636,2055.125,54.58229165672691,8,0.5089285714285714,0.07579431627834662,0.14542586303895536,117.89473684210527
3,15,9,0,ecg_only,2052.001953125,65.78170276042042,9,0.490234375,0.058853590520778765,0.09599025349868116,122.39043824701196,2053.609375,54.533960802965474,9,0.48974609375,0.07969462045010645,0.13056127760489106,122.5124626121635
3,15,10,0,ecg_only,2055.185546875,65.34167071427068,9,0.48583984375,0.05770608541836401,0.1011323307646613,123.49748743718592,2057.294921875,53.91233601146074,9,0.48828125,0.06176323555016366,0.11684287122849918,122.88
3,16,1,0,ecg_only,2055.1884765625,64.92750332118807,9,0.48193359375,0.04440675700553941,0.07920569507110224,124.4984802431611,2056.1728515625,52.679051121151005,9,0.4853515625,0.053300992378887455,0.10202290903338293,123.62173038229376
3,16,2,0,ecg_only,2046.943359375,65.13677552822675,9,0.48095703125,0.055875677117462844,0.10773847419814633,124.751269035533,2048.384765625,52.66497889763954,9,0.482421875,0.044021201834315016,0.0845308992929086,124.37246963562752
3,16,3,0,ecg_only,2046.5146484375,65.05913611225773,9,0.48876953125,0.06309039687702547,0.11901477178912649,122.75724275724276,2047.1044921875,52.54354424970066,9,0.48779296875,0.05886776747288121,0.10963378187051719,123.003003003003
3,16,4,0,ecg_only,2044.267578125,65.62235622348547,9,0.49365234375,0.06748711074403133,0.11626309510057813,121.54302670623146,2044.9287109375,53.42868892909565,9,0.48681640625,0.07738757192503296,0.1200633000131374,123.24974924774322
3,16,5,0,ecg_only,2050.19140625,65.58356194979395,9,0.49365234375,0.06863608893627152,0.12541782846321559,121.54302670623146,2050.7890625,53.42136486576409,9,0.4951171875,0.06865866402717208,0.12191899103045402,121.18343195266272
3,16,6,0,ecg_only,2048.3818359375,65.56836620375205,8,0.51953125,0.07077600205237547,0.14887374218874613,115.48872180451127,2049.8408203125,53.18468204299606,8,0.51953125,0.05725783633205652,0.10868691671901184,115.48872180451127
3,16,7,0,ecg_only,2041.5556640625,65.62743170456349,8,0.5239955357142857,0.0758436027144286,0.14709508112314634,114.50479233226838,2044.396484375,52.991698820573596,8,0.5139508928571429,0.07955875078337854,0.16155543535086106,116.74267100977198
3,16,8,0,ecg_only,2053.1513671875,66.08085378089518,8,0.5133928571428571,0.07322398264399069,0.14368417310741813,116.86956521739131,2056.125,53.333909095199466,8,0.5184151785714286,0.07401918322308586,0.13498717447274544,115.73735199138858
3,16,9,0,ecg_only,2051.8203125,64.798432488968,8,0.5206473214285714,0.09042933883461897,0.17937586200431668,115.24115755627011,2054.8974609375,52.478364528185914,8,0.5329241071428571,0.08132018407119139,0.16014037014769783,112.58638743455498
3,16,10,0,ecg_only,2044.87109375,64.77651623122156,8,0.5245535714285714,0.0874141171543241,0.1780381732826793,114.38297872340426,2047.9228515625,52.38839425680168,8,0.5234375,0.07126708167733242,0.13751627507847328,114.6268656716418
3,17,1,0,ecg_only,2060.41015625,64.87859556491328,8,0.5234375,0.0770008406725908,0.11503005367597599,114.6268656716418,2070.1064453125,54.427591282666064,8,0.5234375,0.09356380319256556,0.14002694006980407,114.6268656716418
3,17,2,0,ecg_only,2059.6728515625,63.4366949246439,8,0.5172991071428571,0.08233249170316066,0.1091422374463327,115.98705501618124,2050.8359375,50.49460867628438,8,0.5167410714285714,0.11224150077477345,0.15745789626135642,116.11231101511879
3,17,3,0,ecg_only,2064.56640625,61.668559373557294,9,0.47021484375,0.045885449458906886,0.03767051078512873,127.601246105919,2050.166015625,48.85081500151513,9,0.47021484375,0.08470659441897971,0.07508017478062558,127.601246105919
3,17,4,0,ecg_only,2061.8818359375,62.55982060749402,9,0.466796875,0.08682074519880027,0.11346390754214374,128.53556485355648,2059.1640625,50.504413071989006,9,0.466796875,0.09150552168064437,0.11781824303925578,128.53556485355648
3,17,5,0,ecg_only,2050.482421875,70.76838102930942,9,0.4541015625,0.04374956403242601,0.062482558950406886,132.1290322580645,2051.744140625,57.485977950977095,9,0.4541015625,0.05746802726486132,0.0913236997507258,132.1290322580645
3,17,6,0,ecg_only,2048.8046875,68.92193654709902,9,0.4736328125,0.06273606541542587,0.12039871099548782,126.68041237113403,2043.7119140625,54.554552816929174,9,0.4736328125,0.08406949719658563,0.15349837178129586,126.68041237113403
3,17,7,0,ecg_only,2055.0380859375,61.33760885785217,9,0.470703125,0.08732456603948499,0.09359874330825135,127.4688796680498,2045.9091796875,47.994756322783196,9,0.470703125,0.09058373926019711,0.08567075077914574,127.4688796680498
3,17,8,0,ecg_only,2045.482421875,62.60926139865029,9,0.48583984375,0.0946598407899254,0.14255710155667822,123.49748743718592,2044.1826171875,49.725033490690876,9,0.48681640625,0.096159179246164,0.14974605317285733,123.24974924774322
3,17,9,0,ecg_only,2045.3310546875,68.65688845615846,10,0.4383680555555556,0.05052277225183514,0.09562337238198163,136.87128712871285,2050.1005859375,55.96471614134818,10,0.4383680555555556,0.043215742839910164,0.08145959669403408,136.87128712871285
3,17,10,0,ecg_only,2045.1396484375,68.74585946532638,9,0.46435546875,0.05382401094923237,0.08943033766993687,129.21135646687696,2045.20703125,55.80179164293494,9,0.46435546875,0.06670536666395337,0.11839960935078984,129.21135646687696
3,18,1,0,ecg_only,2041.4404296875,70.64109583045742,9,0.4599609375,0.025296550482399646,0.044635881151386655,130.44585987261146,2042.6669921875,57.82918208922995,9,0.4599609375,0.07270637341966552,0.12746933170199634,130.44585987261146
3,18,2,0,ecg_only,2050.77734375,70.43976839165029,9,0.44677734375,0.048433463636005564,0.08864691967117357,134.29508196721312,2052.5849609375,57.20268418976595,9,0.44677734375,0.04691313146323237,0.08551794908061908,134.29508196721312
3,18,3,0,ecg_only,2051.970703125,63.70746989025789,9,0.46923828125,0.05715811219266003,0.07205794845308779,127.86680541103017,2055.259765625,50.7770758125167,9,0.46484375,0.07310534090708165,0.10400145007788868,129.07563025210084
3,18,4,0,ecg_only,2041.869140625,63.666569678081245,8,0.4966517857142857,0.029560095174439794,0.04728015014418049,120.80898876404495,2046.0185546875,50.55497324483588,9,0.48291015625,0.0962979264270798,0.1726027106711444,124.24671385237613
3,18,5,0,ecg_only,2046.0576171875,65.13987054751648,8,0.5089285714285714,0.03762501747999458,0.07002255031119142,117.89473684210527,2049.8525390625,51.69782179849952,8,0.5145089285714286,0.08711436178756987,0.17040386024365028,116.61605206073752
3,18,6,0,ecg_only,2055.3466796875,64.24553067437279,8,0.5139508928571429,0.05260948102407444,0.10793556155975077,116.74267100977198,2057.3310546875,51.324971577989054,8,0.5217633928571429,0.06592383672152839,0.1348269410631953,114.9946524064171
3,18,7,0,ecg_only,2055.1171875,63.079624297112325,8,0.5189732142857143,0.060242016616375425,0.1206940648568382,115.61290322580645,2056.0322265625,50.436395748865415,8,0.5217633928571429,0.06572514225149757,0.1302311177982004,114.9946524064171
3,18,8,0,ecg_only,2058.5478515625,64.32972964716987,9,0.46630859375,0.08012426024287383,0.10169119593336064,128.67015706806282,2059.21875,51.354799480550014,9,0.46630859375,0.07239582601496891,0.08303488922881196,128.67015706806282
3,18,9,0,ecg_only,2062.33984375,64.28801567438978,8,0.5334821428571429,0.09542900206743617,0.17604869700582257,112.46861924686192,2062.970703125,51.088131582277654,8,0.5334821428571429,0.11566829891152863,0.21547610537058878,112.46861924686192
3,18,10,0,ecg_only,2052.5615234375,64.50582976942191,9,0.4765625,0.13967233733422754,0.24308589131834804,125.90163934426229,2056.580078125,50.84058488913062,9,0.4755859375,0.12129440910115857,0.19268319494982283,126.16016427104722
4,1,1,0,ecg_only,2078.427734375,72.29932256463019,9,0.46826171875,0.059190886290859515,0.09285050253128682,128.13347236704902,2085.560546875,74.7488780623223,9,0.46142578125,0.11495990717714899,0.18971901215067657,130.03174603174602
4,1,2,0,ecg_only,2067.87109375,73.7827852469918,9,0.46923828125,0.07002538765606255,0.12585159135614854,127.86680541103017,2073.3857421875,74.1864905670317,9,0.45556640625,0.12513630111527,0.19919139342983133,131.70418006430867
4,1,3,0,ecg_only,2041.462890625,76.73608249884332,9,0.4677734375,0.07003389900096484,0.10439892262204079,128.26722338204593,2050.2353515625,76.61383661718376,9,0.4921875,0.11708980302595205,0.17487364898194047,121.9047619047619
4,1,4,0,ecg_only,2047.1123046875,76.86262657637758,8,0.49720982142857145,0.05235433851934784,0.10620163957631688,120.67340067340066,2057.5283203125,77.9683503165541,8,0.48604910714285715,0.11551743652342653,0.2135019653134564,123.4443168771527
4,1,5,0,ecg_only,2071.341796875,72.20614187793335,8,0.47488839285714285,0.05503941074079444,0.08963120238737317,126.34547591069331,2079.1416015625,74.21377264740015,8,0.47488839285714285,0.09753021203323332,0.14519834786027755,126.34547591069331
4,1,6,0,ecg_only,2049.40234375,73.5703866469508,8,0.5234375,0.10663009743300167,0.19446430407634158,114.6268656716418,2037.5791015625,89.28962045539117,8,0.48270089285714285,0.11882885405541219,0.23976018155952905,124.30057803468209
4,1,7,0,ecg_only,2029.033203125,71.7799566648134,9,0.45068359375,0.07074351132026808,0.09621707388462633,133.1310942578548,1996.2216796875,84.3007467177999,9,0.4501953125,0.11187076496654172,0.19229816790459625,133.2754880694143
4,1,8,0,ecg_only,2032.9599609375,78.61236334261281,9,0.44775390625,0.03846900207288199,0.05989987693390053,134.0021810250818,2023.8154296875,90.62534545306431,9,0.4482421875,0.07122214324888604,0.13650333795303846,133.8562091503268
4,1,9,0,ecg_only,2038.0712890625,77.4099135935254,9,0.466796875,0.04487939567607835,0.0670758000058782,128.53556485355648,2056.6494140625,82.35702063159478,9,0.46630859375,0.05730807907375734,0.08759561102834189,128.67015706806282
4,1,10,0,ecg_only,2056.5546875,74.87702768474684,8,0.5161830357142857,0.07757700025003138,0.11750174879571829,116.23783783783784,2067.357421875,75.75473881367601,8,0.5094866071428571,0.0852973607334174,0.12177438087397359,117.76560788608982
4,2,1,0,ecg_only,2057.849609375,70.6625234930788,8,0.5111607142857143,0.07194982795217053,0.1433652289336138,117.37991266375545,2057.38671875,71.70080017324352,9,0.43017578125,0.12431817064733773,0.2135410995564479,139.47786606129398
4,2,2,0,ecg_only,2047.986328125,70.00320729673629,9,0.4970703125,0.08672732748964478,0.15177032649153857,120.70726915520629,2049.759765625,71.01289290910537,9,0.482421875,0.14118000287891563,0.214539150957411,124.37246963562752
4,2,3,0,ecg_only,2045.0322265625,70.23898890937404,9,0.48193359375,0.08686329934343473,0.13822511976214355,124.4984802431611,2047.8271484375,70.89182453851672,9,0.4755859375,0.13763296460796498,0.21878985606300724,126.16016427104722
4,2,4,0,ecg_only,2047.353515625,70.2982209622184,9,0.494140625,0.07372885190694091,0.11660009028593203,121.42292490118577,2049.4140625,70.6171071191046,9,0.4853515625,0.12922767100969454,0.194064090530059,123.62173038229376
4,2,5,0,ecg_only,2050.9248046875,70.52551905411599,9,0.49267578125,0.07563002136205957,0.1296565690308715,121.78394449950446,2054.5537109375,71.09468437503041,9,0.46142578125,0.13085117599081297,0.20984962529005144,130.03174603174602
4,2,6,0,ecg_only,2049.30078125,70.35320599048524,9,0.4921875,0.08903336968782408,0.16530012570146352,121.9047619047619,2054.775390625,71.17316539612146,9,0.466796875,0.14231032212458491,0.27233915248967533,128.53556485355648
4,2,7,0,ecg_only,2046.9970703125,70.7722399840109,9,0.46875,0.07061026360361414,0.11454422188282162,128.0,2052.1796875,71.07415895933869,9,0.46484375,0.10425004800845718,0.18161212093937512,129.07563025210084
4,2,8,0,ecg_only,2035.6044921875,71.02898024403667,9,0.46875,0.051674830294230284,0.08104208029105488,128.0,2043.453125,71.06183864852763,9,0.48046875,0.10487026373952187,0.13218734169190116,124.8780487804878
4,2,9,0,ecg_only,2039.5322265625,71.0142820728596,8,0.51953125,0.0668153104781061,0.12847148906510023,115.48872180451127,2045.4736328125,69.92103028879383,9,0.44189453125,0.1093477487675099,0.12663722716755724,135.77900552486187
4,2,10,0,ecg_only,2060.4267578125,69.94951099691099,9,0.48046875,0.08291009873746533,0.11881312936633488,124.8780487804878,2062.00390625,69.71620754255218,10,0.4197048611111111,0.11976493008795924,0.2052315274474135,142.95760082730092
4,3,1,1,ecg_only,2051.505859375,73.8924072979946,8,0.49441964285714285,0.051647705188243694,0.0877240899099035,121.35440180586907,2054.650390625,69.62751650414448,10,0.4171006944444444,0.11080381496972086,0.173828125,143.85015608740895
4,3,2,1,ecg_only,2053.46875,72.78354440350854,8,0.5150669642857143,0.10221349935275784,0.20967989305625692,116.48970747562296,2051.2841796875,67.43414252322567,9,0.44140625,0.14669256039551093,0.2547675980533183,135.92920353982302
4,3,3,1,ecg_only,2050.025390625,71.94777117597988,8,0.5145089285714286,0.12397941140177514,0.2504116483958838,116.61605206073752,2050.015625,66.66065056676521,9,0.439453125,0.14670556217354627,0.25779981705816474,136.53333333333333
4,3,4,1,ecg_only,2050.7314453125,72.06073249310141,9,0.484375,0.12219134624700823,0.21570444479792333,123.87096774193549,2054.310546875,67.40342661922632,10,0.4305555555555556,0.13204149391372824,0.15535019231071637,139.3548387096774
4,3,5,1,ecg_only,2044.525390625,72.57903383340923,9,0.4482421875,0.10736415352622282,0.15774950121610076,133.8562091503268,2046.7802734375,67.63111947765046,10,0.3984375,0.09621329792662066,0.10353404906795759,150.58823529411765
4,3,6,1,ecg_only,2044.876953125,71.84238727566445,8,0.5340401785714286,0.09404516142151317,0.18782523875267668,112.35109717868337,2050.666015625,68.03915015957544,8,0.49832589285714285,0.13881299633395908,0.22524536317716398,120.40313549832027
4,3,7,1,ecg_only,2055.6435546875,70.87485461749955,9,0.46630859375,0.10733194922113545,0.15592180934872568,128.67015706806282,2061.322265625,67.43638243646336,10,0.4270833333333333,0.12177090016393946,0.1710239494462097,140.4878048780488
4,3,8,1,ecg_only,2053.3798828125,71.2888958086129,9,0.47412109375,0.05520602047472063,0.06577960635883445,126.54994850669414,2054.1435546875,67.93692428358968,9,0.4677734375,0.1268742242798792,0.19720622116529346,128.26722338204593
4,3,9,1,ecg_only,2055.431640625,71.80117958289996,9,0.47119140625,0.12011222518967271,0.16627966135775596,127.33678756476684,2057.8076171875,67.671924429862,9,0.486328125,0.11544934926665351,0.2285263562040727,123.37349397590361
4,3,10,1,ecg_only,2058.33203125,71.54806834131878,9,0.46435546875,0.11905154040099854,0.2223329419619891,129.21135646687696,2062.181640625,67.24258072778996,9,0.45947265625,0.11852970771379542,0.20435005752395727,130.5844845908608
4,4,1,1,ecg_only,2047.103515625,71.82443212542917,8,0.5217633928571429,0.07419986669015474,0.13398494442298825,114.9946524064171,2051.6376953125,72.80426847892173,8,0.51171875,0.14011253349508285,0.2609889545076573,117.25190839694656
4,4,2,1,ecg_only,2051.1982421875,70.74369696992514,8,0.5284598214285714,0.1263479615900438,0.1983423841104957,113.5374868004224,2055.6552734375,71.94021030626479,8,0.5027901785714286,0.13759626369970915,0.255150197991607,119.33407325194229
4,4,3,1,ecg_only,2053.3876953125,71.1136104468207,9,0.4833984375,0.10847758934515792,0.15947426661743783,124.12121212121212,2057.6376953125,72.16787195924455,9,0.48876953125,0.10716299594349236,0.15919380894307283,122.75724275724276
4,4,4,1,ecg_only,2057.0966796875,65.57948889687633,9,0.4814453125,0.09085180905461428,0.12712685571584167,124.62474645030426,2056.43359375,63.93179871617066,10,0.4361979166666667,0.09950506861741042,0.1352459736505005,137.55223880597015
4,4,5,1,ecg_only,2058.83984375,64.40454217755597,9,0.4697265625,0.07164934643955131,0.10102450225466875,127.73388773388774,2053.71875,61.93500089559618,8,0.4888392857142857,0.11567906726782544,0.15968713052387132,122.73972602739727
4,4,6,1,ecg_only,2054.7509765625,72.00837827652471,8,0.52734375,0.08024468196943023,0.16441863627864442,113.77777777777777,2049.34765625,70.2483890660977,9,0.49169921875,0.1041482273311725,0.11780899187179311,122.025819265144
4,4,7,1,ecg_only,2050.8916015625,71.8733625341562,8,0.5005580357142857,0.09303645333199745,0.17632295005144324,119.86622073578596,2050.2744140625,70.5468032921039,9,0.47314453125,0.1263271451120585,0.16347684585122227,126.81114551083591
4,4,8,1,ecg_only,2047.515625,71.51297242185767,8,0.5345982142857143,0.08787955216531039,0.1605844124304255,112.23382045929019,2048.1962890625,71.02583669634905,9,0.4658203125,0.1250114435679759,0.13403780887342678,128.80503144654088
4,4,9,1,ecg_only,2050.5947265625,72.73491582454301,8,0.5106026785714286,0.07682269147032598,0.15343327015978991,117.50819672131146,2050.361328125,71.86716199514271,9,0.4560546875,0.11409911521682242,0.1486136173251438,131.56316916488223
4,4,10,1,ecg_only,2057.453125,72.0403380248481,9,0.48974609375,0.097869639906384,0.1604282316003628,122.5124626121635,2052.9326171875,71.78180337309783,10,0.4301215277777778,0.11292064918834502,0.18484138080952087,139.4954591321897
4,5,1,0,ecg_only,2053.28515625,74.84447895244568,9,0.4931640625,0.09108245099039644,0.12272980335556816,121.66336633663366,2053.76953125,72.55292794164322,9,0.4931640625,0.11902450155415414,0.19229816790459625,121.66336633663366
4,5,2,0,ecg_only,2059.4462890625,75.4300369515367,8,0.52734375,0.08021751261636789,0.14506692679138797,113.77777777777777,2059.708984375,72.92844361448424,9,0.4599609375,0.08894227596924785,0.11168245227021695,130.44585987261146
4,5,3,0,ecg_only,2065.5888671875,73.6174916128836,8,0.5066964285714286,0.06421049046268985,0.08489543392032832,118.41409691629956,2072.966796875,72.33994233428369,8,0.5066964285714286,0.10245389821556976,0.166394329091788,118.41409691629956
4,5,4,0,ecg_only,2068.697265625,74.66857862011432,8,0.5340401785714286,0.047416620058589286,0.07474797608220184,112.35109717868337,2083.33203125,75.18045419355369,8,0.5479910714285714,0.11200820794905693,0.1689274361327532,109.4908350305499
4,5,5,0,ecg_only,2063.9892578125,77.86196270431351,9,0.46337890625,0.05454562721803095,0.06341751202525384,129.4836670179136,2076.578125,78.23201264657823,9,0.46435546875,0.08949144367256898,0.15886483912236526,129.21135646687696
4,5,6,0,ecg_only,2045.9560546875,77.3693393429982,10,0.4301215277777778,0.03877692681283342,0.045470495026651625,139.4954591321897,2054.9033203125,75.90582819916087,9,0.45458984375,0.0786830047947476,0.12568693780065357,131.98711063372718
4,5,7,0,ecg_only,2035.3017578125,75.0364088503714,9,0.47705078125,0.07376603033127756,0.09407495764681481,125.77277379733879,2045.33203125,72.0142205288235,9,0.494140625,0.10476108071799911,0.14925030051641797,121.42292490118577
4,5,8,0,ecg_only,2032.11328125,73.89804301271042,9,0.47314453125,0.051911898439422934,0.09283876341972448,126.81114551083591,2039.107421875,70.67615807268935,9,0.48291015625,0.1174466129521022,0.20783515585417345,124.24671385237613
4,5,9,0,ecg_only,2035.5625,73.8078560139434,8,0.48604910714285715,0.03663537402270056,0.07014955076589051,123.4443168771527,2038.302734375,71.33702300978219,8,0.47265625,0.11074162158931998,0.1760775858634187,126.94214876033058
4,5,10,0,ecg_only,2043.0107421875,73.42942031241911,9,0.462890625,0.05959432149372015,0.0884746222883291,129.62025316455697,2044.9873046875,71.10251206280648,9,0.49365234375,0.13493447161585145,0.21608307321780204,121.54302670623146
4,6,1,1,ecg_only,2036.3798828125,92.94759331532617,10,0.4309895833333333,0.07516077963365526,0.11582871096236513,139.21450151057402,2056.59375,106.81194686076788,10,0.4309895833333333,0.07768975984466822,0.14762576156794457,139.21450151057402
4,6,2,1,ecg_only,2006.1875,87.74375645523162,9,0.45263671875,0.05256909501186235,0.08437603339314259,132.5566343042071,2010.43359375,100.47819981013275,9,0.4521484375,0.08200218048918254,0.15169131124177812,132.69978401727863
4,6,3,1,ecg_only,2079.6923828125,105.9550229819401,10,0.4309895833333333,0.07256705621402486,0.11922864320435574,139.21450151057402,1968.84765625,147.09071338210592,10,0.44140625,0.060989783482449836,0.11330650311196148,135.92920353982302
4,6,4,1,ecg_only,2093.0390625,94.31388976309955,9,0.4873046875,0.11331071141678241,0.14274810989804482,123.12625250501002,1957.01953125,150.76555815165568,9,0.486328125,0.12159673762713578,0.2031196342011059,123.37349397590361
4,6,5,1,ecg_only,2071.033203125,89.43315891310947,10,0.43359375,0.03746743377588062,0.07109482313750506,138.3783783783784,2079.0390625,138.2879498288665,10,0.4309895833333333,0.07074519639169856,0.13402764425232627,139.21450151057402
4,6,6,1,ecg_only,2064.79296875,91.88929581260552,9,0.44384765625,0.06982080411231059,0.11177024911920722,135.18151815181517,2108.9970703125,103.13742818676172,9,0.44384765625,0.06536224077340753,0.10417945420021818,135.18151815181517
4,6,7,1,ecg_only,2074.296875,89.63302870027529,9,0.46533203125,0.09597055865874941,0.12689516190523323,128.9401888772298,2097.9287109375,91.57155349810915,9,0.45947265625,0.09009682215633856,0.09751105277324426,130.5844845908608
4,6,8,1,ecg_only,2071.8486328125,92.57090577382857,9,0.46533203125,0.10317303088088214,0.11506636890174358,128.9401888772298,2099.513671875,93.05351602346809,9,0.48046875,0.09445939288549803,0.12153397801643785,124.8780487804878
4,6,9,1,ecg_only,2056.9931640625,86.35689114704431,10,0.4322916666666667,0.06536406457297465,0.09383134491768995,138.79518072289156,2092.71484375,91.06634308109163,10,0.4353298611111111,0.07632721231700315,0.12268983417608914,137.82652043868396
4,6,10,1,ecg_only,2101.8056640625,87.31838477365976,9,0.4658203125,0.024296592391845173,0.04374800696990991,128.80503144654088,2142.9501953125,94.27657564212652,9,0.4658203125,0.08494971190207824,0.16439432854176092,128.80503144654088
4,7,1,0,ecg_only,2074.71484375,79.92307540872089,9,0.46240234375,0.058035672365948976,0.09282702282360801,129.75712777191129,2071.443359375,82.93693902200394,9,0.458984375,0.059369859974885406,0.11095793322889794,130.72340425531914
4,7,2,0,ecg_only,2053.609375,80.84662943026366,9,0.44482421875,0.05944811685850496,0.10762713749536605,134.8847420417124,2064.453125,82.32417194912668,10,0.4348958333333333,0.05450117066785508,0.0781616125147021,137.96407185628743
4,7,3,0,ecg_only,2024.7158203125,88.8052991435067,9,0.45947265625,0.08219239891159506,0.14769403805959203,130.5844845908608,2050.2265625,92.77006309652697,9,0.458984375,0.08384799974088157,0.15361193759487504,130.72340425531914
4,7,4,0,ecg_only,2039.0419921875,92.86107311849615,9,0.44873046875,0.061249623200172305,0.11027807979291487,133.71055495103374,2054.7333984375,95.79954565155501,9,0.4482421875,0.04710838709059507,0.08545420106648188,133.8562091503268
4,7,5,0,ecg_only,1978.521484375,121.87999800386292,9,0.4697265625,0.08985967080404712,0.1441083339507556,127.73388773388774,2015.7744140625,102.09823552306035,9,0.46435546875,0.09373855520962592,0.1636301168815498,129.21135646687696
4,7,6,0,ecg_only,1937.2724609375,99.13714155325458,9,0.458984375,0.09014047468136192,0.1236234895139197,130.72340425531914,1993.7158203125,91.26008240376902,9,0.45947265625,0.07831854687458073,0.12470319114479961,130.5844845908608
4,7,7,0,ecg_only,2012.37109375,88.08294089622979,9,0.45703125,0.07202769107260068,0.09576289587602549,131.28205128205127,2039.4599609375,85.34015324715837,9,0.45751953125,0.09122238577444594,0.15462322798961536,131.1419423692636
4,7,8,0,ecg_only,2061.7001953125,82.98753294900297,9,0.462890625,0.06897048274613116,0.11436328979865623,129.62025316455697,2063.2294921875,85.58085694548387,9,0.46240234375,0.09194090886023423,0.1502546782348996,129.75712777191129
4,7,9,0,ecg_only,2034.5400390625,102.62192804475794,9,0.46484375,0.07870875656097612,0.1374977805218597,129.07563025210084,2038.1884765625,100.97685293248095,9,0.46484375,0.07252908057666853,0.1455307500796653,129.07563025210084
4,7,10,0,ecg_only,2009.2646484375,94.94533419100713,9,0.46533203125,0.10515066146170912,0.18154609435347266,128.9401888772298,2019.3955078125,95.64694815182422,9,0.4658203125,0.09543868919885737,0.16143733062321738,128.80503144654088
4,8,1,1,ecg_only,2069.486328125,86.21065570351402,9,0.451171875,0.03291464755147015,0.0529457980720108,132.98701298701297,2069.66796875,92.87389125649912,9,0.45068359375,0.049137205359701966,0.08237597634501605,133.1310942578548
4,8,2,1,ecg_only,2073.3974609375,79.19441338087341,9,0.4697265625,0.07444327674569892,0.09006184708422993,127.73388773388774,2068.0634765625,83.8136586074341,9,0.458984375,0.10738635776477558,0.12720399320491785,130.72340425531914
4,8,3,1,ecg_only,2067.6640625,79.0023142801595,9,0.44873046875,0.03844420335825137,0.06640625,133.71055495103374,2066.740234375,82.94084925382106,9,0.47265625,0.08203125,0.1009165585308689,126.94214876033058
4,8,4,1,ecg_only,2060.806640625,78.95475436699236,10,0.4357638888888889,0.04389048899377466,0.08045832001580461,137.68924302788844,2061.41796875,82.86318678399367,10,0.4366319444444444,0.042022317508540394,0.07181553246425873,137.41550695825052
4,8,5,1,ecg_only,2065.24609375,87.52648028091961,9,0.44921875,0.05513903989645744,0.10535501473334948,133.56521739130434,2065.1142578125,92.66109089291353,9,0.44921875,0.059817940746537325,0.10292696081879062,133.56521739130434
4,8,6,1,ecg_only,2071.3466796875,87.62220221500242,9,0.45849609375,0.03595752987161067,0.056914171655817476,130.8626198083067,2069.52734375,92.09024125046766,9,0.4580078125,0.07426370965537167,0.12782794396738364,131.00213219616205
4,8,7,1,ecg_only,2067.3408203125,79.78375347197628,10,0.43359375,0.049273145646938805,0.04878904686248749,138.3783783783784,2066.3486328125,82.19946762966016,10,0.4348958333333333,0.07594618005946711,0.09481209894546852,137.96407185628743
4,8,8,1,ecg_only,2071.2998046875,80.24836300876706,9,0.4658203125,0.019111704873809497,0.03149319432929121,128.80503144654088,2071.185546875,82.94555788200582,9,0.46533203125,0.06208472572489115,0.11017920226940842,128.9401888772298
4,8,9,1,ecg_only,2056.5859375,86.26143740685112,9,0.49267578125,0.0708378135909811,0.09204883260370746,121.78394449950446,2065.0302734375,85.09521357033827,9,0.49267578125,0.08654432195398833,0.11580283139426502,121.78394449950446
4,8,10,1,ecg_only,2038.1630859375,83.47270889062777,10,0.4405381944444444,0.06543607524213334,0.10571260870704326,136.19704433497537,2057.9365234375,83.89711236337942,10,0.4361979166666667,0.07918122810161861,0.11927662575772521,137.55223880597015
4,9,1,0,ecg_only,2032.33984375,86.69041617287107,9,0.4375,0.034883927928694825,0.062009796353076345,137.14285714285714,2034.2900390625,91.99177771086242,9,0.43701171875,0.059831889199739974,0.09839009984064345,137.29608938547486
4,9,2,0,ecg_only,2041.6015625,87.51180410055316,10,0.4409722222222222,0.03149020338058516,0.05770815118239905,136.06299212598427,2043.9541015625,91.8269902344672,10,0.4357638888888889,0.05056749587132022,0.08522431339559151,137.68924302788844
4,9,3,0,ecg_only,2043.884765625,79.16483250417333,9,0.47607421875,0.07116018691331612,0.08620342379185121,126.03076923076924,2047.5537109375,81.6472204028416,9,0.4794921875,0.061445883659138174,0.07795740953169786,125.13238289205702
4,9,4,0,ecg_only,2042.30859375,78.13910175464305,9,0.4521484375,0.02325367363240363,0.033989826635805936,132.69978401727863,2050.81640625,81.40243803679937,10,0.4405381944444444,0.06815203620274486,0.10734194469460814,136.19704433497537
4,9,5,0,ecg_only,2050.60546875,85.38943765971746,9,0.447265625,0.04207160005573831,0.04062178043561026,134.14847161572052,2060.056640625,89.24405133166916,9,0.46240234375,0.06745884241010605,0.12580828236579003,129.75712777191129
4,9,6,0,ecg_only,2063.205078125,88.13960945830567,9,0.4443359375,0.019111704873809497,0.023852355215583158,135.03296703296704,2063.5078125,91.26401828056248,9,0.4443359375,0.05450408696240557,0.109375,135.03296703296704
4,9,7,0,ecg_only,2057.0615234375,83.64889608613576,9,0.4677734375,0.10670481555944052,0.14287022122054388,128.26722338204593,2054.0625,85.91465605471514,9,0.46728515625,0.11508427558824402,0.18450571372843036,128.40125391849529
4,9,8,0,ecg_only,2050.423828125,85.96991467423624,11,0.391015625,0.038450280522586894,0.04290952357626063,153.44655344655345,2037.1044921875,90.81506910582215,11,0.398046875,0.05294229842848368,0.05203448229866689,150.7360157016683
4,9,9,0,ecg_only,2044.3857421875,86.53199277306217,10,0.4296875,0.09391261937633834,0.09314788741922203,139.63636363636363,2029.388671875,89.774529359243,10,0.4296875,0.09470362784358428,0.09335242848110761,139.63636363636363
4,9,10,0,ecg_only,2036.12890625,87.1093454841598,10,0.4305555555555556,0.04422400164578459,0.06757360895314919,139.3548387096774,2037.2236328125,91.55527802195607,10,0.4305555555555556,0.06059313806524742,0.10537828875168914,139.3548387096774
4,10,1,1,ecg_only,2024.6181640625,72.68645005521547,8,0.5,0.04123427053998028,0.07895071457581147,120.0,2024.646484375,81.87397439328862,8,0.5279017857142857,0.1067614351057023,0.14561809823594787,113.65750528541227
4,10,2,1,ecg_only,2039.26171875,73.45859975725033,8,0.5016741071428571,0.0407480720168051,0.07771703376506069,119.5995550611791,2040.0244140625,82.09417461376935,8,0.5262276785714286,0.0899701722557373,0.11922064423462385,114.01908801696712
4,10,3,1,ecg_only,2045.4658203125,72.68073380287215,8,0.5161830357142857,0.04964950093646255,0.09519021783573449,116.23783783783784,2047.861328125,81.47454733756477,8,0.52734375,0.11943528769349773,0.21416203396112157,113.77777777777777
4,10,4,1,ecg_only,2040.6357421875,72.84983707297178,8,0.51171875,0.04607766819942637,0.0799112208807765,117.25190839694656,2045.0791015625,81.74836696078589,9,0.47412109375,0.12198727644563602,0.19594206569355885,126.54994850669414
4,10,5,1,ecg_only,2040.8203125,73.50516123393884,9,0.49462890625,0.10358815081670308,0.15005143509884608,121.30306021717671,2042.7734375,81.67997668528434,9,0.49462890625,0.14363023495741034,0.2292168632457162,121.30306021717671
4,10,6,1,ecg_only,2047.0126953125,73.8218984474901,9,0.482421875,0.1065303917444894,0.19997231428073897,124.37246963562752,2047.26171875,81.86305888217163,9,0.47900390625,0.14193370931947957,0.27247918805682597,125.25993883792049
4,10,7,1,ecg_only,2048.03515625,74.07303942925581,9,0.49560546875,0.061311872722127285,0.10471165099887746,121.06403940886699,2048.7509765625,82.3211336293122,9,0.4755859375,0.11349572234978382,0.17518500066702444,126.16016427104722
4,10,8,1,ecg_only,2038.6728515625,73.92445867970453,8,0.5150669642857143,0.026855378159633847,0.05310680601440915,116.48970747562296,2039.525390625,81.02186324731221,8,0.4966517857142857,0.12570304126736473,0.23761326280904527,120.80898876404495
4,10,9,1,ecg_only,2033.1162109375,73.58750086856126,8,0.5228794642857143,0.03818367275570536,0.058853590520778765,114.74919957310566,2033.7177734375,82.04917921042794,8,0.49609375,0.12106674526076809,0.20744847895145155,120.94488188976378
4,10,10,1,ecg_only,2031.01953125,72.77462540546172,8,0.5172991071428571,0.0930699184794169,0.1488139415266874,115.98705501618124,2032.4248046875,81.81671476180756,8,0.5390625,0.14225861643813656,0.224929007173884,111.30434782608695
4,11,1,0,ecg_only,2047.814453125,72.58786934111083,9,0.47412109375,0.051339238326720174,0.07997257307475125,126.54994850669414,2048.4404296875,80.86708064860427,9,0.49560546875,0.12269663540704757,0.2025446723763321,121.06403940886699
4,11,2,0,ecg_only,2046.1259765625,72.56522355073538,9,0.4599609375,0.06821273334023563,0.10115388267343332,130.44585987261146,2049.6435546875,81.4399516218956,9,0.4619140625,0.12485877642477908,0.20742571080324673,129.89429175475686
4,11,3,0,ecg_only,2034.6865234375,73.62598401045152,9,0.45751953125,0.0880518811485803,0.1439267037969265,131.1419423692636,2038.97265625,83.29035031409302,9,0.4560546875,0.12510295442771513,0.2412451062952033,131.56316916488223
4,11,4,0,ecg_only,2029.9130859375,72.26105062987418,9,0.45751953125,0.04825592463195541,0.08535210521035369,131.1419423692636,2032.4619140625,81.80464841673952,9,0.45703125,0.08017334278036638,0.12887242521589629,131.28205128205127
4,11,5,0,ecg_only,2038.728515625,70.94543270171894,9,0.47021484375,0.08436816152481426,0.14541087299994848,127.601246105919,2040.4736328125,80.42484413893149,9,0.4609375,0.1141534312203317,0.19619777050382006,130.16949152542372
4,11,6,0,ecg_only,2047.2470703125,71.59699285548368,8,0.5050223214285714,0.08620884226697836,0.14195694448860777,118.80662983425415,2046.625,80.38288501369554,9,0.47705078125,0.11945139891810062,0.18629284959211878,125.77277379733879
4,11,7,0,ecg_only,2049.3857421875,71.92753943745944,9,0.47021484375,0.06905167024375405,0.09518067581766344,127.601246105919,2049.994140625,80.75239429526363,9,0.474609375,0.11282572745340765,0.2014709873238798,126.41975308641975
4,11,8,0,ecg_only,2042.6083984375,70.86525759604453,9,0.4765625,0.08504508225420797,0.15315716908809837,125.90163934426229,2045.8173828125,80.04741545656131,9,0.4765625,0.11378524737210553,0.21846581508439958,125.90163934426229
4,11,9,0,ecg_only,2041.7822265625,71.59276404632259,9,0.4775390625,0.06776386820051003,0.11215962583981272,125.6441717791411,2044.8974609375,80.97792326340038,9,0.47802734375,0.10415738382303195,0.17487364898194047,125.51583248212462
4,11,10,0,ecg_only,2040.5615234375,71.75764960871167,9,0.482421875,0.07184208655370906,0.11567099109458504,124.37246963562752,2045.6591796875,80.4130089324923,9,0.48388671875,0.12024712706244778,0.243480133347305,123.99596367305752
4,12,1,0,ecg_only,2051.25,72.91354308785851,8,0.49832589285714285,0.09830935942153447,0.17443057470129772,120.40313549832027,2051.8828125,81.44204429893594,8,0.48939732142857145,0.1114228388950105,0.20321887854639945,122.59977194982896
4,12,2,0,ecg_only,2052.732421875,73.06731621472093,8,0.5301339285714286,0.08728934418232624,0.14715558029241677,113.17894736842105,2055.076171875,81.45112162193016,9,0.4482421875,0.1350024809432769,0.2319818294531461,133.8562091503268
4,12,3,0,ecg_only,2048.5185546875,73.3225672932527,9,0.49609375,0.06908101243682575,0.12068804445205297,120.94488188976378,2051.6357421875,81.68195952325416,10,0.4383680555555556,0.13130757068873627,0.22974761383843167,136.87128712871285
4,12,4,0,ecg_only,2045.4287109375,72.3122082690369,8,0.5340401785714286,0.05628696878984042,0.09962852144419414,112.35109717868337,2048.2275390625,81.5412806653019,10,0.4010416666666667,0.10167928648622207,0.11270732848635553,149.6103896103896
4,12,5,0,ecg_only,2050.091796875,72.10542798714074,8,0.5418526785714286,0.06535453558909532,0.09813683829198858,110.73120494335735,2052.373046875,82.07483661134546,9,0.44482421875,0.12138381181153218,0.2009564011605769,134.8847420417124
4,12,6,0,ecg_only,2051.458984375,66.88474138559934,9,0.49072265625,0.09266415232625168,0.12473814648988553,122.26865671641791,2053.263671875,72.25511449643086,11,0.391015625,0.0774275508767107,0.08937073549946468,153.44655344655345
4,12,7,0,ecg_only,2047.890625,66.90472287783109,9,0.484375,0.07716697759819692,0.1074041178505275,123.87096774193549,2049.236328125,70.17254688635246,10,0.4288194444444444,0.07551584434351231,0.11025213302659528,139.91902834008098
4,12,8,0,ecg_only,2051.2529296875,74.6563055358399,9,0.46826171875,0.09493146934215209,0.15483454861301604,128.13347236704902,2051.2041015625,81.80827638289225,10,0.3988715277777778,0.06334724258660054,0.052170743707785475,150.42437431991294
4,12,9,0,ecg_only,2046.3486328125,75.2676379485204,9,0.45458984375,0.06960191885835224,0.07757900728709917,131.98711063372718,2045.6669921875,82.4117274223415,9,0.44091796875,0.12505244108713187,0.21906367020015552,136.0797342192691
4,12,10,0,ecg_only,2038.3662109375,74.34594804770302,8,0.5206473214285714,0.1017065060305452,0.18318466169400732,115.24115755627011,2037.458984375,81.16192508401649,10,0.4040798611111111,0.09023185931571502,0.10986219617519713,148.48549946294307
4,13,1,0,ecg_only,2033.953125,75.12016252884025,10,0.4244791666666667,0.07457198470456435,0.08973753912234486,141.34969325153372,2036.0234375,80.32277072884497,10,0.4236111111111111,0.12504219002506886,0.1884537915324835,141.63934426229508
4,13,2,0,ecg_only,2028.0009765625,75.81481214930118,9,0.46630859375,0.07947892961845862,0.11769792114451755,128.67015706806282,2030.9033203125,83.22602782618864,9,0.46533203125,0.12861646968333298,0.18210356472850925,128.9401888772298
4,13,3,0,ecg_only,2039.5517578125,75.14181421155497,9,0.44091796875,0.04590622856082507,0.04165503930027126,136.0797342192691,2041.0712890625,83.55455153330708,9,0.439453125,0.09899473357401709,0.17882410973071317,136.53333333333333
4,13,4,0,ecg_only,2049.84765625,74.70743872437895,10,0.4097222222222222,0.04216999236628861,0.06659268406731375,146.4406779661017,2050.900390625,81.67864001207667,10,0.4045138888888889,0.03513749070834912,0.04314594147338774,148.3261802575107
4,13,5,0,ecg_only,2050.9853515625,74.03804171748993,9,0.47705078125,0.06664815486749211,0.1193074614946759,125.77277379733879,2054.0908203125,80.93582619957826,9,0.46875,0.11326441146404671,0.21908357060628306,128.0
4,13,6,0,ecg_only,2045.3642578125,72.43114410637548,9,0.494140625,0.08758627861241665,0.15780476466190746,121.42292490118577,2049.259765625,80.94205406072957,10,0.4275173611111111,0.11720357400048709,0.19988304533282317,140.3451776649746
4,13,7,0,ecg_only,2046.9697265625,72.69924172631708,9,0.455078125,0.09142210733178477,0.13547746460271012,131.84549356223175,2047.72265625,80.6537208677897,10,0.3949652777777778,0.0980710711284625,0.11479491149045572,151.9120879120879
4,13,8,0,ecg_only,2047.8583984375,71.94304162363444,8,0.5061383928571429,0.09941183456090782,0.15158229842766793,118.54465270121278,2050.849609375,80.15565204360146,10,0.3936631944444444,0.09866282938081326,0.1587627543935201,152.41455347298788
4,13,9,0,ecg_only,2047.2744140625,72.4558182298689,8,0.5385044642857143,0.06268904763385544,0.11325879806240956,111.41968911917098,2053.2607421875,81.2307151502691,10,0.4275173611111111,0.1270864165533695,0.184376448286155,140.3451776649746
4,13,10,0,ecg_only,2041.3271484375,74.1564897098517,9,0.4765625,0.0705021314366408,0.07568741889815167,125.90163934426229,2045.146484375,80.75576863189329,9,0.4755859375,0.1469231709154668,0.26208912359225656,126.16016427104722
4,14,1,0,ecg_only,2041.0029296875,64.44578171206733,9,0.4697265625,0.09994867915263048,0.16363677758278722,127.73388773388774,2042.95703125,70.59692548589862,10,0.4153645833333333,0.0904549710049917,0.13368566373943438,144.45141065830722
4,14,2,0,ecg_only,2046.5849609375,70.25129703261072,8,0.5435267857142857,0.10633179812010178,0.14993759552588315,110.39014373716633,2048.9375,76.940825476466,9,0.47509765625,0.14604017938064262,0.18231292393064968,126.28982528263104
4,14,3,0,ecg_only,2046.6396484375,72.99412721369373,8,0.5245535714285714,0.10363851544945213,0.17076911029207806,114.38297872340426,2047.599609375,79.73036739048938,9,0.44677734375,0.1316431967826491,0.16075400209900909,134.29508196721312
4,14,4,0,ecg_only,2044.0234375,73.39667374144821,8,0.52734375,0.07476012607595614,0.12454139505413953,113.77777777777777,2043.7216796875,80.23002622532383,10,0.4049479166666667,0.10244342845193201,0.17125799230038233,148.16720257234726
4,14,5,0,ecg_only,2047.0029296875,72.60792742000994,9,0.4609375,0.09332177590156476,0.1390192298250883,130.16949152542372,2047.5029296875,80.35832831086601,10,0.4097222222222222,0.10211927454503089,0.16804254374648422,146.4406779661017
4,14,6,0,ecg_only,2037.3974609375,71.53938787123259,9,0.45263671875,0.09369785130010633,0.09281528074237407,132.5566343042071,2042.0830078125,80.81926658842286,9,0.4697265625,0.13853082064668126,0.22361849562328567,127.73388773388774
4,14,7,0,ecg_only,2038.1025390625,71.5409918101375,9,0.4775390625,0.09751454562723819,0.1223829701320744,125.6441717791411,2040.6240234375,79.18355510733873,11,0.39609375,0.10041722045576894,0.14779076030816432,151.47928994082838
4,14,8,0,ecg_only,2047.775390625,72.73352973356691,9,0.4697265625,0.05408252146875152,0.06965841601612112,127.73388773388774,2047.1923828125,80.70504203063123,10,0.4157986111111111,0.07509558595097976,0.10369971837858034,144.30062630480168
4,14,9,0,ecg_only,2044.21875,66.39449896028661,9,0.45849609375,0.07268505550876,0.06521382134501584,130.8626198083067,2045.95703125,71.80677542848254,10,0.4066840277777778,0.08264782427182994,0.09870530287885373,147.53468516542156
4,14,10,0,ecg_only,2049.4833984375,66.6051925716991,9,0.4833984375,0.10063333228070095,0.16880372821923775,124.12121212121212,2048.76953125,70.30259381171703,10,0.4283854166666667,0.09716019846967515,0.13240257280045462,140.06079027355622
4,15,1,0,ecg_only,2043.97265625,66.18830584358793,9,0.47705078125,0.12016779136043208,0.1644672409745924,125.77277379733879,2045.4921875,71.08911343053762,10,0.4275173611111111,0.10595968416435506,0.1261089723231088,140.3451776649746
4,15,2,0,ecg_only,2041.9013671875,67.97418109110104,9,0.48828125,0.05674155877474199,0.07798536628695613,122.88,2041.603515625,71.48126548799608,9,0.4853515625,0.12444563963482648,0.21524921155436735,123.62173038229376
4,15,3,0,ecg_only,2046.8994140625,74.33527457763022,9,0.48974609375,0.09299290447444242,0.15209314323384207,122.5124626121635,2045.0947265625,81.02107058315669,9,0.48779296875,0.1313167947015107,0.21764108275786961,123.003003003003
4,15,4,0,ecg_only,2047.4404296875,74.62612780640484,8,0.5217633928571429,0.029957735561315958,0.05403253625324591,114.9946524064171,2048.0986328125,81.82100460765437,9,0.4404296875,0.13402408645281533,0.24019013638845282,136.23059866962305
4,15,5,0,ecg_only,2047.1650390625,74.6829961272668,8,0.51171875,0.11119342963791906,0.1800197901266402,117.25190839694656,2049.20703125,81.76579136816034,9,0.45263671875,0.13227195693044674,0.21742563865062908,132.5566343042071
4,15,6,0,ecg_only,2046.9140625,74.62518607009362,10,0.4422743055555556,0.09116029977788652,0.13968599254639627,135.66241413150146,2049.2548828125,81.4651986399063,8,0.5033482142857143,0.12209637795694055,0.20498199631944305,119.20177383592018
4,15,7,0,ecg_only,2047.21484375,74.67319903863157,9,0.46923828125,0.05702447720379566,0.1002012135810989,127.86680541103017,2049.5419921875,82.38591896013656,9,0.4560546875,0.10004405005138284,0.19071028720017494,131.56316916488223
4,15,8,0,ecg_only,2048.33984375,73.9719101456802,9,0.47509765625,0.06361725693747745,0.1204439651639701,126.28982528263104,2049.90625,80.8362119601265,9,0.47119140625,0.0955622667967182,0.185142592926106,127.33678756476684
4,15,9,0,ecg_only,2044.109375,74.10363935215581,9,0.4755859375,0.04803059620061694,0.04555431167847891,126.16016427104722,2047.5048828125,81.0033514424443,9,0.4638671875,0.08160580709401044,0.10418991556030884,129.34736842105264
4,15,10,0,ecg_only,2041.0791015625,73.8996138192231,8,0.49386160714285715,0.03854891973029139,0.05939127381146086,121.49152542372882,2045.7158203125,80.8285481921005,9,0.4609375,0.10227365204364099,0.12872010369350265,130.16949152542372
4,16,1,0,ecg_only,2042.3896484375,73.58604345446665,9,0.48681640625,0.09407369046482071,0.12539175497376925,123.24974924774322,2045.978515625,79.00860024972997,9,0.47900390625,0.08642302255484154,0.12917652942136282,125.25993883792049
4,16,2,0,ecg_only,2036.6044921875,73.3349870892656,9,0.48291015625,0.11425259570088396,0.2118037767457181,124.24671385237613,2041.974609375,79.28808812057561,9,0.4775390625,0.09563833106371286,0.17612812996242963,125.6441717791411
4,16,3,0,ecg_only,2035.470703125,73.57827677764759,8,0.5178571428571429,0.07478511414174534,0.12322758720634724,115.86206896551722,2040.1376953125,79.50077132684572,8,0.515625,0.09402860388314976,0.14786244146182656,116.36363636363636
4,16,4,0,ecg_only,2039.078125,74.0605468492461,9,0.478515625,0.05953027599268817,0.0793157030339381,125.38775510204081,2043.7041015625,79.91045612935885,9,0.4765625,0.11279191185922587,0.16969241228748688,125.90163934426229
4,16,5,0,ecg_only,2041.4716796875,73.30358254263498,8,0.5106026785714286,0.03842755647474736,0.06302675161604661,117.50819672131146,2047.146484375,79.64904726252462,8,0.5106026785714286,0.1260024377446803,0.25706172248443887,117.50819672131146
4,16,6,0,ecg_only,2045.8369140625,73.26963370516799,9,0.48828125,0.06949393310412967,0.07799934090695666,122.88,2049.0732421875,78.98130407504343,9,0.46435546875,0.14076649646741216,0.21297380214896316,129.21135646687696
4,16,7,0,ecg_only,2049.6943359375,73.65336178541612,8,0.4916294642857143,0.03625085216274936,0.05457111872316635,122.04313280363223,2052.23046875,78.83396818887955,8,0.47767857142857145,0.12194069968421963,0.23890479377417534,125.60747663551402
4,16,8,0,ecg_only,2047.9443359375,73.43912117325237,8,0.5050223214285714,0.043433680183683133,0.07577856524453887,118.80662983425415,2051.7587890625,79.12336726259272,8,0.5150669642857143,0.11609288949951646,0.24099272666075508,116.48970747562296
4,16,9,0,ecg_only,2049.6142578125,72.03958487458324,8,0.5368303571428571,0.11570598377405746,0.1764743280949456,111.76715176715177,2053.5615234375,78.96123779577951,8,0.5368303571428571,0.15553487498748456,0.30303454540635366,111.76715176715177
4,16,10,0,ecg_only,2055.0078125,72.55189372245802,8,0.5345982142857143,0.11406610369621742,0.21499166309841625,112.23382045929019,2054.9111328125,78.92071595791872,8,0.5340401785714286,0.14335328187643595,0.2689503477424434,112.35109717868337
4,17,1,0,ecg_only,2060.333984375,72.44353793688057,9,0.484375,0.09445939288549803,0.16566895264176582,123.87096774193549,2053.2783203125,76.20271125010022,9,0.47412109375,0.1247852387892981,0.18798764711743696,126.54994850669414
4,17,2,0,ecg_only,2051.01171875,69.83949133671364,9,0.48193359375,0.053806289651213396,0.05968113045669699,124.4984802431611,2052.7724609375,76.03521223362591,9,0.4609375,0.11213046948755721,0.21088065536969433,130.16949152542372
4,17,3,0,ecg_only,2048.302734375,70.40876848818756,9,0.48583984375,0.12334007571237095,0.1775272905642659,123.49748743718592,2050.03515625,76.37312506888851,9,0.47216796875,0.132660722960422,0.2556047243530666,127.07342295760083
4,17,4,0,ecg_only,2051.2529296875,71.1014727344707,9,0.494140625,0.10101641047645117,0.177078546197549,121.42292490118577,2051.0087890625,76.61575265939035,9,0.48828125,0.12996722468448535,0.26108081233441194,122.88
4,17,5,0,ecg_only,2046.7880859375,70.01804325666788,8,0.5290178571428571,0.046868356246866215,0.0879123237103664,113.41772151898735,2051.3515625,76.1728954258573,8,0.5128348214285714,0.13023888884679746,0.1844023086237839,116.99673558215453
4,17,6,0,ecg_only,2034.5224609375,69.42231975295327,8,0.5256696428571429,0.04962440641833864,0.09092700666119272,114.14012738853502,2043.51953125,76.79652758934009,8,0.5033482142857143,0.14681961002344415,0.22026770747372199,119.20177383592018
4,17,7,0,ecg_only,2031.6064453125,70.3811775531672,9,0.4716796875,0.07730897063677648,0.08666997099784825,127.20496894409938,2038.6611328125,76.12185321060396,9,0.4697265625,0.13866843635701392,0.23503905183453405,127.73388773388774
4,17,8,0,ecg_only,2038.26171875,71.80288406147693,10,0.4331597222222222,0.054979516870104106,0.07025822558048808,138.51703406813627,2043.7763671875,76.48697670553251,10,0.4340277777777778,0.08535242050890177,0.11963588149307465,138.24
4,17,9,0,ecg_only,2034.1494140625,72.46060446115135,9,0.482421875,0.09566325700201919,0.15263679461856033,124.37246963562752,2046.6103515625,76.52122312246226,9,0.4873046875,0.10006311332328821,0.11989978783919482,123.12625250501002
4,17,10,0,ecg_only,2013.0888671875,70.77846236981618,9,0.47509765625,0.07741221470619332,0.12234734190129551,126.28982528263104,2040.423828125,76.21520760137349,9,0.46337890625,0.08699494787871821,0.1326071811065554,129.4836670179136
4,18,1,0,ecg_only,2046.484375,71.63698191391353,8,0.5295758928571429,0.04944838820731188,0.09268601966956776,113.29820864067439,2048.453125,77.86540464310434,9,0.44970703125,0.1377394585150052,0.24343536527121967,133.42019543973942
4,18,2,0,ecg_only,2046.009765625,71.89208969617289,9,0.48974609375,0.06237589913066102,0.09097693747814214,122.5124626121635,2049.63671875,77.95251496413313,10,0.4240451388888889,0.11452577731648883,0.19137136958968762,141.49437052200614
4,18,3,0,ecg_only,2042.525390625,71.83294516839861,9,0.47021484375,0.05541293062317697,0.07743838906874613,127.601246105919,2045.970703125,78.09743964556786,9,0.470703125,0.11904453091930295,0.23081371730946643,127.4688796680498
4,18,4,0,ecg_only,2043.99609375,72.23622533304334,8,0.5256696428571429,0.04303754349254206,0.06735686018946647,114.14012738853502,2045.3701171875,78.33528403092069,9,0.45947265625,0.12279763789436882,0.21659191365134522,130.5844845908608
4,18,5,0,ecg_only,2047.9736328125,70.05030480453973,8,0.5479910714285714,0.032662970148798876,0.05835454645910562,109.4908350305499,2049.626953125,78.46327699012483,10,0.4066840277777778,0.07660067705263994,0.08334604802090574,147.53468516542156
4,18,6,0,ecg_only,2041.1669921875,63.074859761412185,8,0.5267857142857143,0.08785474395135218,0.17440141302347104,113.89830508474576,2044.08203125,68.30618901954657,11,0.388671875,0.06044598449041611,0.06677542398415669,154.3718592964824
4,18,7,0,ecg_only,2039.708984375,66.06494849223002,10,0.4301215277777778,0.08336271545093403,0.12413488472017924,139.4954591321897,2040.923828125,68.37717131631331,10,0.41796875,0.07988469609467691,0.11614937313598732,143.55140186915887
4,18,8,0,ecg_only,2046.9501953125,72.57351108827933,9,0.47216796875,0.09650567317750981,0.1228984188053942,127.07342295760083,2046.9228515625,78.15506237398247,10,0.4153645833333333,0.09943689110435824,0.1580463150323743,144.45141065830722
4,18,9,0,ecg_only,2052.658203125,72.63325826469745,9,0.462890625,0.11344949790201254,0.14353238331952803,129.62025316455697,2053.8564453125,79.55055572080686,8,0.5122767857142857,0.1194248580303164,0.21347814095749162,117.12418300653596
4,18,10,0,ecg_only,2054.5986328125,72.8349082879789,9,0.4892578125,0.11270309765137267,0.19850625390753257,122.63473053892216,2056.59375,79.83724288552618,9,0.48876953125,0.14582452293303572,0.2810251457316269,122.75724275724276
5,1,1,0,ecg_only,2042.822265625,64.0799187625651,11,0.38359375,0.04745088949706317,0.059612099699268735,156.41547861507127,2042.4091796875,66.17827451132159,11,0.38046875,0.034463664062676216,0.03544442080420885,157.700205338809
5,1,2,0,ecg_only,2033.51171875,67.35351480376431,10,0.4084201388888889,0.1067567176757712,0.17717007775071758,146.90754516471839,2045.80859375,71.35193150344608,10,0.4084201388888889,0.10522108123171416,0.17524331752427555,146.90754516471839
5,1,3,0,ecg_only,2036.9443359375,62.56554240813905,9,0.45458984375,0.11883505736425025,0.15855581002906585,131.98711063372718,2048.98046875,65.53872013764285,9,0.4541015625,0.11737858769435375,0.15190671057105362,132.1290322580645
5,1,4,0,ecg_only,2043.1064453125,62.781284201248596,10,0.4131944444444444,0.06022829430104741,0.07390971847040821,145.21008403361344,2045.568359375,65.61704724761584,10,0.4084201388888889,0.047632447633051904,0.05851231319900485,146.90754516471839
5,1,5,0,ecg_only,2043.169921875,66.99430387395928,11,0.378125,0.02953290339286844,0.0427908248050911,158.67768595041323,2043.8046875,70.91916707969253,11,0.378125,0.022083271914222765,0.020873983778491402,158.67768595041323
5,1,6,0,ecg_only,2040.716796875,61.56665492874361,10,0.4279513888888889,0.11284054467422842,0.13593525501019776,140.20283975659228,2047.90234375,65.64299034936508,10,0.4275173611111111,0.11305069796587275,0.13387101162651402,140.3451776649746
5,1,7,0,ecg_only,2042.36328125,60.56205543063576,9,0.470703125,0.13308508332753477,0.16528693808919623,127.4688796680498,2053.0087890625,64.71994144921548,9,0.46435546875,0.13441754044786608,0.16535286563283708,129.21135646687696
5,1,8,0,ecg_only,2045.2880859375,65.73838430137384,11,0.38515625,0.033611913694217115,0.0625271208517863,155.78093306288034,2053.0380859375,70.42060796403184,11,0.385546875,0.03441271013943286,0.04916981142838335,155.62310030395136
5,1,9,0,ecg_only,2042.4609375,61.95068317618534,10,0.4045138888888889,0.044618393319084716,0.08017334278036638,148.3261802575107,2045.5361328125,66.05682821476415,10,0.4027777777777778,0.04119378651980789,0.06789743474909647,148.9655172413793
5,1,10,0,ecg_only,2038.6171875,61.57491893693278,10,0.4045138888888889,0.056998275496100065,0.07202769107260068,148.3261802575107,2036.5712890625,65.57969266277914,10,0.4006076388888889,0.052021809727335507,0.07811279201492664,149.77248104008666
5,2,1,1,ecg_only,2059.70703125,65.09531855238534,10,0.4092881944444444,0.03768301054018791,0.07283087633587532,146.59597030752917,2061.650390625,68.33933341813419,10,0.4092881944444444,0.03813027279617604,0.062102004279627525,146.59597030752917
5,2,2,1,ecg_only,2073.875,56.98202498924551,9,0.45751953125,0.10578362827078601,0.14565052849506882,131.1419423692636,2071.6201171875,60.412427141369406,9,0.45263671875,0.10024760110700884,0.125209088520819,132.5566343042071
5,2,3,1,ecg_only,2076.0830078125,61.77800118177638,10,0.4162326388888889,0.04365810316572768,0.08516834418130916,144.15015641293013,2074.4306640625,65.35902258412966,10,0.4166666666666667,0.04199092577238828,0.06406726354240909,144.0
5,2,4,1,ecg_only,2073.6826171875,62.435903465777045,10,0.4318576388888889,0.030319877077383647,0.05864255779688449,138.93467336683418,2075.6650390625,65.61516375985698,10,0.4314236111111111,0.026564485673783604,0.04656882428736861,139.07444668008048
5,2,5,1,ecg_only,2074.2890625,58.499853411107736,9,0.474609375,0.0993793299469418,0.11212074901859634,126.41975308641975,2076.4296875,59.86249655378853,9,0.47314453125,0.09642658433431019,0.10985227499432396,126.81114551083591
5,2,6,1,ecg_only,2076.81640625,63.748525445377645,10,0.4136284722222222,0.04586751671396843,0.07315750312628141,145.05771248688353,2078.93359375,66.52607193018359,9,0.419921875,0.04323426488511456,0.0681397940194851,142.88372093023256
5,2,7,1,ecg_only,2069.5654296875,63.20257931015153,10,0.4318576388888889,0.02958401595130551,0.04607471137533378,138.93467336683418,2071.0,66.37703033617879,10,0.4322916666666667,0.0411342942680503,0.07085295760631662,138.79518072289156
5,2,8,1,ecg_only,2065.0615234375,63.463919406455965,10,0.44140625,0.0643181720584816,0.09055214946350494,135.92920353982302,2062.4990234375,66.17423438107407,10,0.4401041666666667,0.05406390492715285,0.07263419524135567,136.33136094674555
5,2,9,1,ecg_only,2063.1337890625,64.56831313751549,9,0.42138671875,0.044897985325665905,0.07059096643629915,142.3870220162225,2059.2548828125,67.07891280100172,9,0.421875,0.04305743688486055,0.07555770600265686,142.22222222222223
5,2,10,1,ecg_only,2065.201171875,59.609721563489195,9,0.44970703125,0.061498243229283274,0.08574704951842992,133.42019543973942,2063.3916015625,61.40584420805358,9,0.44287109375,0.04202340318685855,0.04357326387564725,135.47960308710034
5,3,1,1,ecg_only,2243.0361328125,67.16621511022011,9,0.435546875,0.04179870031061073,0.07708572128701453,137.7578475336323,2237.1962890625,69.69748769443876,9,0.435546875,0.03460946317708857,0.06246511303105232,137.7578475336323
5,3,2,1,ecg_only,2228.8427734375,67.6382098243703,10,0.4370659722222222,0.051112184375053916,0.10222701775548228,137.27904667328698,2226.310546875,70.22409196200708,10,0.4322916666666667,0.035706534377088775,0.0647336461686584,138.79518072289156
5,3,3,1,ecg_only,2209.185546875,62.377604734048404,10,0.4344618055555556,0.07814187703508509,0.08684271123209261,138.1018981018981,2204.1572265625,65.56172311357096,10,0.4322916666666667,0.07468557499843743,0.10556816784203199,138.79518072289156
5,3,4,1,ecg_only,2193.234375,65.42891650665152,10,0.4322916666666667,0.053305962214736255,0.08830198871451027,138.79518072289156,2184.9033203125,68.95964788084787,10,0.4322916666666667,0.06211906480144043,0.09127594879334315,138.79518072289156
5,3,5,1,ecg_only,2162.0673828125,72.11427800629414,9,0.4365234375,0.06477046640152512,0.114057913312868,137.4496644295302,2159.0703125,72.28920687870593,10,0.4266493055555556,0.05578565629534593,0.084199850760937,140.63072227873855
5,3,6,1,ecg_only,2101.830078125,67.51368809124115,9,0.45703125,0.08515714592418609,0.10797089813347854,131.28205128205127,2103.9384765625,70.39887142333419,9,0.4521484375,0.059650304898732236,0.060244601167789895,132.69978401727863
5,3,7,1,ecg_only,2081.2060546875,66.10044678293225,10,0.4357638888888889,0.054752909516312856,0.09414589261714866,137.68924302788844,2080.1982421875,69.96821793034032,10,0.4361979166666667,0.040969095631646545,0.07730280244985664,137.55223880597015
5,3,8,1,ecg_only,2107.74609375,66.4618222204764,9,0.44775390625,0.04224973256404588,0.0828114470957324,134.0021810250818,2108.7880859375,71.90774399963897,9,0.447265625,0.0662336912414577,0.11484830530324244,134.14847161572052
5,3,9,1,ecg_only,2125.7333984375,58.13558554293035,9,0.46533203125,0.08683035602212345,0.12047110950533504,128.9401888772298,2129.6494140625,61.621522623495174,9,0.4619140625,0.08232717271168262,0.11996340238983899,129.89429175475686
5,3,10,1,ecg_only,2123.6181640625,58.088880764775745,10,0.4344618055555556,0.09461009140794198,0.13180338139689834,138.1018981018981,2124.9736328125,61.31493917234953,9,0.48193359375,0.11081187697836263,0.17448680131661923,124.4984802431611
5,4,1,1,ecg_only,2054.4609375,61.66994460732954,9,0.4765625,0.074321474962658,0.14993517246823826,125.90163934426229,2055.1884765625,62.952631497999256,9,0.46484375,0.08477552505551057,0.16805956847108558,129.07563025210084
5,4,2,1,ecg_only,2056.953125,60.6489140173538,10,0.4370659722222222,0.05953937306865895,0.06306204801157399,137.27904667328698,2061.357421875,61.957025677910586,10,0.4370659722222222,0.09005004328762643,0.15540543230103598,137.27904667328698
5,4,3,1,ecg_only,2052.009765625,65.8818033603177,9,0.46533203125,0.042765744706342784,0.07449724534996004,128.9401888772298,2056.431640625,68.06405828424316,9,0.46533203125,0.09263327199470142,0.15185647805561459,128.9401888772298
5,4,4,1,ecg_only,2050.951171875,66.49283001902693,9,0.4736328125,0.06570603952736076,0.12228496751951975,126.68041237113403,2052.5947265625,69.26506500396398,9,0.47412109375,0.09254056917238528,0.17260902513494397,126.54994850669414
5,4,5,1,ecg_only,2051.0712890625,61.262975314883846,8,0.5033482142857143,0.07607318387478558,0.09228730914045233,119.20177383592018,2054.2646484375,63.4454065290942,8,0.5005580357142857,0.08986627656814285,0.129594909216341,119.86622073578596
5,4,6,1,ecg_only,2052.833984375,62.82263426753335,9,0.4775390625,0.10104944782512035,0.12901611930366907,125.6441717791411,2057.0390625,62.35033985770321,9,0.47509765625,0.10283045464128512,0.16492386551803445,126.28982528263104
5,4,7,1,ecg_only,2057.5673828125,61.737531561494905,9,0.47021484375,0.08928873874446401,0.10641523063633292,127.601246105919,2057.1865234375,61.470834150796776,9,0.45703125,0.09295315651789683,0.10044022798322108,131.28205128205127
5,4,8,1,ecg_only,2053.6845703125,59.0731729461415,9,0.48193359375,0.09775263797878564,0.11349272133383237,124.4984802431611,2054.3603515625,60.79714630074263,9,0.48193359375,0.10058001158211505,0.15443279219352185,124.4984802431611
5,4,9,1,ecg_only,2050.82421875,64.53676852443999,9,0.44189453125,0.07590692854507723,0.13615156585191582,135.77900552486187,2057.9326171875,67.75634448056566,9,0.44189453125,0.07845237803602155,0.1388623409027161,135.77900552486187
5,4,10,1,ecg_only,2049.9619140625,65.28829930411624,9,0.453125,0.053559801565633156,0.09168103918711094,132.41379310344828,2061.1923828125,68.23953317023025,9,0.45361328125,0.06601555276900634,0.12367637657067652,132.2712594187298
5,5,1,0,ecg_only,2049.0732421875,60.593576801872906,9,0.48974609375,0.10740300793120693,0.1894373037392347,122.5124626121635,2050.4609375,60.48963978233044,9,0.4921875,0.10109190855162135,0.1394419482065668,121.9047619047619
5,5,2,0,ecg_only,2049.95703125,60.37959439505638,9,0.47802734375,0.05423000251906479,0.09695057535930357,125.51583248212462,2051.6171875,60.618684734699116,9,0.46435546875,0.10363417261110394,0.19576398709663945,129.21135646687696
5,5,3,0,ecg_only,2051.923828125,60.339728783948466,10,0.44140625,0.037331435382373566,0.04898412579681427,135.92920353982302,2053.400390625,60.06492125585792,10,0.4383680555555556,0.08401773355946432,0.1556200680851294,136.87128712871285
5,5,4,0,ecg_only,2049.7587890625,64.53715485165216,9,0.45947265625,0.06252860368412622,0.1140865770821112,130.5844845908608,2054.041015625,65.43920333671174,9,0.4599609375,0.05980996874133813,0.11538796891589571,130.44585987261146
5,5,5,0,ecg_only,2043.87890625,64.23457822254856,9,0.4609375,0.05551824376387459,0.08885568876745757,130.16949152542372,2055.2412109375,65.3356823458371,9,0.4609375,0.07242381335054358,0.13760871057662918,130.16949152542372
5,5,6,0,ecg_only,2042.59765625,59.56992866167322,8,0.48549107142857145,0.06895750081063313,0.08278731436985329,123.58620689655172,2053.2783203125,59.661902877725495,8,0.4849330357142857,0.11739989256211839,0.23173974217960275,123.72842347525892
5,5,7,0,ecg_only,2047.6982421875,60.80445216561115,9,0.482421875,0.08924734108434268,0.11943528769349773,124.37246963562752,2052.2333984375,59.60441876326681,9,0.48291015625,0.07743684964526514,0.1335408729941685,124.24671385237613
5,5,8,0,ecg_only,2049.1240234375,60.758577463387425,9,0.48291015625,0.06932734046614221,0.13041928596135482,124.24671385237613,2050.666015625,59.753544754158774,9,0.47021484375,0.08163355746546744,0.14405538214520136,127.601246105919
5,5,9,0,ecg_only,2045.267578125,59.59268224326726,9,0.45458984375,0.04823615773931573,0.0769583652584885,131.98711063372718,2045.4228515625,59.57567982191719,10,0.4409722222222222,0.1038968583312479,0.19996413863060858,136.06299212598427
5,5,10,0,ecg_only,2048.59765625,59.763582353778254,9,0.43798828125,0.06202325188027238,0.09140720390222651,136.98996655518394,2050.701171875,59.71658779603628,9,0.4375,0.09160968280905137,0.1764990305486073,137.14285714285714
5,6,1,0,ecg_only,2050.00390625,58.39311469784953,9,0.45263671875,0.10518693360092883,0.18521910664539407,132.5566343042071,2049.8154296875,58.53694843632732,9,0.44970703125,0.09132686982870901,0.1544751315479002,133.42019543973942
5,6,2,0,ecg_only,2047.5458984375,58.44033952637882,9,0.46533203125,0.10287681539053131,0.18412134488661858,128.9401888772298,2049.955078125,58.30288584324233,9,0.4619140625,0.1095100658789346,0.20290488588901434,129.89429175475686
5,6,3,0,ecg_only,2047.7275390625,59.3724093464299,8,0.49386160714285715,0.04293612513765925,0.08494035610386905,121.49152542372882,2055.0029296875,59.22664847730649,9,0.46044921875,0.10938262912845764,0.18880336616969765,130.30752916224813
5,6,4,0,ecg_only,2050.029296875,59.245064413148505,8,0.4916294642857143,0.07353801333523613,0.14667088820421925,122.04313280363223,2059.185546875,59.295907403944646,8,0.4888392857142857,0.13949553507136686,0.28588217389382714,122.73972602739727
5,6,5,0,ecg_only,2054.9443359375,60.571253778707984,9,0.45263671875,0.075756013738539,0.11509478152053171,132.5566343042071,2057.646484375,60.21984485369321,9,0.4521484375,0.07916182118360762,0.12520038347068013,132.69978401727863
5,6,6,0,ecg_only,2050.4326171875,64.71454258554702,9,0.46240234375,0.031001053084667923,0.05406614485029624,129.75712777191129,2050.2841796875,65.44670947395073,9,0.4619140625,0.06602458103080222,0.1111444090343649,129.89429175475686
5,6,7,0,ecg_only,2046.158203125,63.08984456627105,9,0.46435546875,0.06393128890878148,0.11248953634374335,129.21135646687696,2047.0537109375,65.14684468911517,9,0.46435546875,0.0859472095899786,0.15759051085875447,129.21135646687696
5,6,8,0,ecg_only,2049.2548828125,60.11155381404969,8,0.5267857142857143,0.14704214599122278,0.28969525340217434,113.89830508474576,2053.13671875,60.203567911157876,8,0.5223214285714286,0.11869775132781839,0.22333481214043208,114.87179487179486
5,6,9,0,ecg_only,2046.07421875,61.053674190847424,9,0.4814453125,0.12023622150750723,0.20806053102477773,124.62474645030426,2050.052734375,60.19343130450941,9,0.48046875,0.1472506001950841,0.259548403739897,124.8780487804878
5,6,10,0,ecg_only,2045.6787109375,60.21031901199177,8,0.5401785714285714,0.08214316042257677,0.13315672303952586,111.07438016528926,2043.837890625,59.38546856597611,8,0.5385044642857143,0.132819533877365,0.2610571550755616,111.41968911917098
5,7,1,0,ecg_only,2045.294921875,62.85745385761856,9,0.49462890625,0.08300063158277561,0.13875241310642905,121.30306021717671,2054.8134765625,61.87556323941434,9,0.4931640625,0.1313358571024678,0.25891353770241593,121.66336633663366
5,7,2,0,ecg_only,2051.8974609375,63.06861833394768,9,0.49365234375,0.040966185791404826,0.05790141569713251,121.54302670623146,2055.4609375,61.60658666892765,9,0.48291015625,0.08302360833163826,0.14567297598360393,124.24671385237613
5,7,3,0,ecg_only,2057.00390625,61.574142176251314,9,0.47705078125,0.023063214216053795,0.03726325005534944,125.77277379733879,2053.158203125,61.44489378110471,9,0.47509765625,0.059077995729948166,0.11301153235538619,126.28982528263104
5,7,4,0,ecg_only,2051.5068359375,61.513336588661474,9,0.470703125,0.06216340024546699,0.1077587048760447,127.4688796680498,2048.0263671875,61.17645686932125,9,0.470703125,0.07485846834662813,0.12828754389031974,127.4688796680498
5,7,5,0,ecg_only,2046.8671875,61.79195767019235,9,0.45751953125,0.09865577354956519,0.1677934612770159,131.1419423692636,2047.013671875,61.18090656981828,9,0.47216796875,0.0831728024815314,0.15302189951085668,127.07342295760083
5,7,6,0,ecg_only,2047.1396484375,62.40911384166101,9,0.462890625,0.08629188294677548,0.14028356367232458,129.62025316455697,2050.7470703125,61.54983603256536,9,0.47216796875,0.09255087407140916,0.16255418481919234,127.07342295760083
5,7,7,0,ecg_only,2046.23046875,62.496762489390385,8,0.49386160714285715,0.10939208139212372,0.22048696549484506,121.49152542372882,2050.52734375,61.12262931860291,8,0.47433035714285715,0.12197899964842142,0.2243799779653228,126.49411764705881
5,7,8,0,ecg_only,2043.2060546875,61.966390229125494,8,0.49609375,0.06762600878901655,0.11629433938243011,120.94488188976378,2050.7158203125,61.34696011492919,9,0.45849609375,0.13638264350205417,0.25836571462641794,130.8626198083067
5,7,9,0,ecg_only,2041.3349609375,60.914708144731755,8,0.4810267857142857,0.025352269400894075,0.04860626680971378,124.73317865429235,2053.0986328125,60.575294040811706,8,0.48604910714285715,0.09257676269664167,0.1800621660046943,123.4443168771527
5,7,10,0,ecg_only,2050.1083984375,61.824876855649684,9,0.466796875,0.03876842429937345,0.050328510651270024,128.53556485355648,2056.0146484375,60.3548489620824,9,0.46435546875,0.04857110087500551,0.0705291800205773,129.21135646687696
5,8,1,1,ecg_only,2052.8720703125,60.701451804570176,10,0.4431423611111111,0.05327768318769844,0.08024468196943023,135.39666993143976,2054.205078125,61.668523341228514,10,0.4409722222222222,0.05232510435826569,0.08682074519880027,136.06299212598427
5,8,2,1,ecg_only,2049.640625,60.371326153103304,9,0.46240234375,0.04397514178593144,0.051059505507579796,129.75712777191129,2050.779296875,61.28763289914708,9,0.46240234375,0.08493146714097063,0.15841827026512645,129.75712777191129
5,8,3,1,ecg_only,2049.716796875,65.44900411572348,9,0.478515625,0.07223922659729269,0.13227800800083755,125.38775510204081,2055.37109375,68.08520185255905,9,0.47900390625,0.11944341486602934,0.2005220411992069,125.25993883792049
5,8,4,1,ecg_only,2048.615234375,65.27202994325991,9,0.47021484375,0.07467830329998565,0.1371723978833622,127.601246105919,2053.4794921875,68.392904772203,9,0.470703125,0.09639814593166458,0.1747177650756663,127.4688796680498
5,8,5,1,ecg_only,2045.7314453125,59.785171619451944,8,0.49609375,0.09323706404433348,0.1123230849967053,120.94488188976378,2047.7685546875,61.55620325872789,8,0.49330357142857145,0.1222442160504153,0.22364205198344203,121.6289592760181
5,8,6,1,ecg_only,2046.328125,60.65620773762052,8,0.5083705357142857,0.08360857500146447,0.12468425290780341,118.02414928649836,2048.23046875,61.53907874091286,8,0.5050223214285714,0.11572213067267414,0.2392451899306398,118.80662983425415
5,8,7,1,ecg_only,2048.859375,61.00459247248829,9,0.4912109375,0.09143775331849309,0.10441980031900422,122.14711729622266,2050.21484375,61.65238310205929,9,0.4921875,0.09712747468090903,0.1489871753941246,121.9047619047619
5,8,8,1,ecg_only,2051.2236328125,60.65794681492832,9,0.46826171875,0.02826553835626231,0.0307932581725924,128.13347236704902,2055.41796875,61.552625392821575,9,0.4892578125,0.06553163699143601,0.11876725379824518,122.63473053892216
5,8,9,1,ecg_only,2049.751953125,60.10626166630065,9,0.46826171875,0.02411437153294091,0.040325561975758185,128.13347236704902,2053.7021484375,61.19260827815902,9,0.470703125,0.06577132125188569,0.1224185879937517,127.4688796680498
5,8,10,1,ecg_only,2052.7666015625,60.46892940681911,9,0.47802734375,0.04101271846100333,0.056683904339421734,125.51583248212462,2053.5849609375,61.44747032843662,9,0.45751953125,0.08008854495849788,0.12488659755507765,131.1419423692636
5,9,1,0,ecg_only,2049.919921875,63.143325260821484,8,0.5145089285714286,0.07407805878293836,0.13911588979793368,116.61605206073752,2053.8291015625,62.16121533690892,8,0.5078125,0.11542574530221335,0.2250250908319031,118.15384615384616
5,9,2,0,ecg_only,2057.8603515625,64.6957198149646,8,0.5106026785714286,0.07947259311511942,0.1498867030894363,117.50819672131146,2053.2392578125,61.91769661523802,8,0.5267857142857143,0.11398963723235896,0.226960632585234,113.89830508474576
5,9,3,0,ecg_only,2066.73046875,63.80156928736372,8,0.5094866071428571,0.11428429738937526,0.19504539026678613,117.76560788608982,2054.962890625,62.02257173113904,9,0.455078125,0.12942308794554153,0.22827344271385908,131.84549356223175
5,9,4,0,ecg_only,2062.583984375,60.93242588925666,9,0.49365234375,0.10236569234901298,0.19323109696924431,121.54302670623146,2055.490234375,60.868582040594376,9,0.47900390625,0.13279724033429788,0.2547889875031921,125.25993883792049
5,9,5,0,ecg_only,2049.04296875,60.26630443756713,9,0.45703125,0.0778314798639503,0.13771163704523512,131.28205128205127,2048.521484375,60.67452493362953,9,0.46337890625,0.11019048496991596,0.22337466336712183,129.4836670179136
5,9,6,0,ecg_only,2044.6591796875,59.62067638371849,10,0.4322916666666667,0.07067326429745786,0.11895637648665976,138.79518072289156,2047.2177734375,60.12185247513935,10,0.4314236111111111,0.08884963122352899,0.1751943326686647,139.07444668008048
5,9,7,0,ecg_only,2050.7412109375,66.21054559912363,9,0.46240234375,0.09338179442824843,0.18094474757258677,129.75712777191129,2054.880859375,67.684639430867,9,0.46240234375,0.10811102627991234,0.21638549894063075,129.75712777191129
5,9,8,0,ecg_only,2050.970703125,67.10437533103274,9,0.482421875,0.10443284676011602,0.18660267050775292,124.37246963562752,2056.33984375,68.45196575410078,9,0.482421875,0.10849956572133711,0.19508915801728413,124.37246963562752
5,9,9,0,ecg_only,2048.962890625,62.4476702008913,8,0.5223214285714286,0.12288448194309755,0.23990863332475137,114.87179487179486,2053.4501953125,61.89509979689913,8,0.5212053571428571,0.13990791161496813,0.2855528420774158,115.11777301927197
5,9,10,0,ecg_only,2048.005859375,62.44932293001842,9,0.45556640625,0.097733124039631,0.14305319276346623,131.70418006430867,2049.9423828125,61.90314701166012,9,0.4521484375,0.12896172456899216,0.2152036352659881,132.69978401727863
5,10,1,0,ecg_only,2038.390625,57.70682698658258,10,0.4348958333333333,0.05618606513122765,0.1077587048760447,137.96407185628743,2044.47265625,63.393913862604634,10,0.4305555555555556,0.045694695098096726,0.08812901697405061,139.3548387096774
5,10,2,0,ecg_only,2042.9130859375,58.27181780786695,9,0.43115234375,0.07210543637249395,0.1381620248736515,139.16194790486975,2042.697265625,62.54117512705684,9,0.43115234375,0.043714127138706815,0.08275878480290519,139.16194790486975
5,10,3,0,ecg_only,2047.669921875,55.21255477408555,9,0.4609375,0.07017673524695969,0.08888021759850244,130.16949152542372,2052.708984375,57.78378744211914,9,0.4599609375,0.07904125787699323,0.1265941869504396,130.44585987261146
5,10,4,0,ecg_only,2040.1279296875,57.97452162314542,9,0.443359375,0.06855440927650096,0.09270953508785036,135.33039647577093,2052.541015625,57.99018536759911,9,0.4677734375,0.04974720948027355,0.0736881881935027,128.26722338204593
5,10,5,0,ecg_only,2029.21875,58.618311518777986,10,0.44140625,0.050797940633154064,0.08526906231618388,135.92920353982302,2044.8095703125,60.36186343086683,10,0.4409722222222222,0.0735520227665279,0.12566959329801103,136.06299212598427
5,10,6,0,ecg_only,2040.9267578125,58.984103946694574,9,0.44677734375,0.05211358781110641,0.08491682840012169,134.29508196721312,2046.1689453125,62.04572227634943,9,0.447265625,0.08012574803424224,0.13476764685336334,134.14847161572052
5,10,7,0,ecg_only,2049.6796875,55.37086378369353,9,0.45068359375,0.08341324471521833,0.12590354247966407,133.1310942578548,2048.115234375,58.34099988784747,9,0.44970703125,0.08096492346934851,0.12627523340034855,133.42019543973942
5,10,8,0,ecg_only,2049.138671875,53.11051556764521,10,0.4340277777777778,0.07899782494759344,0.08800990170345359,138.24,2049.447265625,55.87674032825012,9,0.4853515625,0.10508375188233417,0.1344356564718854,123.62173038229376
5,10,9,0,ecg_only,2044.9482421875,58.092281255269576,10,0.4270833333333333,0.03252603124165832,0.046260622196589885,140.4878048780488,2048.849609375,61.17646127318834,10,0.4270833333333333,0.0318943976924893,0.047461339375870576,140.4878048780488
5,10,10,0,ecg_only,2044.5966796875,60.1305580583868,9,0.44873046875,0.06290874338680463,0.10128309782001071,133.71055495103374,2051.759765625,62.61766191994131,9,0.44873046875,0.05522329259730975,0.09896445195683182,133.71055495103374
5,11,1,0,ecg_only,2056.7294921875,63.04444170750405,9,0.458984375,0.068359375,0.11166293248464966,130.72340425531914,2061.322265625,67.36006655832477,9,0.45947265625,0.0460928189458404,0.07352530844643126,130.5844845908608
5,11,2,0,ecg_only,2055.0068359375,64.28857177665762,9,0.4599609375,0.07257508697557116,0.14067149528974793,130.44585987261146,2065.3828125,66.83323708746902,9,0.46044921875,0.055154171653256076,0.09673674249906473,130.30752916224813
5,11,3,0,ecg_only,2049.9921875,59.992414376442994,9,0.474609375,0.06830354863299105,0.09172857926766492,126.41975308641975,2053.572265625,59.12949781669419,9,0.474609375,0.06694975195704145,0.10675268428793054,126.41975308641975
5,11,4,0,ecg_only,2055.484375,58.747438025920545,9,0.44189453125,0.07182715108633163,0.11794768319463567,135.77900552486187,2053.962890625,60.31917539032913,9,0.4658203125,0.09670927577536756,0.14911879599192168,128.80503144654088
5,11,5,0,ecg_only,2057.5556640625,57.87274586549481,10,0.4283854166666667,0.09210801658243434,0.16858082521125067,140.06079027355622,2057.4833984375,59.490510320034424,9,0.455078125,0.07149611413173096,0.1303858536906283,131.84549356223175
5,11,6,0,ecg_only,2056.75390625,57.867777495262516,9,0.44384765625,0.09272588213729567,0.18173210781883534,135.18151815181517,2059.51171875,57.98130641785246,9,0.443359375,0.06292579567807427,0.11795692348476655,135.33039647577093
5,11,7,0,ecg_only,2062.9365234375,61.79779648509737,9,0.44921875,0.07834441843801399,0.15541770518810752,133.56521739130434,2064.349609375,64.44711403670387,9,0.44873046875,0.07166764576561002,0.14046214528410314,133.71055495103374
5,11,8,0,ecg_only,2066.2783203125,60.31444037285888,10,0.4427083333333333,0.06664835360452982,0.10403026551238886,135.52941176470588,2060.2958984375,64.92356791394928,10,0.4288194444444444,0.061233305863015265,0.08759716633433234,139.91902834008098
5,11,9,0,ecg_only,2046.0234375,59.17010235907653,9,0.4580078125,0.08118400828170283,0.11779048735713066,131.00213219616205,2044.3330078125,59.292042740652086,9,0.462890625,0.06819175878943785,0.09480203983993435,129.62025316455697
5,11,10,0,ecg_only,2033.431640625,59.49252525629459,10,0.4357638888888889,0.08266149900775982,0.1426516826521039,137.68924302788844,2036.2236328125,60.51040868047144,10,0.4331597222222222,0.0714473531475998,0.11214747828090306,138.51703406813627
5,12,1,0,ecg_only,2052.880859375,61.471978696691345,10,0.4114583333333333,0.05823093691405703,0.09253155144433337,145.8227848101266,2057.5947265625,65.87476882314925,10,0.4110243055555556,0.0585728486383241,0.09193183231064302,145.9767687434002
5,12,2,0,ecg_only,2060.2265625,60.736925013196,10,0.4153645833333333,0.05714351108721794,0.09252124439317977,144.45141065830722,2062.412109375,63.763801277551174,10,0.4153645833333333,0.060766989008218926,0.11262268158858199,144.45141065830722
5,12,3,0,ecg_only,2057.826171875,56.228546764814745,10,0.4388020833333333,0.08627223319519503,0.1403398802280445,136.7359050445104,2056.2919921875,57.64424582297819,10,0.4353298611111111,0.08162953704092307,0.11491115953187896,137.82652043868396
5,12,4,0,ecg_only,2056.837890625,59.61835892198423,9,0.43359375,0.0744240581377252,0.14008141466438365,138.3783783783784,2055.4130859375,63.36897672813362,9,0.43408203125,0.060529152522183154,0.10283161391475143,138.22272215973004
5,12,5,0,ecg_only,2052.46875,61.769615115868255,10,0.4227430555555556,0.06564302460433437,0.12367307179221933,141.93018480492813,2051.796875,63.69959519286112,10,0.4227430555555556,0.0507237180034561,0.09003461384075086,141.93018480492813
5,12,6,0,ecg_only,2040.8447265625,56.498170527656086,10,0.4314236111111111,0.06195813037807054,0.06608954810815872,139.07444668008048,2049.1396484375,56.35144524434492,10,0.4309895833333333,0.07549838028293866,0.1168043867776712,139.21450151057402
5,12,7,0,ecg_only,2050.865234375,61.29223195153949,10,0.4366319444444444,0.06249397154568166,0.10246928429355215,137.41550695825052,2060.51953125,63.47244734256962,10,0.4370659722222222,0.07886895012847124,0.14446525097833865,137.27904667328698
5,12,8,0,ecg_only,2049.54296875,62.623207538711426,9,0.4482421875,0.07875115287784581,0.13968404188352956,133.8562091503268,2059.30859375,64.59214351817457,9,0.4482421875,0.08485985365992328,0.16076756154419358,133.8562091503268
5,12,9,0,ecg_only,2033.392578125,57.92433594712823,9,0.45654296875,0.06290874338680463,0.10462834816071258,131.42245989304814,2045.9306640625,58.10312153051909,9,0.44921875,0.07370297759419221,0.12444947126620305,133.56521739130434
5,12,10,0,ecg_only,2040.8876953125,56.56850870157057,10,0.4205729166666667,0.05992413280731172,0.09887906295974327,142.6625386996904,2047.9970703125,57.18291470014825,10,0.4392361111111111,0.06426836183644664,0.09951358752232028,136.600790513834
5,13,1,1,ecg_only,2052.8095703125,55.61383197412869,9,0.4873046875,0.1122452288252956,0.15168412599623296,123.12625250501002,2048.4541015625,55.92796569211538,10,0.4314236111111111,0.06904998647176945,0.06530567772383003,139.07444668008048
5,13,2,1,ecg_only,2057.1982421875,58.46194973846318,10,0.4184027777777778,0.04918513390037522,0.09443919846669205,143.40248962655602,2056.9326171875,61.80357581074156,10,0.4231770833333333,0.056666810278617044,0.101157923145145,141.7846153846154
5,13,3,1,ecg_only,2060.14453125,60.01182020104684,9,0.4404296875,0.047551675093515045,0.07427746737469051,136.23059866962305,2063.9921875,61.99856614946707,9,0.4404296875,0.0657350616310407,0.11608484211642978,136.23059866962305
5,13,4,1,ecg_only,2054.4873046875,56.099606544556444,9,0.484375,0.07012235574615719,0.07148086813216926,123.87096774193549,2061.6591796875,55.13394603669401,9,0.47119140625,0.0902660231803523,0.16196980599005284,127.33678756476684
5,13,5,1,ecg_only,2056.6416015625,55.85249710955185,9,0.48095703125,0.09824893389795616,0.1073330598752663,124.751269035533,2062.025390625,55.60653959689599,9,0.48095703125,0.10348683082722693,0.16541217795577032,124.751269035533
5,13,6,1,ecg_only,2059.0830078125,59.52279257784839,9,0.4287109375,0.053121768628746666,0.09033976046807171,139.95444191343964,2059.123046875,62.909273214221386,10,0.4205729166666667,0.05362307365097396,0.09266543878340983,142.6625386996904
5,13,7,1,ecg_only,2055.6572265625,60.463175506319914,10,0.4270833333333333,0.05740991584648074,0.11008766149251525,140.4878048780488,2052.8876953125,63.48860383836351,10,0.4110243055555556,0.049813078942373516,0.08805323499101446,145.9767687434002
5,13,8,1,ecg_only,2049.7822265625,61.41364011290504,10,0.4361979166666667,0.06835627473128483,0.10018217658775125,137.55223880597015,2048.5654296875,61.89136160104246,10,0.4344618055555556,0.06827630810647052,0.09085705741885163,138.1018981018981
5,13,9,1,ecg_only,2044.560546875,60.75805507050837,9,0.43310546875,0.0629390553771858,0.11142842834239897,138.53438556933483,2046.576171875,62.56607490561845,9,0.43310546875,0.057291435472426516,0.09503169628072032,138.53438556933483
5,13,10,1,ecg_only,2043.78125,57.57914899021607,9,0.45703125,0.08629188294677548,0.11729905404715395,131.28205128205127,2047.673828125,58.794556396897484,9,0.4560546875,0.05663220573202336,0.07608955602258621,131.56316916488223
5,14,1,0,ecg_only,2062.6083984375,60.701723099750204,10,0.4370659722222222,0.05470127692426441,0.09806554852057181,137.27904667328698,2063.4814453125,63.86969192307547,10,0.4296875,0.04712750278868192,0.07461602146442604,139.63636363636363
5,14,2,0,ecg_only,2054.5546875,60.92737846631302,10,0.4275173611111111,0.06909907608484589,0.11089038116871178,140.3451776649746,2056.4658203125,63.817403121123334,10,0.4249131944444444,0.06436501705526605,0.10476108071799911,141.2053115423902
5,14,3,0,ecg_only,2049.4228515625,60.57239909805118,10,0.4079861111111111,0.04239720542187748,0.07048860325241636,147.06382978723406,2050.939453125,63.89623428615279,10,0.3980034722222222,0.04463105760619885,0.07108140775421033,150.752453653217
5,14,4,0,ecg_only,2049.9833984375,56.42807505201309,10,0.4123263888888889,0.06225840651750385,0.07979178990552928,145.5157894736842,2050.1328125,57.63555639394699,10,0.4084201388888889,0.05797155505925,0.059450122090720404,146.90754516471839
5,14,5,0,ecg_only,2059.5390625,61.661139548106746,9,0.43115234375,0.04542590452730714,0.08447930887046924,139.16194790486975,2059.8369140625,65.47419998682298,9,0.43115234375,0.057805158819160755,0.09242695520242497,139.16194790486975
5,14,6,0,ecg_only,2054.85546875,62.874072816963064,10,0.4353298611111111,0.05487662952985632,0.09108768606532046,137.82652043868396,2055.54296875,66.08208458944469,10,0.4353298611111111,0.06171136314991744,0.11274962810446566,137.82652043868396
5,14,7,0,ecg_only,2038.3408203125,57.28939056406594,9,0.4794921875,0.10251115691709108,0.11370379936464461,125.13238289205702,2041.048828125,58.45166571783228,9,0.47509765625,0.09804488100250772,0.11154574203870037,126.28982528263104
5,14,8,0,ecg_only,2045.4765625,61.653164816849376,10,0.4131944444444444,0.059719446398669676,0.1073330598752663,145.21008403361344,2046.2138671875,65.27554399343303,10,0.4131944444444444,0.06192163432323797,0.11067516848833742,145.21008403361344
5,14,9,0,ecg_only,2055.5458984375,60.331504800215576,10,0.4144965277777778,0.03771299304900774,0.07086641623643256,144.75392670157066,2054.9755859375,64.36969327071593,10,0.4092881944444444,0.05038836321964871,0.07925212330184954,146.59597030752917
5,14,10,0,ecg_only,2058.400390625,60.45862996584865,10,0.43359375,0.06333534639070473,0.1050973640612227,138.3783783783784,2058.763671875,64.23298054459511,10,0.4379340277777778,0.07741527549157678,0.11202836249765614,137.00693756194252
5,15,1,0,ecg_only,2046.927734375,58.86263017232957,10,0.4348958333333333,0.08938022032151309,0.10441458128612234,137.96407185628743,2047.2763671875,62.00444783130621,10,0.4348958333333333,0.09276829755498373,0.12554811468740779,137.96407185628743
5,15,2,0,ecg_only,2035.953125,59.06066258716012,10,0.4288194444444444,0.04352846385201708,0.08448253419485222,139.91902834008098,2039.509765625,62.093662732259304,10,0.4292534722222222,0.04131707363646623,0.07797837803780129,139.77755308392315
5,15,3,0,ecg_only,2034.7763671875,60.19843316526331,9,0.45654296875,0.07486961475296126,0.13551768353326887,131.42245989304814,2036.916015625,62.764135432783235,9,0.45654296875,0.04697407742132847,0.06910861723810208,131.42245989304814
5,15,4,0,ecg_only,2037.8330078125,57.19061163269557,8,0.5005580357142857,0.08284904252468855,0.10201222544687966,119.86622073578596,2043.8818359375,57.208130689106014,8,0.49497767857142855,0.08171746655350659,0.10082111211018958,121.21758737316799
5,15,5,0,ecg_only,2041.4365234375,57.42081737141168,9,0.48486328125,0.08878532244033899,0.11494316639590225,123.74622356495469,2050.9140625,56.685884395906655,9,0.478515625,0.09625954320587193,0.13129383834212155,125.38775510204081
5,15,6,0,ecg_only,2038.73046875,55.86744574016494,10,0.4353298611111111,0.0648199816062308,0.0647336461686584,137.82652043868396,2048.873046875,56.37619088346651,10,0.4388020833333333,0.07002255031119142,0.06662131992504117,136.7359050445104
5,15,7,0,ecg_only,2035.0087890625,60.59271789427241,9,0.4326171875,0.050243167849244375,0.09286224015885805,138.69074492099324,2045.216796875,62.99649567924386,9,0.4326171875,0.056665875298453156,0.10435715469773571,138.69074492099324
5,15,8,0,ecg_only,2036.369140625,61.13585078187736,10,0.4253472222222222,0.05251915458370145,0.09010872948767401,141.06122448979593,2040.5478515625,63.210227546481484,10,0.42578125,0.06165333646745685,0.10310946260793369,140.91743119266056
5,15,9,0,ecg_only,2038.3388671875,56.10510342176312,9,0.46484375,0.07074519639169857,0.09452571559950347,129.07563025210084,2039.236328125,56.26118646227019,9,0.45751953125,0.0640505151470352,0.09210801658243434,131.1419423692636
5,15,10,0,ecg_only,2038.9052734375,56.118490466074164,10,0.4270833333333333,0.042869993836339396,0.07227882058579427,140.4878048780488,2040.93359375,56.28465498770478,10,0.42578125,0.042192322255259505,0.06104882659409291,140.91743119266056
5,16,1,1,ecg_only,2058.0595703125,58.85561788024461,10,0.4214409722222222,0.06294450343848368,0.0989272754853834,142.3686920700309,2055.6689453125,59.857209423605646,10,0.4197048611111111,0.05606859465956646,0.07469266865614431,142.95760082730092
5,16,2,1,ecg_only,2056.2236328125,60.395456130222854,9,0.439453125,0.058561188869394334,0.0994916802931011,136.53333333333333,2055.83984375,63.322199207510046,9,0.43994140625,0.01597955876167341,0.024924901154159927,136.38179800221977
5,16,3,1,ecg_only,2052.501953125,58.68275736372911,9,0.4638671875,0.08768965739004568,0.13095304150435405,129.34736842105264,2058.197265625,61.167196519238914,9,0.458984375,0.06319800659126343,0.08410433189778761,130.72340425531914
5,16,4,1,ecg_only,2048.54296875,57.31565310791218,9,0.45849609375,0.09625830478262135,0.14354756952105382,130.8626198083067,2054.484375,57.90634064685296,9,0.458984375,0.07814941024899436,0.09157398376912634,130.72340425531914
5,16,5,1,ecg_only,2047.462890625,57.59813797245782,10,0.4275173611111111,0.06253013355365278,0.0943280518831504,140.3451776649746,2049.2939453125,57.73036836960907,10,0.4262152777777778,0.0597667439427652,0.11301153235538619,140.77393075356414
5,16,6,1,ecg_only,2056.1396484375,62.13208138615995,9,0.4375,0.0669212566367649,0.11457276398764175,137.14285714285714,2056.12890625,64.44669084835706,9,0.4375,0.046875,0.07492032132866937,137.14285714285714
5,16,7,1,ecg_only,2058.3193359375,61.73850615091461,10,0.43359375,0.04734286188202563,0.09331155613743167,138.3783783783784,2059.5654296875,64.17071360504723,10,0.4370659722222222,0.034520900738104474,0.06095502552471576,137.27904667328698
5,16,8,1,ecg_only,2051.798828125,57.99827043651137,10,0.44140625,0.07136557086481626,0.08592640198226147,135.92920353982302,2055.90625,57.9083917574776,10,0.4392361111111111,0.06892710948300457,0.09287104240600579,136.600790513834
5,16,9,1,ecg_only,2058.595703125,62.85291471194367,10,0.4331597222222222,0.06188511674526935,0.11320545686435432,138.51703406813627,2062.0625,64.69029281410775,10,0.4353298611111111,0.062475882692522855,0.09350554065301425,137.82652043868396
5,16,10,1,ecg_only,2063.267578125,61.4743712763459,9,0.44189453125,0.04351733877207694,0.07890238233095373,135.77900552486187,2061.84765625,63.879374195681,9,0.44140625,0.04732047437338171,0.09027941729089708,135.92920353982302
5,17,1,1,ecg_only,2049.93359375,57.442477038642416,9,0.45703125,0.07846605244765885,0.12461575988456333,131.28205128205127,2053.4228515625,59.11262675493783,9,0.4541015625,0.06625528566399792,0.09073701897639802,132.1290322580645
5,17,2,1,ecg_only,2050.4326171875,57.292776651438174,10,0.4275173611111111,0.056189417821813394,0.09038348407942647,140.3451776649746,2057.21875,59.03399609811706,9,0.44580078125,0.05805210259414026,0.11045583628298332,134.58926615553122
5,17,3,1,ecg_only,2050.8037109375,57.209469361867384,9,0.44970703125,0.09353485852949069,0.1307864768967438,133.42019543973942,2054.98046875,59.12068570225885,9,0.4501953125,0.05632827398992085,0.04941058844013093,133.2754880694143
5,17,4,1,ecg_only,2056.3203125,62.06776269149182,9,0.45361328125,0.06425862877046133,0.1079002134135401,132.2712594187298,2057.017578125,65.87350036535572,9,0.45361328125,0.06496710018028326,0.11266380373922705,132.2712594187298
5,17,5,1,ecg_only,2063.3154296875,62.614637960502044,10,0.4327256944444444,0.06894350573494716,0.12113312111981002,138.65596790371114,2062.0498046875,65.67046386451524,10,0.4327256944444444,0.06425956778931163,0.11335699245859433,138.65596790371114
5,17,6,1,ecg_only,2054.484375,58.94018212017482,9,0.44189453125,0.08282810280120788,0.09725363433692888,135.77900552486187,2054.75,59.73342474067597,9,0.48046875,0.11455373670793109,0.1713351403806034,124.8780487804878
5,17,7,1,ecg_only,2051.361328125,62.59727046853628,10,0.4379340277777778,0.048455853253308555,0.07802728263843038,137.00693756194252,2054.1513671875,65.57314571939528,10,0.4379340277777778,0.07206168305111219,0.12236293052872722,137.00693756194252
5,17,8,1,ecg_only,2055.0009765625,62.29170759405962,9,0.4755859375,0.05103415090021062,0.0663569932865837,126.16016427104722,2059.0341796875,64.19922759610479,9,0.4755859375,0.09402932833644162,0.16118733858284168,126.16016427104722
5,17,9,1,ecg_only,2049.9326171875,57.74778768917542,9,0.45458984375,0.08956600879256747,0.12653390605122547,131.98711063372718,2052.9423828125,59.62604493799002,9,0.455078125,0.0824255775234734,0.13466247022566008,131.84549356223175
5,17,10,1,ecg_only,2050.3642578125,58.10259255453695,8,0.5106026785714286,0.11924741418922395,0.23045219749881157,117.50819672131146,2050.4267578125,61.137432487854525,8,0.5078125,0.09611507095060215,0.15210150344510215,118.15384615384616
5,18,1,1,ecg_only,2051.0,60.82801061188834,9,0.4697265625,0.06628406728380203,0.11043609969097676,127.73388773388774,2053.453125,64.07479874322178,9,0.47021484375,0.05302068903915266,0.08537764062011284,127.601246105919
5,18,2,1,ecg_only,2053.927734375,61.28065760441416,9,0.47314453125,0.060968713835642466,0.11191642414455338,126.81114551083591,2056.416015625,64.62907066289718,9,0.47314453125,0.10589175696779039,0.21352068258541387,126.81114551083591
5,18,3,1,ecg_only,2046.3447265625,57.85908014983134,8,0.5022321428571429,0.10456284937332606,0.20087141295931293,119.46666666666665,2048.3837890625,59.12909746387987,8,0.5,0.10535501473334948,0.20329395017014462,120.0
5,18,4,1,ecg_only,2046.111328125,57.62926459099217,8,0.50390625,0.10724163043849688,0.1689274361327532,119.06976744186046,2046.0556640625,57.66941607082255,8,0.5027901785714286,0.09040523031356354,0.12310369885008703,119.33407325194229
5,18,5,1,ecg_only,2045.4248046875,57.490863828872655,8,0.5200892857142857,0.11043468979943277,0.2229016830780118,115.36480686695279,2048.818359375,57.94530535714994,8,0.5189732142857143,0.09301302056475255,0.17003034732193154,115.61290322580645
5,18,6,1,ecg_only,2040.265625,56.52773232214764,8,0.5323660714285714,0.09943062756045708,0.19237372414023526,112.70440251572327,2047.1591796875,58.257904621515415,8,0.5379464285714286,0.10474733193505577,0.1903203144776316,111.53526970954356
5,18,7,1,ecg_only,2041.2802734375,57.03754726811744,8,0.5385044642857143,0.07866522404779507,0.12541638007823014,111.41968911917098,2045.7744140625,58.3287330838953,9,0.47119140625,0.1258657988715025,0.18354625145447964,127.33678756476684
5,18,8,1,ecg_only,2044.51953125,57.699633147926285,9,0.4638671875,0.08059451450963005,0.11848242881330548,129.34736842105264,2050.2509765625,58.7368544054972,9,0.4609375,0.09889835079040753,0.16568868805819675,130.16949152542372
5,18,9,1,ecg_only,2048.9912109375,57.79968541168611,8,0.5139508928571429,0.11727781383800795,0.22361930795287538,116.74267100977198,2051.828125,58.05122796599031,8,0.5111607142857143,0.12038836479705027,0.23557634817679066,117.37991266375545
5,18,10,1,ecg_only,2049.6162109375,58.22501619272429,8,0.5106026785714286,0.08023692023589468,0.10248479466740827,117.50819672131146,2050.25,57.77086338501442,8,0.5094866071428571,0.09640622157493048,0.13233292704663177,117.76560788608982
6,1,1,0,ecg_only,2051.912109375,74.01534686882874,11,0.391015625,0.01964420462606275,0.028940248399600087,153.44655344655345,2052.685546875,57.44906665784204,11,0.38984375,0.018798764711743694,0.013718299157360338,153.90781563126254
6,1,2,0,ecg_only,2064.0361328125,78.29950300597291,10,0.4301215277777778,0.11981210825991974,0.15380781869844407,139.4954591321897,2062.80078125,60.669389027866835,10,0.4305555555555556,0.11927790897660072,0.15223102800898336,139.3548387096774
6,1,3,0,ecg_only,2060.4443359375,78.41423227569818,7,0.6015625,0.10173762945634145,0.11775902300885482,99.74025974025975,2061.2802734375,61.963230666361575,7,0.6009114583333334,0.10152284549039696,0.11606230647533677,99.84832069339112
6,1,4,0,ecg_only,2049.18359375,79.37232699962223,8,0.5239955357142857,0.11633672891472875,0.12151305094301257,114.50479233226838,2053.53515625,63.53001823676022,8,0.5234375,0.11672154388031188,0.12573028858930532,114.6268656716418
6,1,5,0,ecg_only,2044.7880859375,75.67015061431168,9,0.423828125,0.030633568635465083,0.04483079859016726,141.5668202764977,2047.392578125,58.13106641388726,10,0.4166666666666667,0.045851085577237,0.08362021339299862,144.0
6,1,6,0,ecg_only,2052.822265625,69.33540291937405,9,0.4345703125,0.07022428276697967,0.07534102157025746,138.06741573033707,2051.6484375,51.476134464755546,10,0.4210069444444444,0.06992024501945232,0.09442909963776229,142.51546391752578
6,1,7,0,ecg_only,2061.4375,72.6260891699739,10,0.4383680555555556,0.09708649379889861,0.13962453357478607,136.87128712871285,2059.6162109375,54.667998048611636,10,0.4383680555555556,0.09689421043597395,0.13554884499649125,136.87128712871285
6,1,8,0,ecg_only,2055.5625,78.93283586774898,8,0.5658482142857143,0.12309210427644854,0.14760422639524784,106.03550295857988,2055.291015625,60.622497349630905,8,0.5619419642857143,0.12330442807709042,0.14252014374711358,106.77259185700099
6,1,9,0,ecg_only,2046.4609375,77.47957415745839,7,0.6158854166666666,0.1170934228860004,0.1436416881351389,97.42071881606766,2052.1962890625,59.14948576206257,7,0.6165364583333334,0.11564559982130541,0.14189960552050523,97.31784582893347
6,1,10,0,ecg_only,2043.390625,75.86350400709405,7,0.6328125,0.1136174966581952,0.1381730685589634,94.81481481481481,2049.169921875,57.14360024037159,7,0.6341145833333334,0.11070771634895821,0.1346835121219372,94.62012320328542
6,2,1,1,ecg_only,2048.978515625,79.19807747617129,9,0.466796875,0.1372756514906686,0.1319232308552429,128.53556485355648,2050.2412109375,60.30290905686997,10,0.4149305555555556,0.1042118680863105,0.17501460423157816,144.60251046025104
6,2,2,1,ecg_only,2045.607421875,73.12800597182841,8,0.5145089285714286,0.12466323017725413,0.15137243774496786,116.61605206073752,2049.71484375,53.88325355839313,9,0.4462890625,0.10349259030268106,0.16419531188931238,134.44201312910283
6,2,3,1,ecg_only,2033.68359375,66.35520453088033,9,0.45068359375,0.059752139895119225,0.09235617513700695,133.1310942578548,2039.505859375,48.46192896922,9,0.44384765625,0.059013389878370175,0.09249768110631013,135.18151815181517
6,2,4,1,ecg_only,2036.822265625,73.1929949123681,10,0.4318576388888889,0.031687000431326356,0.061017575593020734,138.93467336683418,2040.4619140625,54.678557435354534,10,0.4296875,0.021076059969060736,0.021836601342771385,139.63636363636363
6,2,5,1,ecg_only,2051.728515625,73.97764473970587,9,0.43017578125,0.04312106791828196,0.0767030188264987,139.47786606129398,2052.625,55.02550899923598,9,0.4296875,0.03526459001028865,0.06289980938926093,139.63636363636363
6,2,6,1,ecg_only,2053.0771484375,68.09595786686675,9,0.4443359375,0.08255852675136269,0.12566959329801103,135.03296703296704,2054.966796875,49.953756653553995,9,0.43603515625,0.08300063158277561,0.12447574213261106,137.60358342665174
6,2,7,1,ecg_only,2051.017578125,72.39234790196765,10,0.41796875,0.025113673856752488,0.03534562709151144,143.55140186915887,2055.9638671875,54.83054206240679,10,0.4184027777777778,0.044019062130236465,0.06136046122033206,143.40248962655602
6,2,8,1,ecg_only,2046.84375,73.69104502710964,10,0.3980034722222222,0.02432105160785052,0.033346427888601315,150.752453653217,2052.068359375,55.99212778481319,10,0.4014756944444444,0.03790730132100356,0.05015767983748538,149.44864864864866
6,2,9,1,ecg_only,2038.658203125,74.53822930564718,10,0.4301215277777778,0.03886427327347852,0.04697661512033474,139.4954591321897,2043.224609375,55.806921087385405,10,0.4275173611111111,0.05046681199218275,0.08657875101289648,140.3451776649746
6,2,10,1,ecg_only,2040.9462890625,74.1601679715782,10,0.4227430555555556,0.04426232216660403,0.055809500243084176,141.93018480492813,2046.3212890625,55.09125327491486,10,0.4253472222222222,0.04732296239735768,0.08755360732301917,141.06122448979593
6,3,1,1,ecg_only,2048.7841796875,69.78186788597174,9,0.4365234375,0.07816771293324913,0.08661965460986405,137.4496644295302,2049.9384765625,50.90402584942706,9,0.43408203125,0.06889958148269996,0.07794342739374456,138.22272215973004
6,3,2,1,ecg_only,2045.69140625,75.3676307833639,10,0.4192708333333333,0.02186569742675347,0.03981214279421779,143.10559006211182,2050.13671875,58.06788910821022,10,0.4201388888888889,0.017186623153839696,0.03241834506386295,142.8099173553719
6,3,3,1,ecg_only,2045.8857421875,75.42853892403579,10,0.4153645833333333,0.024705294220065465,0.03908690643787012,144.45141065830722,2048.8818359375,57.64355976661082,10,0.4153645833333333,0.04326366595269831,0.08683172891004655,144.45141065830722
6,3,4,1,ecg_only,2041.7275390625,70.07013076893061,10,0.4309895833333333,0.06695291735511688,0.07441124297479977,139.21450151057402,2045.9248046875,52.34791224086666,10,0.42578125,0.07270710212663395,0.11229194900581002,140.91743119266056
6,3,5,1,ecg_only,2046.8740234375,73.61914204348079,11,0.390625,0.026028642576496376,0.0401117755227848,153.6,2051.9609375,56.12759631296439,11,0.38671875,0.04494734332388289,0.08067664622218577,155.15151515151516
6,3,6,1,ecg_only,2049.6337890625,79.73775174665859,9,0.42529296875,0.11760079301579703,0.1870110813060285,141.0792192881745,2052.6005859375,61.321224847879364,10,0.4427083333333333,0.1357168147999519,0.1644920900988194,135.52941176470588
6,3,7,1,ecg_only,2048.9560546875,75.07442285656953,9,0.443359375,0.09592210279538027,0.12341171464404799,135.33039647577093,2052.2841796875,56.53725527555005,9,0.4453125,0.10109190855162135,0.13921509234412743,134.73684210526315
6,3,8,1,ecg_only,2049.0576171875,74.77369242385456,10,0.4292534722222222,0.03159769917222447,0.0505742475633752,139.77755308392315,2054.2265625,55.75470689823948,10,0.4318576388888889,0.044580378871905676,0.0813307141158477,138.93467336683418
6,3,9,1,ecg_only,2045.654296875,75.50254562330575,10,0.4153645833333333,0.02693770946038698,0.03542647880315831,144.45141065830722,2048.216796875,56.77331114608334,10,0.4171006944444444,0.032928952670817115,0.05980199567341744,143.85015608740895
6,3,10,1,ecg_only,2046.4501953125,75.14128268297729,10,0.4184027777777778,0.05844728350300955,0.06995896362723561,143.40248962655602,2049.146484375,57.24686150089698,10,0.4162326388888889,0.05441122897296812,0.06339387643405266,144.15015641293013
6,4,1,1,ecg_only,2050.65625,72.7040837165458,10,0.3932291666666667,0.032888882657070545,0.06106444609712298,152.58278145695363,2052.515625,53.95797111163813,10,0.3919270833333333,0.029347467889543347,0.047841596538733946,153.08970099667775
6,4,2,1,ecg_only,2045.14453125,72.86355914545194,10,0.4240451388888889,0.0388060641445436,0.048828125,141.49437052200614,2051.67578125,54.458774898561096,10,0.4214409722222222,0.03895142386490377,0.057276868353965546,142.3686920700309
6,4,3,1,ecg_only,2048.013671875,73.49642455558525,10,0.4266493055555556,0.01946845615625504,0.03659178514686561,140.63072227873855,2051.435546875,54.5898748811964,10,0.4266493055555556,0.029334627167909376,0.05524271728019903,140.63072227873855
6,4,4,1,ecg_only,2047.154296875,67.61182592545748,9,0.45166015625,0.0688026226830164,0.09023111369338303,132.84324324324325,2046.330078125,49.47156729179294,10,0.4331597222222222,0.06419797572953576,0.06800970838468809,138.51703406813627
6,4,5,1,ecg_only,2044.935546875,73.97506538638325,10,0.4144965277777778,0.015994380011014133,0.030226147540121408,144.75392670157066,2045.1396484375,55.48784909105239,10,0.4166666666666667,0.029347467889543347,0.05898308152555273,144.0
6,4,6,1,ecg_only,2048.677734375,74.73997667658817,10,0.4171006944444444,0.016550065941786127,0.03047751276235788,143.85015608740895,2052.587890625,55.77115708623981,10,0.4149305555555556,0.022385064163589628,0.03726325005534944,144.60251046025104
6,4,7,1,ecg_only,2053.5751953125,73.39565436754398,10,0.4197048611111111,0.06531505196886847,0.0803159577927816,142.95760082730092,2057.318359375,54.382975482299145,10,0.41796875,0.05820181416309117,0.057988409528529385,143.55140186915887
6,4,8,1,ecg_only,2058.4013671875,78.34855538517158,10,0.421875,0.09541703625292323,0.11596037194372966,142.22222222222223,2061.4248046875,61.9236252272909,10,0.4214409722222222,0.09370377268207186,0.11024348274742253,142.3686920700309
6,4,9,1,ecg_only,2060.671875,73.77261140395787,8,0.5558035714285714,0.12499501743896164,0.14836038292838236,107.95180722891567,2061.5654296875,60.80695645508821,8,0.5474330357142857,0.12546003119565527,0.14265391107976735,109.60244648318043
6,4,10,1,ecg_only,2050.45703125,76.54399080715953,9,0.45458984375,0.09344305015589187,0.1465829281567568,131.98711063372718,2051.2783203125,60.98635604576773,9,0.455078125,0.09464094874676342,0.15005869852238538,131.84549356223175
6,5,1,1,ecg_only,2038.4130859375,71.10451336550824,10,0.4036458333333333,0.06389502159575676,0.06952137394749096,148.6451612903226,2043.8701171875,53.884948015587035,10,0.4197048611111111,0.07393520194476143,0.10080849922315578,142.95760082730092
6,5,2,1,ecg_only,2043.6376953125,67.56751965164857,9,0.47119140625,0.088127664295801,0.14264881747967004,127.33678756476684,2049.1474609375,49.622645699412395,9,0.46533203125,0.09505194398355939,0.1737293434213835,128.9401888772298
6,5,3,1,ecg_only,2043.6005859375,66.35401356997312,9,0.48291015625,0.08544642852587314,0.12708398132397247,124.24671385237613,2050.2548828125,49.16722973754361,9,0.48095703125,0.07994552426481163,0.1377353783844418,124.751269035533
6,5,4,1,ecg_only,2035.826171875,65.6652633820421,9,0.45068359375,0.0432315075098839,0.07542777004063934,133.1310942578548,2040.8056640625,48.99033633132044,10,0.4314236111111111,0.05263738866595671,0.07258165693774236,139.07444668008048
6,5,5,1,ecg_only,2040.470703125,71.97656628943976,10,0.4288194444444444,0.04149450834276777,0.06378381169065599,139.91902834008098,2044.212890625,54.66613502166389,10,0.4270833333333333,0.05892556509887896,0.10644083276123995,140.4878048780488
6,5,6,1,ecg_only,2043.38671875,73.11962359625765,10,0.4244791666666667,0.041747967556982804,0.0702717981152579,141.34969325153372,2045.0595703125,55.10624828288865,10,0.4240451388888889,0.03949891247379672,0.07255537351955746,141.49437052200614
6,5,7,1,ecg_only,2044.4130859375,69.5968459168283,10,0.4270833333333333,0.07212178345899078,0.10101641047645117,140.4878048780488,2044.2626953125,51.91083414962902,10,0.4214409722222222,0.06516779298306756,0.0951935573160925,142.3686920700309
6,5,8,1,ecg_only,2048.65625,73.08485142498752,10,0.4123263888888889,0.031092872723215825,0.04996718283385169,145.5157894736842,2049.0576171875,54.998043294259155,10,0.4123263888888889,0.04651595387697512,0.06463043792099335,145.5157894736842
6,5,9,1,ecg_only,2048.67578125,70.53037327334337,9,0.44140625,0.06796762750509888,0.07245014449606019,135.92920353982302,2050.8544921875,53.28292078883253,9,0.4462890625,0.06815678686099312,0.09255657807573314,134.44201312910283
6,5,10,1,ecg_only,2048.5576171875,72.15961718395342,10,0.4296875,0.02946278254943948,0.033289180759881465,139.63636363636363,2054.0400390625,55.2046384628228,10,0.4327256944444444,0.05045561249239796,0.07791720412233866,138.65596790371114
6,6,1,1,ecg_only,2037.48828125,63.30979957357233,9,0.451171875,0.07470543554259874,0.14876022248787765,132.98701298701297,2039.6962890625,47.780611771187516,9,0.4501953125,0.08696890825702004,0.17500448415811073,133.2754880694143
6,6,2,1,ecg_only,2045.3154296875,69.68277111345202,9,0.4521484375,0.08255852675136269,0.1695896151178001,132.69978401727863,2044.2763671875,53.59538798595616,9,0.4521484375,0.0856206427809021,0.16750741254920204,132.69978401727863
6,6,3,1,ecg_only,2042.876953125,70.60424540239455,10,0.41796875,0.054965809685430814,0.09823073212288727,143.55140186915887,2042.119140625,53.55850211928517,10,0.4249131944444444,0.052173677431299074,0.10626148834949566,141.2053115423902
6,6,4,1,ecg_only,2044.759765625,70.49032307217827,10,0.4053819444444444,0.06982318594510488,0.08564848417687773,148.00856531049251,2045.9619140625,53.64112806209303,10,0.4010416666666667,0.061625831073954335,0.08496654974279769,149.6103896103896
6,6,5,1,ecg_only,2049.05859375,75.54904814852044,10,0.4049479166666667,0.10484803197498643,0.17038706975600895,148.16720257234726,2053.9208984375,59.850420587538984,10,0.4049479166666667,0.10542855458331854,0.1732731220619677,148.16720257234726
6,6,6,1,ecg_only,2047.1806640625,71.11174619170887,10,0.4084201388888889,0.06258433738776366,0.06174779281069233,146.90754516471839,2052.5859375,56.07683795802946,10,0.4136284722222222,0.059851785333118745,0.062148056940223906,145.05771248688353
6,6,7,1,ecg_only,2048.4716796875,65.57302390148635,9,0.48486328125,0.08678641214151822,0.12510458794187823,123.74622356495469,2051.2744140625,49.8020288716715,9,0.47216796875,0.09174361611590455,0.15933067923655553,127.07342295760083
6,6,8,1,ecg_only,2042.62890625,64.81824787958026,9,0.45458984375,0.03756593629476242,0.07436545650805747,131.98711063372718,2046.5458984375,49.56048863720408,9,0.4677734375,0.0928659078632289,0.1698400742143967,128.26722338204593
6,6,9,1,ecg_only,2046.9453125,65.56916477012913,10,0.4422743055555556,0.04822202920948316,0.0772534392248676,135.66241413150146,2049.939453125,49.77331667496077,10,0.4396701388888889,0.08183697048189358,0.15106130888804303,136.4659427443238
6,6,10,1,ecg_only,2049.2880859375,71.87750005603363,9,0.4423828125,0.06662847696646752,0.13358983390250254,135.6291390728477,2052.42578125,54.89583850645829,9,0.4423828125,0.06625528566399792,0.136726721706371,135.6291390728477
6,7,1,0,ecg_only,2046.54296875,73.96974749390134,8,0.5340401785714286,0.09943062756045708,0.11025501630216952,112.35109717868337,2050.2197265625,61.58187799020286,8,0.5306919642857143,0.10472057237267769,0.11704635597324071,113.05993690851734
6,7,2,0,ecg_only,2044.4326171875,67.3570052977534,9,0.4541015625,0.06787636276759822,0.11855599754365626,132.1290322580645,2047.568359375,52.25496401774524,9,0.451171875,0.08254119769185718,0.13805943417989017,132.98701298701297
6,7,3,0,ecg_only,2057.8642578125,72.64491263585519,10,0.4175347222222222,0.056620250299871173,0.07663371608130254,143.7006237006237,2059.251953125,59.01551534022899,10,0.4162326388888889,0.052926479796940845,0.0639927926773667,144.15015641293013
6,7,4,0,ecg_only,2056.208984375,81.00346779170016,9,0.45166015625,0.12785045703721212,0.12463325104331106,132.84324324324325,2057.2890625,67.02218351781814,9,0.4521484375,0.12739930608491543,0.12269427583901668,132.69978401727863
6,7,5,0,ecg_only,2056.1171875,76.37577956780437,9,0.49365234375,0.12106125918704194,0.1826653005517732,121.54302670623146,2034.8115234375,61.72208554296337,9,0.4912109375,0.11667776509129414,0.16846764572537362,122.14711729622266
6,7,6,0,ecg_only,2054.9267578125,65.95224588400663,9,0.47998046875,0.11301891600686237,0.1782930656845783,125.00508646998983,2042.8935546875,54.37007338907082,9,0.47705078125,0.10207647702813605,0.14185965933424685,125.77277379733879
6,7,7,0,ecg_only,2041.638671875,70.8596096922364,10,0.4140625,0.04603559773349919,0.08804240366863003,144.9056603773585,2058.7041015625,55.05985151453085,10,0.4149305555555556,0.05092387082869358,0.09776361285786976,144.60251046025104
6,7,8,0,ecg_only,2039.5263671875,70.51712785129882,10,0.4175347222222222,0.05491780759682859,0.11129385437428418,143.7006237006237,2052.6044921875,54.23711701992236,10,0.4175347222222222,0.06302525715266025,0.12805263057153127,143.7006237006237
6,7,9,0,ecg_only,2045.7177734375,70.63278052083834,10,0.4348958333333333,0.05499664604672624,0.08620342379185121,137.96407185628743,2053.8251953125,54.074544449155816,10,0.4327256944444444,0.056690075927971165,0.10002975021329592,138.65596790371114
6,7,10,0,ecg_only,2051.4287109375,71.56665378159417,10,0.4149305555555556,0.05052277225183514,0.09939852070312089,144.60251046025104,2054.0224609375,54.08455550287704,9,0.42333984375,0.05316438897654165,0.0997979438856064,141.73010380622839
6,8,1,1,ecg_only,2031.826171875,74.61553187026786,11,0.3734375,0.029656645150159856,0.04976956993129269,160.66945606694563,2064.8017578125,61.09924653052274,11,0.373046875,0.0272459187382372,0.048352720384445685,160.83769633507853
6,8,2,1,ecg_only,2028.82421875,75.32686817930339,9,0.486328125,0.15757494884007778,0.12934516726003636,123.37349397590361,2051.5888671875,62.04493640800179,9,0.48876953125,0.15713175883053912,0.1313104399529032,122.75724275724276
6,8,3,1,ecg_only,2033.4501953125,69.72324937829636,9,0.47119140625,0.1301862570803569,0.1502474242856239,127.33678756476684,2044.93359375,55.8169570971489,9,0.4609375,0.1345673360066323,0.1754523212160195,130.16949152542372
6,8,4,1,ecg_only,2037.4970703125,68.47213729077639,10,0.4253472222222222,0.03838140793304539,0.05343501570431427,141.06122448979593,2045.7333984375,53.426590788617354,10,0.4175347222222222,0.028553618408678,0.04430193836802248,143.7006237006237
6,8,5,1,ecg_only,2047.6650390625,70.78462401173611,9,0.43115234375,0.02293882743466083,0.03661411763911663,139.16194790486975,2053.87890625,54.061786342607206,9,0.431640625,0.03155370004180373,0.0553018742315917,139.00452488687782
6,8,6,1,ecg_only,2051.6435546875,65.1113596669329,9,0.4521484375,0.07867845949046644,0.132245045626042,132.69978401727863,2055.60546875,49.15169648107554,10,0.4270833333333333,0.06159831339851495,0.11717936169657688,140.4878048780488
6,8,7,1,ecg_only,2044.853515625,65.64858227584112,9,0.44140625,0.06139153767774106,0.12610249018212896,135.92920353982302,2048.8642578125,50.060355484615094,9,0.46826171875,0.08763934348086387,0.12779383377492382,128.13347236704902
6,8,8,1,ecg_only,2048.986328125,69.33968561062153,10,0.4027777777777778,0.035153570714091295,0.05258950006967289,148.9655172413793,2051.5732421875,53.97775607791574,10,0.4014756944444444,0.0382634320148163,0.06439391219466616,149.44864864864866
6,8,9,1,ecg_only,2049.5185546875,73.7025380081892,10,0.4110243055555556,0.07059592226162313,0.08162333474205806,145.9767687434002,2053.53515625,58.49621661088934,11,0.39375,0.05490470259629406,0.06726870496400776,152.38095238095238
6,8,10,1,ecg_only,2046.1640625,71.24704241051761,9,0.45166015625,0.05156166769569739,0.06915591411867307,132.84324324324325,2050.9072265625,55.23030781103609,9,0.45166015625,0.06562434604863902,0.09812388036781618,132.84324324324325
6,9,1,1,ecg_only,2044.919921875,74.37222574653724,10,0.4375,0.05425173608333245,0.0737159158858032,137.14285714285714,2048.828125,55.89408012803659,10,0.43359375,0.040343576522993925,0.06489549892904746,138.3783783783784
6,9,2,1,ecg_only,2048.875,75.7266749360818,10,0.4140625,0.0369204345800985,0.06324326116676632,144.9056603773585,2051.048828125,56.239682722159884,10,0.4131944444444444,0.04372277867869107,0.08360880778517185,145.21008403361344
6,9,3,1,ecg_only,2042.9599609375,69.41915373069578,10,0.4223090277777778,0.06668508769660121,0.0908990334235945,142.0760534429599,2047.09375,49.94251578377385,10,0.4253472222222222,0.08138686315382883,0.10906939727921651,141.06122448979593
6,9,4,1,ecg_only,2042.2900390625,74.78844419530817,11,0.395703125,0.0294941276265823,0.04844030009827675,151.62882527147087,2045.7314453125,54.89239426999265,11,0.396484375,0.023453770394184493,0.028940248399600087,151.33004926108376
6,9,5,1,ecg_only,2045.029296875,75.10537597980664,10,0.4019097222222222,0.024390662010810967,0.04648683685707775,149.28725701943844,2047.40234375,55.49115070898094,11,0.396484375,0.025925849228195495,0.03820677278937815,151.33004926108376
6,9,6,1,ecg_only,2048.025390625,74.59688108638431,10,0.4027777777777778,0.015564601629375962,0.02231183527108567,148.9655172413793,2049.16015625,54.86636583532379,10,0.3997395833333333,0.025113673856752488,0.034692030602210176,150.09771986970685
6,9,7,1,ecg_only,2046.421875,74.70670353277794,10,0.4010416666666667,0.024359748611809513,0.038098455474865546,149.6103896103896,2048.7197265625,54.509590626216706,10,0.4058159722222222,0.029315355539528267,0.048475287679651785,147.85026737967914
6,9,8,1,ecg_only,2044.5234375,74.64911041036319,11,0.396484375,0.025149091566906052,0.029086338416261296,151.33004926108376,2048.1162109375,54.853864548958676,11,0.393359375,0.032308725752737834,0.06033298353230778,152.53227408143
6,9,9,1,ecg_only,2044.220703125,79.83479108919629,11,0.39140625,0.024631066828803824,0.0458140939733312,153.29341317365268,2048.24609375,59.91462011472,11,0.39140625,0.02665425329567497,0.04467113749585532,153.29341317365268
6,9,10,1,ecg_only,2045.029296875,73.75554217188099,11,0.392578125,0.024905215827023562,0.04154441701443702,152.83582089552237,2049.1201171875,54.96179626271113,11,0.388671875,0.030219836620846,0.05300294905481151,154.3718592964824
6,10,1,1,ecg_only,2040.4677734375,73.58383649075842,10,0.4279513888888889,0.1067567176757712,0.14677705136572675,140.20283975659228,2042.580078125,64.01729680811972,10,0.4283854166666667,0.10547678724520124,0.15476590105982446,140.06079027355622
6,10,2,1,ecg_only,2049.388671875,79.34191798663922,9,0.48876953125,0.15822045502110327,0.12591219891629843,122.75724275724276,2050.1796875,69.01953511888749,9,0.48974609375,0.15754998155773542,0.12752062376967557,122.5124626121635
6,10,3,1,ecg_only,2072.111328125,76.97897762813939,9,0.48291015625,0.13066884304362075,0.16079467700425218,124.24671385237613,2071.044921875,67.52443086228233,9,0.47509765625,0.1320193674733428,0.16839646539981706,126.28982528263104
6,10,4,1,ecg_only,2050.7890625,78.45420911108654,9,0.46826171875,0.09246840272395396,0.12601602977417056,128.13347236704902,2056.4892578125,67.28613313848855,9,0.44677734375,0.08714828648504958,0.10860499042545191,134.29508196721312
6,10,5,1,ecg_only,2019.5419921875,73.8303865019762,11,0.396484375,0.027413415718004295,0.04334197129451364,151.33004926108376,2025.7529296875,62.7635730714734,11,0.395703125,0.028601113293727307,0.043905508593977516,151.62882527147087
6,10,6,1,ecg_only,2036.986328125,79.30049288910399,11,0.39453125,0.01330420809838,0.019136638615493577,152.07920792079207,2039.9892578125,69.07237543814392,11,0.39453125,0.014719877876106853,0.02225000975343107,152.07920792079207
6,10,7,1,ecg_only,2047.708984375,72.5480261010319,11,0.398046875,0.016614195561044324,0.024498551721649452,150.7360157016683,2050.89453125,61.574591209302994,11,0.39609375,0.029605148939838153,0.05568594994881015,151.47928994082838
6,10,8,1,ecg_only,2045.876953125,73.59171637379816,10,0.41796875,0.062472867374453935,0.07708041898699655,143.55140186915887,2053.5986328125,61.31117829619896,10,0.4144965277777778,0.05488692694283763,0.08344896559214163,144.75392670157066
6,10,9,1,ecg_only,2044.083984375,73.46389670103102,11,0.387890625,0.019299405198493165,0.03213271531055486,154.68277945619334,2052.4716796875,61.90290704873964,11,0.38671875,0.013755325673171101,0.018688411581259536,155.15151515151516
6,10,10,1,ecg_only,2042.2099609375,72.8170053488004,10,0.4231770833333333,0.054314202121391174,0.06421594618270936,141.7846153846154,2046.8369140625,61.394788725627926,10,0.4192708333333333,0.05182226234930312,0.08230979494416202,143.10559006211182
6,11,1,0,ecg_only,2065.630859375,76.7010001414517,8,0.5083705357142857,0.11213880064745882,0.140588826365961,118.02414928649836,2064.16015625,66.71232942155885,8,0.5066964285714286,0.11142283889501052,0.13503426576127817,118.41409691629956
6,11,2,0,ecg_only,2063.9580078125,69.08268366217897,9,0.4609375,0.08425646332079294,0.14662753421190203,130.16949152542372,2063.841796875,57.89008620779762,9,0.4580078125,0.08499460539809185,0.14690972471351849,131.00213219616205
6,11,3,0,ecg_only,2071.251953125,69.9870872304156,10,0.4383680555555556,0.06142681532531865,0.10526057290366518,136.87128712871285,2072.892578125,59.91654501713839,10,0.4370659722222222,0.05888079125733202,0.09063636445446958,137.27904667328698
6,11,4,0,ecg_only,2059.501953125,78.12916236470414,9,0.45751953125,0.07099918322026202,0.14499052270444143,131.1419423692636,2062.1513671875,68.70859220404715,9,0.4580078125,0.06567700459906396,0.13381808128331618,131.00213219616205
6,11,5,0,ecg_only,2045.4482421875,73.96586032085239,10,0.4175347222222222,0.04775094631762176,0.07717933518937202,143.7006237006237,2047.6845703125,63.66092978173303,10,0.4118923611111111,0.04702345960559815,0.0651155588991002,145.6691253951528
6,11,6,0,ecg_only,2040.8369140625,73.77077147007132,10,0.4019097222222222,0.061638057208599766,0.06920514733018193,149.28725701943844,2045.0244140625,62.72640546863858,10,0.4001736111111111,0.05723574185454777,0.06568426453437592,149.93492407809111
6,11,7,0,ecg_only,2035.8818359375,72.76036694651721,10,0.4136284722222222,0.0825862599396874,0.0949829407483424,145.05771248688353,2041.73046875,62.06757917105575,10,0.3862847222222222,0.023969967485215408,0.048317644050206957,155.32584269662922
6,11,8,0,ecg_only,2052.958984375,73.71357864799067,10,0.4110243055555556,0.05184770194103455,0.060766989008218926,145.9767687434002,2053.08203125,61.62467600522557,10,0.4084201388888889,0.045222278741774674,0.0569093839231776,146.90754516471839
6,11,9,0,ecg_only,2056.986328125,77.66483106886176,10,0.4236111111111111,0.10062520068897247,0.11844217658560627,141.63934426229508,2054.5341796875,66.17081650356872,11,0.380859375,0.024905215827023562,0.0416463166451028,157.53846153846155
6,11,10,0,ecg_only,2054.404296875,72.89672315791613,9,0.48193359375,0.14526756986629327,0.22051168016268355,124.4984802431611,2055.5810546875,61.72799196991292,11,0.383203125,0.06537456866791265,0.07752591482606352,156.57492354740063
6,12,1,0,ecg_only,2059.046875,71.09692815698422,8,0.5072544642857143,0.13314736820439843,0.18870327874431372,118.28382838283828,2059.9619140625,62.58281633982179,9,0.439453125,0.12684791313382435,0.10727211557592181,136.53333333333333
6,12,2,0,ecg_only,2054.734375,64.04011613519587,8,0.47265625,0.10080849922315578,0.19021338543514207,126.94214876033058,2056.0947265625,55.023111368686315,9,0.41796875,0.07483298461198444,0.10942481327397659,143.55140186915887
6,12,3,0,ecg_only,2052.9091796875,63.83623574317597,9,0.44140625,0.06771459305999888,0.12395805978611274,135.92920353982302,2051.8388671875,54.78869577434962,9,0.44921875,0.05633673867912483,0.10920546490834702,133.56521739130434
6,12,4,0,ecg_only,2058.1826171875,70.79435482014318,9,0.4423828125,0.05923316478172168,0.11556729677424041,135.6291390728477,2053.853515625,61.31031809432961,9,0.4423828125,0.04426963654938725,0.09064087376372641,135.6291390728477
6,12,5,0,ecg_only,2064.865234375,70.04474994227846,10,0.4240451388888889,0.04537199425476382,0.08744461486532669,141.49437052200614,2059.0869140625,60.92217166708061,10,0.4231770833333333,0.03682847818679935,0.07146943149817182,141.7846153846154
6,12,6,0,ecg_only,2060.970703125,63.57019005452253,10,0.4275173611111111,0.046951294649365566,0.0835060872126248,140.3451776649746,2058.0322265625,54.960674297730094,10,0.4366319444444444,0.07358275053117425,0.11173001746065295,137.41550695825052
6,12,7,0,ecg_only,2054.9169921875,69.84385447654334,9,0.447265625,0.05262575619260734,0.10434671010433541,134.14847161572052,2052.4931640625,61.22154913320929,9,0.447265625,0.06188663874122992,0.12327917060983984,134.14847161572052
6,12,8,0,ecg_only,2053.970703125,70.73264142931546,9,0.4453125,0.04513367190738806,0.08175175600178261,134.73684210526315,2048.9990234375,61.04281763634298,9,0.44482421875,0.060655066516460195,0.12484295380132307,134.8847420417124
6,12,9,0,ecg_only,2053.8544921875,63.7779757805467,9,0.48291015625,0.10891955782831038,0.13955914274878872,124.24671385237613,2047.6689453125,54.29457749150816,9,0.47998046875,0.10509622978032127,0.14264881747967004,125.00508646998983
6,12,10,0,ecg_only,2055.548828125,69.33606423293875,10,0.4071180555555556,0.019984139641009268,0.030912483967469557,147.3773987206823,2049.666015625,59.488376764392015,10,0.4079861111111111,0.01958422599423347,0.031035641761856844,147.06382978723406
6,13,1,1,ecg_only,2029.86328125,86.83423537397792,7,0.5963541666666666,0.01589395262465326,0.019136638615493577,100.6113537117904,2035.794921875,80.92558390560211,7,0.5963541666666666,0.015570652009246611,0.019609219371892396,100.6113537117904
6,13,2,1,ecg_only,2055.2197265625,68.18385904523322,9,0.4462890625,0.0973971171302979,0.13495352777752131,134.44201312910283,2052.080078125,59.51844049846145,9,0.45166015625,0.09806433290479023,0.13675860388511996,132.84324324324325
6,13,3,1,ecg_only,2055.7353515625,66.47192546682417,10,0.4153645833333333,0.03932205435036849,0.06351411149026992,144.45141065830722,2055.294921875,56.22422094691616,10,0.4166666666666667,0.0422324863026741,0.07341775831723633,144.0
6,13,4,1,ecg_only,2059.3212890625,67.65864816692554,10,0.4136284722222222,0.025076140322316476,0.05040424961157789,145.05771248688353,2059.91796875,56.62678589015117,10,0.4136284722222222,0.027587237121650527,0.054407766707750466,145.05771248688353
6,13,5,1,ecg_only,2061.748046875,67.83673959126281,9,0.4501953125,0.11580812541277531,0.1479668289775738,133.2754880694143,2062.4599609375,56.06083085585224,9,0.447265625,0.11167025280408442,0.14274810989804482,134.14847161572052
6,13,6,1,ecg_only,2055.8193359375,73.60653138179397,8,0.5005580357142857,0.1609969302791554,0.18546119183911608,119.86622073578596,2056.6162109375,61.721892094847554,8,0.5005580357142857,0.16094276294148738,0.18525539056414234,119.86622073578596
6,13,7,1,ecg_only,2058.552734375,68.68571676728499,10,0.4144965277777778,0.09918840518521672,0.16503617323654382,144.75392670157066,2058.9990234375,57.50668268761315,10,0.4149305555555556,0.100129747401169,0.16669209604181148,144.60251046025104
6,13,8,1,ecg_only,2061.009765625,68.54482097691677,10,0.4114583333333333,0.04610919585840045,0.06298638865858242,145.8227848101266,2060.3125,57.853414576194204,10,0.4097222222222222,0.042966557884599244,0.0557411062219935,146.4406779661017
6,13,9,1,ecg_only,2059.4189453125,72.85805490481224,11,0.38359375,0.021594179626695707,0.02259030152721025,156.41547861507127,2058.296875,61.2770169209825,11,0.383203125,0.02391760861694005,0.036851488797096106,156.57492354740063
6,13,10,1,ecg_only,2062.4130859375,72.32925924424181,9,0.44677734375,0.13289774234826057,0.1727415755549984,134.29508196721312,2058.0537109375,63.25765799350062,9,0.45166015625,0.13043508495074627,0.15667492443765418,132.84324324324325
6,14,1,0,ecg_only,2055.658203125,86.20231002137496,9,0.46826171875,0.11690130253988816,0.14233521075609556,128.13347236704902,2054.39453125,77.4446665454941,9,0.4677734375,0.11677580678502276,0.1410892633956805,128.26722338204593
6,14,2,0,ecg_only,2024.20703125,75.87897763831906,10,0.4040798611111111,0.04784553395666899,0.06869338044948818,148.48549946294307,2026.2353515625,65.92488238483652,10,0.4036458333333333,0.043381070960827293,0.06841515581303513,148.6451612903226
6,14,3,0,ecg_only,2057.1552734375,84.4899928865668,10,0.4149305555555556,0.036494484391628314,0.055294483073797134,144.60251046025104,2058.62109375,75.62128725632559,10,0.4175347222222222,0.025874754445814028,0.04054792869536464,143.7006237006237
6,14,4,0,ecg_only,2064.6962890625,83.21925193414648,10,0.4318576388888889,0.04854906754899154,0.0933830709990775,138.93467336683418,2065.0625,76.04549933263638,10,0.4375,0.03252603124165832,0.062469474967654204,137.14285714285714
6,14,5,0,ecg_only,2030.2744140625,80.68262166730703,9,0.43408203125,0.06339199595183004,0.12603332660079436,138.22272215973004,2029.369140625,72.24981391117194,9,0.43408203125,0.036614582754526726,0.0712058819394006,138.22272215973004
6,14,6,0,ecg_only,2019.74609375,72.36375927642379,9,0.44775390625,0.09586118763249037,0.13557396999160906,134.0021810250818,2023.0419921875,63.015523837136264,9,0.43994140625,0.08890339878652502,0.11593452176575178,136.38179800221977
6,14,7,0,ecg_only,2028.1494140625,75.42961679274545,11,0.397265625,0.06293913113886801,0.08249496907008935,151.03244837758112,2035.458984375,66.14498071636658,11,0.395703125,0.06235456712234979,0.07068525806322898,151.62882527147087
6,14,8,0,ecg_only,2041.2080078125,81.22236726227227,9,0.43994140625,0.1323944693594403,0.1155012610088862,136.38179800221977,2045.89453125,71.82479638914943,9,0.43994140625,0.13200491919165702,0.11452518986110966,136.38179800221977
6,14,9,0,ecg_only,2050.947265625,80.0866910195489,8,0.5022321428571429,0.14297480506024587,0.11804159243916068,119.46666666666665,2054.404296875,71.80367807196136,8,0.5022321428571429,0.14375025995429025,0.12195176535383433,119.46666666666665
6,14,10,0,ecg_only,2041.60546875,77.74438917515381,9,0.421875,0.07664615964979915,0.1119553719181857,142.22222222222223,2044.9990234375,68.94230915217321,9,0.421875,0.07263419524135567,0.10313852725132072,142.22222222222223
6,15,1,0,ecg_only,2065.62890625,78.2411448187826,8,0.5334821428571429,0.031998373184891626,0.04490771969005347,112.46861924686192,2053.6123046875,68.72135116837536,8,0.5295758928571429,0.0398829651455483,0.055701170927623535,113.29820864067439
6,15,2,0,ecg_only,2059.0810546875,76.802317472848,7,0.57421875,0.009830513587592122,0.010909562534194485,104.48979591836735,2055.533203125,64.75273636150438,7,0.57421875,0.010334966058846057,0.011048543456039806,104.48979591836735
6,15,3,0,ecg_only,2050.5234375,75.6956116466377,8,0.54296875,0.07770534611422912,0.10151240751853112,110.50359712230215,2053.796875,63.997846567164856,8,0.5435267857142857,0.07641626235992718,0.09993436566770338,110.39014373716633
6,15,4,0,ecg_only,2050.5263671875,71.16222175263658,8,0.48604910714285715,0.11538527012933184,0.13928031864358414,123.4443168771527,2052.1640625,58.40840215988701,8,0.48604910714285715,0.11574365636680986,0.13855720757916357,123.4443168771527
6,15,5,0,ecg_only,2043.296875,66.133902918506,10,0.3971354166666667,0.039322054350368486,0.07235794356579181,151.08196721311475,2047.1240234375,52.39356071240483,10,0.3984375,0.04109305686994662,0.07620942584033856,150.58823529411765
6,15,6,0,ecg_only,2044.4599609375,66.80979851880616,10,0.4244791666666667,0.041462717000236085,0.0703125,141.34969325153372,2050.7314453125,52.296360520521134,10,0.4157986111111111,0.04469432521477778,0.09114002027593826,144.30062630480168
6,15,7,0,ecg_only,2050.265625,67.81691913884303,10,0.4014756944444444,0.030965380176626686,0.05820181416309117,149.44864864864866,2050.4248046875,52.20441539075002,10,0.4001736111111111,0.04552121736849616,0.08592640198226147,149.93492407809111
6,15,8,0,ecg_only,2053.857421875,68.47345790233813,10,0.4136284722222222,0.0656344147420692,0.07759832236452707,145.05771248688353,2049.640625,52.08783287855596,10,0.4079861111111111,0.05372134877349237,0.06446791970351175,147.06382978723406
6,15,9,0,ecg_only,2059.5107421875,67.79111040712054,10,0.421875,0.061239458418254414,0.08014954894016872,142.22222222222223,2059.17578125,51.44112949845822,10,0.4192708333333333,0.05606523474377861,0.07318357029373122,143.10559006211182
6,15,10,0,ecg_only,2050.482421875,69.9508594506495,11,0.398046875,0.07300508497112118,0.08243329057991883,150.7360157016683,2056.09375,52.95715212261229,11,0.394921875,0.06492958362778961,0.07558815246718746,151.92878338278933
6,16,1,1,ecg_only,2040.580078125,78.92527266737123,8,0.5245535714285714,0.1269331935884634,0.13576677497642786,114.38297872340426,2036.3271484375,71.05495098750924,9,0.458984375,0.11773958494610574,0.127435125520862,130.72340425531914
6,16,2,1,ecg_only,2042.5029296875,72.41428116343441,10,0.4175347222222222,0.04394196339261412,0.08363161744533844,143.7006237006237,2041.26953125,63.33331661558767,10,0.4175347222222222,0.04859560764680002,0.09533370985832641,143.7006237006237
6,16,3,1,ecg_only,2038.279296875,72.21236125661324,10,0.41796875,0.03796192639873242,0.0646451920446694,143.55140186915887,2040.53515625,63.12313374697177,10,0.4188368055555556,0.0421029316415895,0.07164269098029775,143.2538860103627
6,16,4,1,ecg_only,2045.11328125,73.44282466983006,10,0.4166666666666667,0.07685601335090472,0.09723542138979788,144.0,2046.3330078125,63.2628093836285,10,0.4144965277777778,0.07184962481484472,0.09388214969964505,144.75392670157066
6,16,5,1,ecg_only,2051.6484375,73.94872218763211,10,0.4001736111111111,0.05594751057056256,0.06659268406731375,149.93492407809111,2051.3681640625,62.637865149888235,10,0.4019097222222222,0.06069564620282409,0.06989077084016754,149.28725701943844
6,16,6,1,ecg_only,2054.8876953125,79.3183858444539,10,0.4092881944444444,0.09802495981592434,0.12354963014270191,146.59597030752917,2056.2080078125,69.5074656956894,10,0.4092881944444444,0.09649092521937676,0.11616579348994452,146.59597030752917
6,16,7,1,ecg_only,2055.4169921875,75.53263305736179,10,0.4322916666666667,0.13401973790292773,0.161797280525204,138.79518072289156,2055.8134765625,66.06378142991638,10,0.4331597222222222,0.13388613791693196,0.16266729106679012,138.51703406813627
6,16,8,1,ecg_only,2051.0078125,76.37584349920363,10,0.4353298611111111,0.056490345151124804,0.08299057725480609,137.82652043868396,2050.6953125,65.51680767102701,10,0.4353298611111111,0.05579578594279111,0.08551476280855326,137.82652043868396
6,16,9,1,ecg_only,2054.91796875,75.62646634280239,10,0.4301215277777778,0.044287850759805895,0.06770050786108209,139.4954591321897,2055.552734375,64.86111328030604,10,0.4301215277777778,0.03486299588198473,0.0490813745044104,139.4954591321897
6,16,10,1,ecg_only,2050.943359375,69.94165198552719,9,0.43896484375,0.05839606953288593,0.0742481144917523,136.68520578420467,2050.435546875,58.95219317523036,9,0.4443359375,0.06521068759686152,0.0816583787514331,135.03296703296704
6,17,1,1,ecg_only,2059.3349609375,72.06640349086285,8,0.5401785714285714,0.1636862485925935,0.2414460677113654,111.07438016528926,2057.689453125,55.06401854898921,8,0.5407366071428571,0.16212258098717736,0.24150399180944368,110.95975232198144
6,17,2,1,ecg_only,2058.8369140625,73.33607200869494,8,0.5546875,0.13353271109745252,0.14872847029941566,108.16901408450704,2057.4755859375,56.15771413687128,8,0.5491071428571429,0.13689970714012145,0.16205053525540267,109.26829268292683
6,17,3,1,ecg_only,2064.42578125,69.28021649668214,9,0.4677734375,0.10382379687884587,0.17415542771395942,128.26722338204593,2060.84765625,52.17428944299899,9,0.46484375,0.10620762597126972,0.17821969404950233,129.07563025210084
6,17,4,1,ecg_only,2060.548828125,63.07428004594431,10,0.4305555555555556,0.053171502885810955,0.07949242744128407,139.3548387096774,2057.8486328125,45.76137087694214,9,0.458984375,0.06574231515510483,0.13385065627924253,130.72340425531914
6,17,5,1,ecg_only,2047.1875,63.321522678904365,9,0.46875,0.08000663729790641,0.12083245137711794,128.0,2046.5537109375,45.23114513402455,9,0.46337890625,0.07041923051790185,0.1140865770821112,129.4836670179136
6,17,6,1,ecg_only,2052.248046875,70.24315327576633,10,0.4157986111111111,0.03221761034704103,0.047158970576756394,144.30062630480168,2049.8623046875,51.355565676355035,10,0.4149305555555556,0.038174710811277816,0.060766989008218926,144.60251046025104
6,17,7,1,ecg_only,2055.0556640625,68.96632038049185,10,0.4110243055555556,0.07045167980882927,0.09844408770119367,145.9767687434002,2052.8232421875,50.37468019861982,10,0.4088541666666667,0.06298638865858242,0.08375695954059206,146.7515923566879
6,17,8,1,ecg_only,2054.732421875,69.10128070952825,11,0.376953125,0.02169639699531065,0.03719493973199401,159.17098445595855,2054.7626953125,50.40908174548303,11,0.387109375,0.04061185183866436,0.04002715142952968,154.9949545913219
6,17,9,1,ecg_only,2051.7333984375,69.55594517756461,10,0.4123263888888889,0.0596436923135482,0.09164090806115704,145.5157894736842,2052.3017578125,50.50790621932467,10,0.4157986111111111,0.06373857146863784,0.09408509448835566,144.30062630480168
6,17,10,1,ecg_only,2048.5390625,69.0337782293646,10,0.4227430555555556,0.05035470490372631,0.0758833678908688,141.93018480492813,2047.9765625,50.14971177692444,10,0.4249131944444444,0.05784468469324388,0.10365372568621357,141.2053115423902
6,18,1,1,ecg_only,2012.099609375,76.31944736908419,10,0.4253472222222222,0.047430320430115115,0.0658292951029403,141.06122448979593,2011.294921875,65.98920465093246,10,0.421875,0.03996356576360106,0.049023048429730987,142.22222222222223
6,18,2,1,ecg_only,2011.4111328125,75.54035754646642,10,0.4149305555555556,0.021298340531918918,0.035907766232129365,144.60251046025104,2013.703125,64.92778252304151,10,0.4118923611111111,0.03988335072104216,0.07838092846023874,145.6691253951528
6,18,3,1,ecg_only,2024.7412109375,68.95829540224751,10,0.4322916666666667,0.060989783482449836,0.07866027564688385,138.79518072289156,2027.095703125,57.960407259282306,9,0.44921875,0.05859375,0.07018838251575948,133.56521739130434
6,18,4,1,ecg_only,2033.8701171875,75.08707006797187,10,0.4244791666666667,0.03701216250924973,0.05238964289453773,141.34969325153372,2037.2578125,64.05896284061149,10,0.4240451388888889,0.02912193784238933,0.036119613298646346,141.49437052200614
6,18,5,1,ecg_only,2044.638671875,76.92240858154459,10,0.4309895833333333,0.046329288736086445,0.0753157011119486,139.21450151057402,2046.9775390625,64.35772282868457,10,0.4314236111111111,0.034846781791092095,0.06321309504954008,139.07444668008048
6,18,6,1,ecg_only,2042.990234375,71.20807361797235,9,0.46728515625,0.08048054136530239,0.09300297614285562,128.40125391849529,2044.8525390625,58.66923249207724,9,0.4677734375,0.07841134049275712,0.0916453679429669,128.26722338204593
6,18,7,1,ecg_only,2043.7548828125,71.3782937313711,9,0.45068359375,0.03348555774531236,0.04843029900389985,133.1310942578548,2045.82421875,59.585288460761426,9,0.453125,0.02455040056636042,0.04070219314466623,132.41379310344828
6,18,8,1,ecg_only,2064.9267578125,79.66246853691185,9,0.427734375,0.05013866270700561,0.07912308872663439,140.27397260273972,2062.7294921875,67.39375369024103,9,0.427734375,0.05596308117927501,0.08492966250106404,140.27397260273972
6,18,9,1,ecg_only,2064.7216796875,79.30676002864541,10,0.4379340277777778,0.04241053298717399,0.05736005920151724,137.00693756194252,2061.55078125,67.4035288580253,10,0.4309895833333333,0.04063668368314384,0.06555346268296254,139.21450151057402
6,18,10,1,ecg_only,2045.87109375,71.63904874475729,9,0.45751953125,0.05143203413371705,0.07108332439254954,131.1419423692636,2046.1806640625,59.93145154202442,9,0.4580078125,0.07180889240761616,0.11194563624514516,131.00213219616205
7,1,1,0,ecg_only,2056.009765625,51.97206564836122,9,0.44970703125,0.10838414003401552,0.1910414709179425,133.42019543973942,2060.3662109375,37.756721138252395,9,0.4501953125,0.10975363452080912,0.2073994367571607,133.2754880694143
7,1,2,0,ecg_only,2071.5087890625,56.16637812897837,9,0.45361328125,0.06572599360025842,0.1310695107847972,132.2712594187298,2076.494140625,42.42267741924977,9,0.45361328125,0.07118698545944835,0.11474386752209711,132.2712594187298
7,1,3,0,ecg_only,2073.1416015625,55.9115553290194,9,0.47021484375,0.09083474977654628,0.16677053938546713,127.601246105919,2080.099609375,41.114215909432254,9,0.47021484375,0.07993359432267996,0.13995687015017214,127.601246105919
7,1,4,0,ecg_only,2054.767578125,52.001527580418454,9,0.4697265625,0.06751007004962643,0.07146561888012755,127.73388773388774,2063.5361328125,37.565862254444006,9,0.46728515625,0.07787894602371458,0.09131176435241949,128.40125391849529
7,1,5,0,ecg_only,2045.8193359375,51.95715987290896,9,0.46630859375,0.057007750804021366,0.06602767615066536,128.67015706806282,2053.5029296875,37.3775865431669,9,0.4638671875,0.07666482121554656,0.11111498629155038,129.34736842105264
7,1,6,0,ecg_only,2042.4228515625,52.72264828201056,8,0.5184151785714286,0.08676333830256655,0.1554422480552464,115.73735199138858,2047.546875,37.39020058263094,8,0.5178571428571429,0.08348930450564751,0.12408109511147336,115.86206896551722
7,1,7,0,ecg_only,2034.0908203125,53.43074293637828,9,0.455078125,0.06477782793662891,0.08427263135258853,131.84549356223175,2038.1123046875,37.90930383619126,9,0.45458984375,0.06860829401174576,0.08173842292561113,131.98711063372718
7,1,8,0,ecg_only,2033.8564453125,53.497480021157976,9,0.4638671875,0.0807363855559358,0.09289744414324978,129.34736842105264,2039.1845703125,38.45271696008285,9,0.46337890625,0.09759641721747025,0.12423033133343196,129.4836670179136
7,1,9,0,ecg_only,2041.81640625,52.45777212039185,9,0.47021484375,0.06902404266765692,0.09895343816213331,127.601246105919,2047.072265625,37.51050181521761,9,0.4853515625,0.09973854217118673,0.15614533324715815,123.62173038229376
7,1,10,0,ecg_only,2045.2607421875,51.97955748488205,9,0.49267578125,0.06797990378579236,0.08220379387642988,121.78394449950446,2050.259765625,37.93153915207065,9,0.4951171875,0.07469905237212163,0.08729647887065255,121.18343195266272
7,2,1,0,ecg_only,2039.9296875,52.69021472747424,9,0.46533203125,0.08724671899261076,0.15944009087467617,128.9401888772298,2040.2783203125,38.3949164358532,9,0.46533203125,0.08872085092602576,0.16270162628698145,128.9401888772298
7,2,2,0,ecg_only,2043.7529296875,52.405816664977,9,0.46533203125,0.07399837502422324,0.12479929478484501,128.9401888772298,2043.10546875,37.06435241701618,9,0.45556640625,0.10174895557364286,0.20063615171220747,131.70418006430867
7,2,3,0,ecg_only,2040.5712890625,51.74193018959157,8,0.4849330357142857,0.06117557985399026,0.10063175281430392,123.72842347525892,2040.0693359375,36.49737893452448,8,0.47433035714285715,0.11481711955228263,0.2026110284292191,126.49411764705881
7,2,4,0,ecg_only,2035.40625,51.23129422347731,8,0.5027901785714286,0.07042755609055135,0.1278066261639288,119.33407325194229,2035.3359375,36.374173603961005,8,0.48549107142857145,0.10878977453349406,0.14265391107976735,123.58620689655172
7,2,5,0,ecg_only,2033.3544921875,51.748983981345,8,0.5172991071428571,0.08545055688638827,0.15226861127779667,115.98705501618124,2033.560546875,36.8372455837964,8,0.5027901785714286,0.10283615624812002,0.14334748900544672,119.33407325194229
7,2,6,0,ecg_only,2041.6240234375,51.323539549966256,9,0.4970703125,0.10182039821986724,0.1938393101331662,120.70726915520629,2041.94140625,36.9543437216447,9,0.490234375,0.10124273580230028,0.17441807743639173,122.39043824701196
7,2,7,0,ecg_only,2049.7265625,50.651646512562586,9,0.46533203125,0.08718110966934702,0.15727204796247965,128.9401888772298,2049.193359375,36.71761587136479,9,0.46044921875,0.1028953538414786,0.19723385308141017,130.30752916224813
7,2,8,0,ecg_only,2045.3916015625,52.366664459880845,9,0.47265625,0.06796762750509888,0.08763293075354354,126.94214876033058,2043.9697265625,38.24757525917796,9,0.47265625,0.11495264819970438,0.18438162064384292,126.94214876033058
7,2,9,0,ecg_only,2042.8291015625,52.08242690353014,9,0.48779296875,0.06613102143820221,0.09116841769519005,123.003003003003,2039.2861328125,36.80280489753615,9,0.47021484375,0.10679750186984548,0.1619025008527233,127.601246105919
7,2,10,0,ecg_only,2047.6572265625,51.96498865036963,9,0.47216796875,0.05992744827711952,0.09665784272508805,127.07342295760083,2041.5,36.43784841171333,9,0.47216796875,0.11320440382462198,0.2166573211554778,127.07342295760083
7,3,1,0,ecg_only,2038.4296875,51.98383666970286,8,0.5239955357142857,0.07924500116010344,0.09508329253623504,114.50479233226838,2041.60546875,41.54290667602321,8,0.5206473214285714,0.09299627925887625,0.13827242203459264,115.24115755627011
7,3,2,0,ecg_only,2049.177734375,50.78235241441601,9,0.46728515625,0.06228409669058004,0.06648826343127894,128.40125391849529,2051.8203125,40.649090663597185,9,0.466796875,0.06457138771412711,0.06413527551861155,128.53556485355648
7,3,3,0,ecg_only,2044.4404296875,50.98115811383524,9,0.47021484375,0.06203862605213403,0.06298638865858242,127.601246105919,2046.0595703125,41.24537576129436,9,0.4677734375,0.10295673861800143,0.16050973621100617,128.26722338204593
7,3,4,0,ecg_only,2041.966796875,49.81299865549644,9,0.47119140625,0.09874273539029794,0.15619418646008748,127.33678756476684,2043.099609375,40.157087051632764,9,0.47119140625,0.10681535986413786,0.17356615241282747,127.33678756476684
7,3,5,0,ecg_only,2055.373046875,49.90202800016301,9,0.45751953125,0.09408382744289111,0.1825698080010131,131.1419423692636,2055.5390625,39.42083688065353,9,0.45703125,0.10879800372816761,0.2053874686459369,131.28205128205127
7,3,6,0,ecg_only,2045.93359375,53.42353147452872,9,0.443359375,0.06905339660024878,0.0979237408000572,135.33039647577093,2046.0478515625,42.132726656845584,8,0.5033482142857143,0.09979638370169644,0.15536860782305736,119.20177383592018
7,3,7,0,ecg_only,2031.6025390625,52.57129862259122,8,0.5172991071428571,0.10215864579678591,0.16489742905629245,115.98705501618124,2033.072265625,41.124152873395985,8,0.5172991071428571,0.10980974549499703,0.19155898455515494,115.98705501618124
7,3,8,0,ecg_only,2032.9033203125,51.67676192787746,9,0.47509765625,0.09129553716809778,0.15524930672219833,126.28982528263104,2035.490234375,40.826279047723276,9,0.46484375,0.08725901524878389,0.13968404188352956,129.07563025210084
7,3,9,0,ecg_only,2035.0126953125,50.533200284729055,9,0.4755859375,0.09085180905461428,0.17282988602480825,126.16016427104722,2038.2978515625,39.71057591038206,9,0.4873046875,0.10277131435473237,0.1719764311094484,123.12625250501002
7,3,10,0,ecg_only,2038.2470703125,50.69584636903877,9,0.46240234375,0.048747492016567105,0.05376291113620323,129.75712777191129,2041.705078125,39.58013200095026,9,0.4580078125,0.064682062630023,0.0923207647547978,131.00213219616205
7,4,1,1,ecg_only,2049.2060546875,48.9746777927457,9,0.46240234375,0.05233272607212096,0.07390971847040821,129.75712777191129,2049.8681640625,37.963093742121224,9,0.4619140625,0.08317996853526301,0.13509882140773444,129.89429175475686
7,4,2,1,ecg_only,2049.900390625,49.95321873860995,8,0.5228794642857143,0.10743310759918642,0.16487429367504125,114.74919957310566,2050.85546875,38.11706640525702,8,0.5217633928571429,0.11544193139787834,0.18785231656421397,114.9946524064171
7,4,3,1,ecg_only,2045.3115234375,48.25977095066229,8,0.5318080357142857,0.10474138595645506,0.19900800740603064,112.82266526757608,2047.1552734375,37.96709501953115,9,0.4677734375,0.1373832900901565,0.21299427154226808,128.26722338204593
7,4,4,1,ecg_only,2041.4326171875,49.01991932680611,9,0.4853515625,0.12577199961132235,0.2110149907266873,123.62173038229376,2043.8603515625,38.300199777565176,9,0.4853515625,0.12160850144834331,0.20393895981483565,123.62173038229376
7,4,5,1,ecg_only,2037.7373046875,45.3375182545901,9,0.47998046875,0.08296615452846547,0.12512201076599191,125.00508646998983,2040.2607421875,33.81852681148541,10,0.4249131944444444,0.07729107392205578,0.11924463953409892,141.2053115423902
7,4,6,1,ecg_only,2042.1318359375,45.478759660121376,9,0.46533203125,0.07695504587942048,0.10945469035665593,128.9401888772298,2042.0595703125,33.919328788175754,9,0.46484375,0.07069125418302288,0.09956833450754884,129.07563025210084
7,4,7,1,ecg_only,2047.03125,50.408710417322716,9,0.48828125,0.06231662552165553,0.1028104137054931,122.88,2046.466796875,38.63924281158328,9,0.48876953125,0.08215758268683625,0.16049615498356629,122.75724275724276
7,4,8,1,ecg_only,2045.6953125,50.36649797883851,9,0.49609375,0.0695762231662378,0.12520038347068013,120.94488188976378,2045.0732421875,38.57657141510207,9,0.49560546875,0.11670534764240652,0.23646759277549156,121.06403940886699
7,4,9,1,ecg_only,2044.3427734375,49.75779899732347,9,0.4892578125,0.07668969623930807,0.13277146162186118,122.63473053892216,2044.220703125,38.334161406708965,9,0.4892578125,0.09897064667773266,0.1703334890408791,122.63473053892216
7,4,10,1,ecg_only,2046.03125,50.31481943411404,9,0.46484375,0.08736823924353532,0.1582737248775271,129.07563025210084,2046.7275390625,38.68420552661043,9,0.46337890625,0.08366439543702431,0.14414614475977894,129.4836670179136
7,5,1,1,ecg_only,2046.716796875,49.54832977497819,8,0.5362723214285714,0.11272597680490463,0.18673209723912734,111.88345473465141,2047.3486328125,37.35401974486211,8,0.53515625,0.098489746622337,0.17795244749007622,112.11678832116789
7,5,2,1,ecg_only,2052.8115234375,46.562170972237624,9,0.462890625,0.09959022487485908,0.173037868094365,129.62025316455697,2052.05078125,35.21731307204808,9,0.46044921875,0.10957427264178204,0.18096883980990444,130.30752916224813
7,5,3,1,ecg_only,2053.826171875,47.26135630097764,9,0.455078125,0.08804240366863003,0.1500078471719718,131.84549356223175,2053.197265625,35.34390407161033,9,0.45458984375,0.09039271610251375,0.1651813992880522,131.98711063372718
7,5,4,1,ecg_only,2045.982421875,49.71070295101973,9,0.48046875,0.03901364131921519,0.043897233123431106,124.8780487804878,2046.212890625,37.45408112885413,9,0.4775390625,0.11331071141678241,0.1964087538197036,125.6441717791411
7,5,5,1,ecg_only,2050.87890625,48.787895771427884,9,0.48876953125,0.03635318670983276,0.051674830294230284,122.75724275724276,2051.734375,37.23772540528456,9,0.48828125,0.057276868353965546,0.08196479025482745,122.88
7,5,6,1,ecg_only,2059.1552734375,48.80019762866854,9,0.49267578125,0.06950593980614146,0.1009165585308689,121.78394449950446,2058.6591796875,37.26190106800896,9,0.49267578125,0.07845237803602155,0.11360790342166373,121.78394449950446
7,5,7,1,ecg_only,2055.572265625,49.78230590083633,9,0.48388671875,0.09186827135423965,0.11316573543902482,123.99596367305752,2055.0849609375,37.88865791799175,8,0.5078125,0.06496264379846092,0.10134943596573646,118.15384615384616
7,5,8,1,ecg_only,2050.2119140625,49.69342549817445,9,0.470703125,0.06807978538255224,0.08967375221288279,127.4688796680498,2051.3837890625,37.73838515050698,9,0.470703125,0.07297477223542737,0.11522728110731385,127.4688796680498
7,5,9,1,ecg_only,2049.01171875,49.92621371379867,9,0.47119140625,0.08244726865557554,0.15511586161496693,127.33678756476684,2051.4716796875,37.816724695693836,9,0.46875,0.05816903363998215,0.08036683039323722,128.0
7,5,10,1,ecg_only,2047.8154296875,50.10814589826931,9,0.46435546875,0.08669845756029897,0.1445161671666691,129.21135646687696,2051.0810546875,37.977690208530774,9,0.46435546875,0.06641881487286724,0.11996340238983899,129.21135646687696
7,6,1,1,ecg_only,1975.5859375,62.18166145252227,9,0.482421875,0.08414320011147662,0.10693630108078027,124.37246963562752,1983.1298828125,52.44038398641373,9,0.482421875,0.0835060872126248,0.14301509299642742,124.37246963562752
7,6,2,1,ecg_only,2010.341796875,49.151316614066815,9,0.48779296875,0.030784961457320535,0.05386417871725075,123.003003003003,2015.9375,37.36350157573565,9,0.48291015625,0.04886473237112988,0.080502333491301,124.24671385237613
7,6,3,1,ecg_only,2021.4013671875,49.30451890109362,9,0.47265625,0.04728015014418049,0.08211093068901407,126.94214876033058,2024.7265625,37.38202062902156,9,0.482421875,0.054896364541231236,0.10817259996842349,124.37246963562752
7,6,4,1,ecg_only,2037.8544921875,52.01086612107129,9,0.45751953125,0.061992492098141096,0.08261379040423794,131.1419423692636,2040.0517578125,39.95114517528059,9,0.45751953125,0.06956080119482676,0.09904151422599804,131.1419423692636
7,6,5,1,ecg_only,2029.8583984375,54.09249951411931,9,0.45458984375,0.058754256074020066,0.10249188434225798,131.98711063372718,2032.349609375,42.59707250251961,9,0.45458984375,0.09216882548870726,0.17550822050026502,131.98711063372718
7,6,6,1,ecg_only,2014.5009765625,49.68636004021955,9,0.4560546875,0.05796373535840508,0.08020392448844517,131.56316916488223,2018.0869140625,37.575045542330884,9,0.45654296875,0.08480786093138322,0.13440322326116688,131.42245989304814
7,6,7,1,ecg_only,2017.3876953125,49.110655954509156,9,0.466796875,0.05657323577328218,0.0770715810096715,128.53556485355648,2021.666015625,37.2107303668882,9,0.46728515625,0.11010390316231822,0.16551098459378868,128.40125391849529
7,6,8,1,ecg_only,2033.119140625,51.74799460980565,9,0.4541015625,0.07111494146733402,0.09767856887813395,132.1290322580645,2037.43359375,40.65034647250821,9,0.4619140625,0.1008416046869537,0.15034894772691057,129.89429175475686
7,6,9,1,ecg_only,2043.8330078125,49.74713838676365,9,0.474609375,0.10071385222151358,0.1443274987565482,126.41975308641975,2046.9765625,38.013122702016915,9,0.4873046875,0.12134157478373228,0.16704480100049401,123.12625250501002
7,6,10,1,ecg_only,2035.55078125,49.862891694522176,8,0.5228794642857143,0.08515851721846113,0.13647672029431124,114.74919957310566,2037.6650390625,37.30111463123923,8,0.5228794642857143,0.12723703781310725,0.19170496461237319,114.74919957310566
7,7,1,1,ecg_only,2024.671875,48.155608671102634,9,0.4775390625,0.07848428129038304,0.11394318612878337,125.6441717791411,2026.8388671875,37.77159994995229,9,0.4677734375,0.09360238215357673,0.12762314606181077,128.26722338204593
7,7,2,1,ecg_only,2033.193359375,48.334989457970295,9,0.48828125,0.08177508365413406,0.12568693780065357,122.88,2036.5107421875,38.675607545071706,9,0.490234375,0.07887820510276825,0.12601602977417056,122.39043824701196
7,7,3,1,ecg_only,2035.099609375,48.54733353746024,9,0.47265625,0.07887820510276825,0.14046214528410314,126.94214876033058,2040.1826171875,38.118017426478644,9,0.4501953125,0.10144505679598116,0.1722044326649703,133.2754880694143
7,7,4,1,ecg_only,2030.75,47.93974082116006,9,0.46484375,0.06346905003621844,0.12395805978611274,129.07563025210084,2034.9521484375,37.2203459889946,9,0.4921875,0.11576282431826128,0.17615906817165883,121.9047619047619
7,7,5,1,ecg_only,2034.00390625,48.518742194292415,8,0.4799107142857143,0.03795463409181239,0.07606329066111929,125.02325581395348,2034.828125,37.33567839023921,8,0.48046875,0.04043352886771607,0.08011781282768313,124.8780487804878
7,7,6,1,ecg_only,2041.46875,49.03011470960985,8,0.4916294642857143,0.04835951795377968,0.0950030195860571,122.04313280363223,2042.568359375,37.944568107580956,8,0.4916294642857143,0.04731142498711305,0.09245250135345401,122.04313280363223
7,7,7,1,ecg_only,2040.529296875,49.52943728045086,9,0.47021484375,0.07839157401368321,0.12803241428303558,127.601246105919,2041.6748046875,38.40657686446721,9,0.47021484375,0.08146983996307099,0.13892511773273244,127.601246105919
7,7,8,1,ecg_only,2034.9140625,49.051714952141005,9,0.46728515625,0.05750742657012026,0.07455574339222873,128.40125391849529,2033.830078125,37.91054481020283,9,0.46533203125,0.08787841712092175,0.1326482703093841,128.9401888772298
7,7,9,1,ecg_only,2031.66015625,51.9737739451407,9,0.47265625,0.04449525683552546,0.06902971708994508,126.94214876033058,2031.068359375,40.84408730307056,9,0.47265625,0.07751224544134543,0.14145187208006602,126.94214876033058
7,7,10,1,ecg_only,2033.2490234375,53.07162299209509,9,0.47216796875,0.03407839343049656,0.058257966432941906,127.07342295760083,2034.1533203125,42.173735355304665,9,0.47265625,0.048475287679651785,0.08778205099314153,126.94214876033058
7,8,1,1,ecg_only,2026.671875,49.50384444903623,8,0.5089285714285714,0.10149195450262427,0.16354239234844303,117.89473684210527,2031.119140625,39.64985252824371,8,0.5089285714285714,0.11334308437302792,0.16498223103107068,117.89473684210527
7,8,2,1,ecg_only,2026.7705078125,50.962082539603664,8,0.51171875,0.07355494977335457,0.07325303739080835,117.25190839694656,2030.962890625,39.79263375323738,8,0.51171875,0.11417252521247333,0.22161443032701336,117.25190839694656
7,8,3,1,ecg_only,2038.40625,54.82031194331623,9,0.49267578125,0.09141037108431659,0.10264065439265177,121.78394449950446,2040.669921875,42.54579831994455,9,0.490234375,0.09108768606532046,0.11799387740907062,122.39043824701196
7,8,4,1,ecg_only,2053.576171875,51.93407835632071,9,0.49462890625,0.0909606505614462,0.13464628191397982,121.30306021717671,2053.1259765625,40.602839496988395,9,0.4951171875,0.11913662262744491,0.19818204521821597,121.18343195266272
7,8,5,1,ecg_only,2043.740234375,51.297109658537956,9,0.4853515625,0.09212354607644681,0.18072777291215014,123.62173038229376,2042.0712890625,41.000259573045,9,0.490234375,0.11312961294980141,0.22777155839239455,122.39043824701196
7,8,6,1,ecg_only,2042.7314453125,49.90480339423573,9,0.48974609375,0.07691785904720225,0.12387010259077133,122.5124626121635,2041.63671875,39.89802503550017,9,0.4921875,0.09957107106664755,0.15917326824808486,121.9047619047619
7,8,7,1,ecg_only,2046.15625,50.759264471498206,9,0.47705078125,0.07850098734435183,0.10267250564381183,125.77277379733879,2047.1787109375,39.760836473700074,9,0.4677734375,0.0823734955020756,0.13029387071361306,128.26722338204593
7,8,8,1,ecg_only,2043.3076171875,49.4687016403145,8,0.5145089285714286,0.06803460113450077,0.10842922563892195,116.61605206073752,2045.984375,39.23280064543411,8,0.51953125,0.09274479703591001,0.1640082375543286,115.48872180451127
7,8,9,1,ecg_only,2045.3095703125,49.139776584597115,8,0.5139508928571429,0.09136801757989275,0.16105881350068987,116.74267100977198,2048.564453125,38.98143771617047,8,0.5167410714285714,0.11057840614087189,0.1999068997175623,116.11231101511879
7,8,10,1,ecg_only,2045.216796875,51.78455850072481,8,0.5,0.08634239034527429,0.16738482562723664,120.0,2048.7841796875,40.28859882187779,8,0.4994419642857143,0.1090642222906522,0.20759553602021608,120.1340782122905
7,9,1,1,ecg_only,2008.9970703125,52.70824576007469,10,0.4309895833333333,0.04326366595269831,0.07444968184588249,139.21450151057402,2013.40625,45.07930295254686,10,0.4309895833333333,0.056965215766217075,0.10260879325440389,139.21450151057402
7,9,2,1,ecg_only,2020.484375,46.7939690249649,10,0.43359375,0.07146053507298043,0.09776361285786976,138.3783783783784,2024.232421875,37.77173271868821,10,0.4314236111111111,0.05889998421419227,0.07082603267370603,139.07444668008048
7,9,3,1,ecg_only,2026.8544921875,49.759296785012964,10,0.4288194444444444,0.04650380290270442,0.06507160644124095,139.91902834008098,2030.53515625,41.94800928277868,10,0.4305555555555556,0.028868557549159533,0.05345286009142191,139.3548387096774
7,9,4,1,ecg_only,2034.7607421875,50.23686455568916,10,0.4197048611111111,0.04377445028862142,0.06227069752706976,142.95760082730092,2036.25390625,41.81640004670668,10,0.4197048611111111,0.04167118754409186,0.05277053158635272,142.95760082730092
7,9,5,1,ecg_only,2018.8271484375,50.89312105554975,9,0.47265625,0.11645277488878002,0.16608946624633084,126.94214876033058,2020.919921875,41.732236041145654,9,0.47265625,0.11559794341373196,0.1565775027563655,126.94214876033058
7,9,6,1,ecg_only,1992.0703125,51.69765371757546,10,0.4288194444444444,0.08189219732688025,0.1589488596694999,139.91902834008098,1996.447265625,43.95731186003864,10,0.4283854166666667,0.08009664843348802,0.1408079864144287,140.06079027355622
7,9,7,1,ecg_only,1991.904296875,51.49422203909741,9,0.470703125,0.07313142666737912,0.1392698844885226,127.4688796680498,1996.4169921875,43.49987590158234,9,0.47021484375,0.09605995142080685,0.17723235370174575,127.601246105919
7,9,8,1,ecg_only,2015.078125,50.008258595299786,8,0.5,0.09189477587213152,0.11677444565851797,120.0,2017.1650390625,40.35437636484238,8,0.5,0.11629121533199685,0.1868682390603905,120.0
7,9,9,1,ecg_only,2030.1708984375,48.63475051633924,9,0.47998046875,0.08324157113142874,0.11092846102512098,125.00508646998983,2031.8681640625,39.340848311241125,9,0.45751953125,0.09515222299758339,0.1235617593373278,131.1419423692636
7,9,10,1,ecg_only,2031.482421875,47.899346000332,10,0.4288194444444444,0.059719446398669676,0.06518874714171342,139.91902834008098,2035.4697265625,38.78454938527689,10,0.4309895833333333,0.06559709228026041,0.09596186325420505,139.21450151057402
7,10,1,0,ecg_only,2046.1123046875,40.501230750986636,10,0.4136284722222222,0.06881222632849449,0.09562337238198163,145.05771248688353,2050.5537109375,30.039899344624857,9,0.462890625,0.07189516530978891,0.09328381113378065,129.62025316455697
7,10,2,0,ecg_only,2057.845703125,45.05204912070443,8,0.5133928571428571,0.08764181406011316,0.16409349905554355,116.86956521739131,2058.841796875,34.79990755046973,8,0.5139508928571429,0.047377199278551614,0.0942505085709643,116.74267100977198
7,10,3,0,ecg_only,2062.6240234375,44.62386475516157,8,0.5334821428571429,0.0701839456888948,0.13075730627590662,112.46861924686192,2062.8662109375,34.02645269932285,9,0.46728515625,0.10236569234901298,0.1611129418213243,128.40125391849529
7,10,4,0,ecg_only,2059.7744140625,45.3476683529297,8,0.4916294642857143,0.08350422263397272,0.10088415289175748,122.04313280363223,2061.58984375,34.38459715992883,9,0.43359375,0.09405468068620708,0.15216478728286412,138.3783783783784
7,10,5,0,ecg_only,2061.564453125,45.984815620698946,10,0.3828125,0.05425173608333245,0.040477308156372474,156.73469387755102,2062.55859375,34.53740731833327,8,0.4927455357142857,0.13550044831050168,0.25813288962165803,121.76670441676104
7,10,6,0,ecg_only,2059.0087890625,45.04961371854236,9,0.451171875,0.13207804736481807,0.2047869425153293,132.98701298701297,2058.4140625,34.580923512770646,8,0.5161830357142857,0.14075559058273093,0.24087133967877092,116.23783783783784
7,10,7,0,ecg_only,2052.595703125,44.375050848273574,9,0.48974609375,0.09214812908953794,0.1120818587125292,122.5124626121635,2055.4267578125,34.14039983958844,9,0.4951171875,0.10607734564588871,0.18616994774120846,121.18343195266272
7,10,8,0,ecg_only,2046.1162109375,43.56923785431076,8,0.5279017857142857,0.10223482334290054,0.1771575173963896,113.65750528541227,2055.169921875,34.078442851477185,8,0.5239955357142857,0.10112001332587685,0.18132883746987705,114.50479233226838
7,10,9,0,ecg_only,2052.5830078125,42.581664925505954,8,0.5295758928571429,0.11822194370561315,0.21601244629216393,113.29820864067439,2061.44140625,34.26403231557052,8,0.5200892857142857,0.12369274179114645,0.23092623203509619,115.36480686695279
7,10,10,0,ecg_only,2061.5166015625,41.245261538607345,11,0.3921875,0.0452922907519867,0.06572619512564563,152.98804780876492,2066.0478515625,31.516312977019794,9,0.44287109375,0.10236569234901298,0.16428158203993729,135.47960308710034
7,11,1,0,ecg_only,2052.1494140625,44.90537076871126,10,0.4396701388888889,0.10251144405023974,0.14511731893500104,136.4659427443238,2057.109375,37.14740156941499,10,0.4327256944444444,0.1050544489051311,0.1589488596694999,138.65596790371114
7,11,2,0,ecg_only,2048.439453125,42.534639446290456,11,0.396484375,0.03973061449959747,0.0683810729453171,151.33004926108376,2052.0166015625,33.642431555264,11,0.39609375,0.043540233728414916,0.076734589052904,151.47928994082838
7,11,3,0,ecg_only,2051.7080078125,45.35833559280961,8,0.48828125,0.09139527940880911,0.14316996882711938,122.88,2054.3505859375,35.455864119182415,8,0.53125,0.08764536713063781,0.08203125,112.94117647058823
7,11,4,0,ecg_only,2055.501953125,48.68595548831616,10,0.4214409722222222,0.08832012043039517,0.12328690625886762,142.3686920700309,2058.2080078125,39.12201334367186,10,0.421875,0.0813359254517782,0.10233890434616465,142.22222222222223
7,11,5,0,ecg_only,2056.0390625,47.8512142844473,11,0.3875,0.041626771264866316,0.0635624752471819,154.83870967741936,2061.2646484375,39.08116154577585,10,0.4262152777777778,0.08712181970079823,0.0657132962549247,140.77393075356414
7,11,6,0,ecg_only,2061.48828125,43.62766220582875,10,0.4040798611111111,0.06927061577520834,0.1136174966581952,148.48549946294307,2068.099609375,34.8004052127617,9,0.45458984375,0.10802277776917132,0.17971782546896856,131.98711063372718
7,11,7,0,ecg_only,2062.8935546875,43.91010211594761,8,0.5083705357142857,0.07658722528704358,0.13137820809098408,118.02414928649836,2066.224609375,34.65452176489617,8,0.5027901785714286,0.09413782981814431,0.17720775347208992,119.33407325194229
7,11,8,0,ecg_only,2051.8046875,48.66501945599471,8,0.55078125,0.06990831248154869,0.12575051384296937,108.93617021276596,2053.517578125,39.97139704381774,8,0.5452008928571429,0.059014750296438774,0.11017425606383167,110.05117707267144
7,11,9,0,ecg_only,2044.5380859375,47.83339529775578,8,0.4966517857142857,0.13101841966477112,0.2440234093614919,120.80898876404495,2047.96875,38.53520356845802,8,0.49386160714285715,0.1278084535435504,0.22906861953228574,121.49152542372882
7,11,10,0,ecg_only,2049.7021484375,47.31875531709616,9,0.4501953125,0.14611607345321978,0.22918357621597332,133.2754880694143,2052.037109375,37.7588021330032,9,0.4501953125,0.13996903758307977,0.21577517253777218,133.2754880694143
7,12,1,0,ecg_only,2062.3251953125,51.003012988903194,10,0.4361979166666667,0.06489549892904746,0.10381920402326074,137.55223880597015,2064.8291015625,43.23537836265065,10,0.4348958333333333,0.059069251157363306,0.09888870734532679,137.96407185628743
7,12,2,0,ecg_only,2065.5419921875,47.10686606436676,9,0.48486328125,0.10072213738474073,0.1901207286490707,123.74622356495469,2070.669921875,38.33505700147577,9,0.48486328125,0.09351446445799821,0.16123466410323228,123.74622356495469
7,12,3,0,ecg_only,2058.5234375,45.681081088713235,8,0.52734375,0.09215533639885275,0.18348983096184446,113.77777777777777,2063.072265625,37.48888705575885,8,0.5061383928571429,0.1516892583492093,0.2508682432837629,118.54465270121278
7,12,4,0,ecg_only,2047.4560546875,45.500129018328174,9,0.47216796875,0.08976808762056654,0.11454422188282162,127.07342295760083,2052.7275390625,38.13707523165662,8,0.5452008928571429,0.12354159586471683,0.21450019880284105,110.05117707267144
7,12,5,0,ecg_only,2033.107421875,42.20488280300955,9,0.49462890625,0.08723578753208326,0.12838096437754676,121.30306021717671,2037.0302734375,35.36997619919304,9,0.4951171875,0.08033376686749535,0.11614116208842583,121.18343195266272
7,12,6,0,ecg_only,2046.88671875,47.57971168716135,10,0.4309895833333333,0.08538331411851563,0.12451076133210334,139.21450151057402,2046.205078125,39.34104356251428,10,0.4288194444444444,0.07656377943627364,0.10386512343990884,139.91902834008098
7,12,7,0,ecg_only,2057.8818359375,47.95895362251801,10,0.4266493055555556,0.08191289779417268,0.11422859535628682,140.63072227873855,2057.216796875,39.20055443313258,10,0.4201388888888889,0.07734223989983588,0.0705021314366408,142.8099173553719
7,12,8,0,ecg_only,2047.0107421875,47.46294691565103,10,0.4396701388888889,0.12149367080914997,0.2073994367571607,136.4659427443238,2049.0439453125,38.655643973383874,10,0.4331597222222222,0.10074868330883786,0.1756021222727097,138.51703406813627
7,12,9,0,ecg_only,2049.2705078125,49.31863940449773,9,0.4697265625,0.10101168997314355,0.16484454341379812,127.73388773388774,2053.638671875,39.75629260080829,9,0.474609375,0.11597681905705877,0.16522098423872345,126.41975308641975
7,12,10,0,ecg_only,2062.5478515625,50.024365696657924,9,0.4951171875,0.08494971190207824,0.14741334896137775,121.18343195266272,2067.505859375,39.90454877006786,9,0.48974609375,0.08851638133709855,0.16422186137802813,122.5124626121635
7,13,1,0,ecg_only,2051.23828125,45.82916497898362,10,0.4127604166666667,0.07773339352395468,0.09245937795737988,145.3627760252366,2062.044921875,37.9927770375521,8,0.5184151785714286,0.11430064512540682,0.18660948467892893,115.73735199138858
7,13,2,0,ecg_only,2047.6875,40.909627916298625,10,0.4357638888888889,0.09438283069875515,0.11477829501624398,137.68924302788844,2056.107421875,33.714828079285404,9,0.47802734375,0.12355638404571473,0.1255047009737797,125.51583248212462
7,13,3,0,ecg_only,2045.501953125,42.80499473554813,9,0.4453125,0.1088505843210373,0.17937788737409815,134.73684210526315,2051.9521484375,34.75894465695796,10,0.3910590277777778,0.04119378651980789,0.06457138771412711,153.4295227524972
7,13,4,0,ecg_only,2041.1982421875,47.086343943574505,9,0.482421875,0.10143095447342801,0.09673674249906473,124.37246963562752,2045.4306640625,38.10303000619204,9,0.4775390625,0.09341880789987418,0.07986346992289403,125.6441717791411
7,13,5,0,ecg_only,2036.609375,47.67828128046747,9,0.4658203125,0.12259263253656842,0.13691790341947876,128.80503144654088,2039.9306640625,37.748474683956054,9,0.4658203125,0.12036306136239366,0.19872575555463096,128.80503144654088
7,13,6,0,ecg_only,2041.5068359375,49.55645013663669,9,0.46826171875,0.10859511120718365,0.10936503462254776,128.13347236704902,2049.478515625,41.9279227996884,10,0.4045138888888889,0.10594368233262419,0.16856385313289388,148.3261802575107
7,13,7,0,ecg_only,2073.8154296875,52.65121559956848,8,0.5602678571428571,0.09819843114726,0.161972049012965,107.09163346613546,2080.650390625,43.1200952809118,9,0.45751953125,0.10709177797815508,0.15882366998442463,131.1419423692636
7,13,8,0,ecg_only,2088.90234375,43.35133353781445,9,0.48779296875,0.09978992330558713,0.15117310065486897,123.003003003003,2091.9365234375,33.99808809570787,9,0.482421875,0.1051427252632404,0.15073989764183676,124.37246963562752
7,13,9,0,ecg_only,2085.400390625,43.08598597394995,9,0.46484375,0.10649457718918426,0.15249391637455575,129.07563025210084,2087.8349609375,33.95934938342237,9,0.462890625,0.10647666539405477,0.17448680131661923,129.62025316455697
7,13,10,0,ecg_only,2084.19921875,47.05383966813599,8,0.5055803571428571,0.12010608784475685,0.17904947869321625,118.67549668874173,2086.044921875,37.40406914060483,8,0.5094866071428571,0.08985241473301979,0.12086251443616972,117.76560788608982
7,14,1,0,ecg_only,2058.107421875,46.82512120823364,8,0.5200892857142857,0.09883062998458783,0.15664013793565174,115.36480686695279,2059.6142578125,39.613225673722695,8,0.5228794642857143,0.10743310759918642,0.17188239804154007,114.74919957310566
7,14,2,0,ecg_only,2054.2685546875,46.26329145437365,8,0.5390625,0.08963728217048259,0.13835516209706905,111.30434782608695,2056.978515625,39.58610975199042,8,0.5234375,0.10487805817735935,0.19527994520354083,114.6268656716418
7,14,3,0,ecg_only,2049.1591796875,46.77310856961067,8,0.5491071428571429,0.08018645065484847,0.1292903840893388,109.26829268292683,2052.998046875,39.58892773630403,8,0.5491071428571429,0.10584747525650304,0.16525176597801963,109.26829268292683
7,14,4,0,ecg_only,2046.1435546875,43.558396254214834,9,0.47802734375,0.05930356195311668,0.10222568503465053,125.51583248212462,2050.0947265625,35.796978141539505,9,0.4775390625,0.08042868199954288,0.1130501028453677,125.6441717791411
7,14,5,0,ecg_only,2040.40625,43.448615933795864,10,0.4288194444444444,0.07392755782481494,0.08030408288212414,139.91902834008098,2045.373046875,35.55917021007454,10,0.4288194444444444,0.090037490717816,0.13108510149138922,139.91902834008098
7,14,6,0,ecg_only,2043.6865234375,47.90145293602547,9,0.47119140625,0.09284921863824917,0.12162362468940517,127.33678756476684,2047.84765625,39.74125584807098,9,0.4697265625,0.12159281610048389,0.14913341333215108,127.73388773388774
7,14,7,0,ecg_only,2053.2373046875,47.383237811992025,9,0.4619140625,0.09653161008501551,0.10134764361380795,129.89429175475686,2054.75,39.65975900550834,8,0.5340401785714286,0.09832836313177123,0.15308480286589385,112.35109717868337
7,14,8,0,ecg_only,2055.44921875,47.34004068982882,8,0.51171875,0.08056999958166368,0.13234253553653708,117.25190839694656,2056.625,39.74658495550278,8,0.5089285714285714,0.12176180722746549,0.17937586200431668,117.89473684210527
7,14,9,0,ecg_only,2056.056640625,48.16362811385371,9,0.4775390625,0.1081606344256332,0.16658090473899076,125.6441717791411,2058.6357421875,40.46563853670831,9,0.4853515625,0.11013529693232363,0.18795285713895502,123.62173038229376
7,14,10,0,ecg_only,2054.2412109375,48.112979636176455,9,0.47509765625,0.09467998814765266,0.184877493221863,126.28982528263104,2058.7001953125,40.375205107365744,9,0.46533203125,0.08360738197479162,0.15645912344848367,128.9401888772298
7,15,1,0,ecg_only,2045.3125,49.058797631006,9,0.46533203125,0.09440763603943121,0.18354625145447964,128.9401888772298,2047.951171875,39.74377848562224,9,0.4658203125,0.10888124460735234,0.17463040930751642,128.80503144654088
7,15,2,0,ecg_only,2043.2607421875,48.455917686327616,9,0.49560546875,0.09371820546469325,0.16987857360834344,121.06403940886699,2046.6064453125,38.953252199212415,9,0.4853515625,0.12321339798443631,0.17704776866256422,123.62173038229376
7,15,3,0,ecg_only,2045.8916015625,47.2151302361462,9,0.4658203125,0.09804123334117433,0.14393427629601346,128.80503144654088,2049.345703125,38.231352954405956,9,0.48046875,0.1296733802554518,0.1615723004073674,124.8780487804878
7,15,4,0,ecg_only,2050.185546875,48.79201660986332,10,0.4205729166666667,0.09353273435452068,0.15027009171444325,142.6625386996904,2053.931640625,39.44254146218078,10,0.4184027777777778,0.10345532580166376,0.16903278533920943,143.40248962655602
7,15,5,0,ecg_only,2055.767578125,47.96371801369261,9,0.47314453125,0.10884072739475484,0.1372041765002332,126.81114551083591,2058.9326171875,39.82525735785118,9,0.47314453125,0.10298799604075812,0.15643822368347537,126.81114551083591
7,15,6,0,ecg_only,2055.248046875,44.92755666345325,8,0.5234375,0.09513486080859859,0.16961103633264354,114.6268656716418,2059.3505859375,36.72026778310484,8,0.5089285714285714,0.09134074761433092,0.17063502765481775,117.89473684210527
7,15,7,0,ecg_only,2049.9072265625,44.703277224961866,9,0.482421875,0.1010352902841997,0.1463820327013116,124.37246963562752,2055.21484375,35.50817927306448,9,0.48046875,0.1135503269824112,0.16292253830493564,124.8780487804878
7,15,8,0,ecg_only,2048.603515625,46.46477819424495,9,0.498046875,0.07266045014741514,0.10008149232513865,120.47058823529412,2053.5048828125,38.15426611839287,9,0.48583984375,0.12622896680214302,0.22432411038743932,123.49748743718592
7,15,9,0,ecg_only,2051.0126953125,47.73740871048135,10,0.421875,0.09832238087840033,0.12225376839475645,142.22222222222223,2054.423828125,39.22926973696374,9,0.47509765625,0.12161144222584083,0.19150871892742433,126.28982528263104
7,15,10,0,ecg_only,2052.0048828125,48.10213514851126,9,0.45068359375,0.10391905282673276,0.1084141468266151,133.1310942578548,2056.15234375,39.29451389993056,8,0.5066964285714286,0.10221959237528733,0.15121274883473368,118.41409691629956
7,16,1,0,ecg_only,2054.1171875,47.5875215218217,8,0.54296875,0.08956429753454856,0.15789337603780149,110.50359712230215,2056.8203125,37.00631989812475,8,0.5407366071428571,0.12072158288383891,0.22633227347049495,110.95975232198144
7,16,2,0,ecg_only,2050.8984375,48.85976662279092,8,0.5178571428571429,0.07487250669803602,0.12297968569014932,115.86206896551722,2053.1259765625,36.87826718872785,10,0.4053819444444444,0.10510285324767576,0.16396365139716848,148.00856531049251
7,16,3,0,ecg_only,2052.3388671875,48.82617659198532,8,0.5228794642857143,0.08342587269936413,0.14009956815563648,114.74919957310566,2055.24609375,36.6932223014852,9,0.455078125,0.09930252983504813,0.1106037484631834,131.84549356223175
7,16,4,0,ecg_only,2052.484375,47.876262120276,8,0.5424107142857143,0.11837988189106867,0.19321135432837858,110.61728395061728,2056.744140625,36.86057669252103,8,0.5267857142857143,0.09778849464180961,0.16319992741601863,113.89830508474576
7,16,5,0,ecg_only,2046.0869140625,43.5044141152164,9,0.48291015625,0.10553993366042021,0.14826117346775491,124.24671385237613,2051.3154296875,33.06532236610954,10,0.4292534722222222,0.08163645998073857,0.13796861728476062,139.77755308392315
7,16,6,0,ecg_only,2051.0107421875,44.330489140296066,10,0.4314236111111111,0.08229148353237944,0.11961993748267626,139.07444668008048,2053.849609375,33.06115368011093,9,0.4853515625,0.08485985365992328,0.12722112851761158,123.62173038229376
7,16,7,0,ecg_only,2058.861328125,47.90434712253246,9,0.4931640625,0.09943209561395955,0.13718828811195685,121.66336633663366,2060.654296875,36.61798169068532,9,0.4931640625,0.10492026798611098,0.14357034581148215,121.66336633663366
7,16,8,0,ecg_only,2061.7802734375,47.99313876665322,9,0.48046875,0.09427748739177477,0.13603143562719114,124.8780487804878,2063.8447265625,36.70363134925626,9,0.48046875,0.08402978423554279,0.10697706201272776,124.8780487804878
7,16,9,0,ecg_only,2063.48046875,47.801690050198786,9,0.470703125,0.06965841601612112,0.12165946486247997,127.4688796680498,2064.3271484375,36.73859045455257,9,0.46826171875,0.06659089391733648,0.10241741827913983,128.13347236704902
7,16,10,0,ecg_only,2060.232421875,47.64747545853842,9,0.4775390625,0.0893487979921203,0.14760545706118414,125.6441717791411,2062.3115234375,36.76609479650223,9,0.47802734375,0.09457920844092281,0.16013583275780507,125.51583248212462
7,17,1,1,ecg_only,2050.59765625,47.69135217868996,9,0.47509765625,0.04353924806925957,0.07440941205706823,126.28982528263104,2055.7666015625,37.05666609035239,9,0.482421875,0.062438935012288206,0.12085950846677458,124.37246963562752
7,17,2,1,ecg_only,2054.3837890625,46.89362308078792,9,0.45751953125,0.04298816589034953,0.0807861502036837,131.1419423692636,2058.068359375,36.61938969993697,10,0.4379340277777778,0.07867524207933703,0.14023111068624136,137.00693756194252
7,17,3,1,ecg_only,2056.0263671875,47.610585581978754,9,0.46044921875,0.05877048541099806,0.08760805270314767,130.30752916224813,2059.287109375,36.971689837722955,9,0.46044921875,0.06499645223472267,0.09160968280905137,130.30752916224813
7,17,4,1,ecg_only,2060.013671875,48.06428605867182,9,0.47509765625,0.08352749774923839,0.13216260372187227,126.28982528263104,2062.2060546875,37.328403259492084,9,0.46484375,0.08620342379185121,0.11299224217305648,129.07563025210084
7,17,5,1,ecg_only,2058.2822265625,48.316536827259455,9,0.4794921875,0.12510295442771513,0.21520869977467305,125.13238289205702,2059.888671875,37.60941470959877,9,0.4794921875,0.1217652437979244,0.22041280486394402,125.13238289205702
7,17,6,1,ecg_only,2060.7099609375,48.426116186462075,8,0.49107142857142855,0.09067007148031206,0.15948793486401253,122.18181818181819,2061.4697265625,37.65959608478272,9,0.47314453125,0.12730476391097353,0.21321930517243107,126.81114551083591
7,17,7,1,ecg_only,2064.0888671875,48.16397481324071,9,0.47265625,0.10807683853325721,0.18652672433061418,126.94214876033058,2064.8193359375,37.3247673661072,8,0.5373883928571429,0.14967845265785926,0.23532792390796578,111.65109034267911
7,17,8,1,ecg_only,2063.203125,48.558716772680214,8,0.5027901785714286,0.0925969429176327,0.16541327613155155,119.33407325194229,2064.654296875,37.50387507444218,8,0.4966517857142857,0.10482459896489235,0.16957354743084563,120.80898876404495
7,17,9,1,ecg_only,2059.365234375,48.87779126404259,9,0.47265625,0.06095502552471576,0.08437603339314259,126.94214876033058,2061.76953125,37.70739018786998,9,0.47314453125,0.07547855289836866,0.10636400789900353,126.81114551083591
7,17,10,1,ecg_only,2053.8173828125,49.074648680865046,8,0.49832589285714285,0.0714460079164251,0.1296733802554518,120.40313549832027,2057.078125,37.65636345937264,9,0.4677734375,0.06605346317611661,0.09263897092558718,128.26722338204593
7,18,1,0,ecg_only,2051.587890625,50.60115265720769,9,0.46728515625,0.04119832356569893,0.06469364618834571,128.40125391849529,2054.732421875,40.37014632679725,9,0.46728515625,0.07467830329998565,0.1352842472979182,128.40125391849529
7,18,2,0,ecg_only,2053.87890625,47.110398355126556,9,0.48876953125,0.05788759046006718,0.09015860977352436,122.75724275724276,2056.251953125,36.92564049373826,9,0.4873046875,0.10757712502939389,0.2019464867484568,123.12625250501002
7,18,3,0,ecg_only,2047.38671875,44.322844122510894,9,0.46533203125,0.07489508602386716,0.08456957145625513,128.9401888772298,2050.08984375,33.676681564928366,9,0.46533203125,0.10753611645471993,0.1861113945245562,128.9401888772298
7,18,4,0,ecg_only,2050.96484375,48.5093090129419,8,0.5172991071428571,0.08669152622412918,0.1546878288085731,115.98705501618124,2054.41796875,37.576265018612794,8,0.5178571428571429,0.15094015068763045,0.2734375,115.86206896551722
7,18,5,0,ecg_only,2061.4189453125,48.18783714681158,8,0.5145089285714286,0.0626642055295973,0.12530480415894876,116.61605206073752,2062.5068359375,36.940830435575734,9,0.44287109375,0.13177353123653437,0.19233783862913398,135.47960308710034
7,18,6,0,ecg_only,2059.0439453125,48.63645653979131,8,0.5122767857142857,0.11015800268181582,0.22207297505549836,117.12418300653596,2059.7177734375,37.11225892114248,8,0.5239955357142857,0.10769655570467661,0.212911528981352,114.50479233226838
7,18,7,0,ecg_only,2058.712890625,49.20994554032535,9,0.48486328125,0.10068425678734157,0.162339485455469,123.74622356495469,2059.7412109375,37.53181490127583,9,0.4775390625,0.13243498160617287,0.21614359221442847,125.6441717791411
7,18,8,0,ecg_only,2064.4775390625,48.88628269904848,9,0.48779296875,0.06892725894562206,0.09734324839357118,123.003003003003,2063.939453125,37.435677205386945,9,0.47802734375,0.11098386843196638,0.1488407937755677,125.51583248212462
7,18,9,0,ecg_only,2069.076171875,48.17988001718621,9,0.49755859375,0.06891342160366168,0.129319885603491,120.58881256133465,2069.0341796875,37.239089788976614,9,0.49267578125,0.10799628915416185,0.20389620083337923,121.78394449950446
7,18,10,0,ecg_only,2068.326171875,48.08479508283215,9,0.48828125,0.07506202676006107,0.10820282281417319,122.88,2069.681640625,37.20782289799216,9,0.47509765625,0.08745415712817214,0.11548238671167564,126.28982528263104
8,1,1,0,ecg_only,2061.0830078125,47.19242466371657,10,0.4201388888888889,0.04416006021519758,0.05446032614686987,142.8099173553719,2078.2099609375,32.157933301398955,10,0.4153645833333333,0.05406390492715285,0.07841742148392473,144.45141065830722
8,1,2,0,ecg_only,2054.3583984375,49.483262122130725,9,0.44873046875,0.05922310121196868,0.08988013626541343,133.71055495103374,2071.54296875,36.15491448180349,9,0.4541015625,0.08087800774147734,0.14490028899212037,132.1290322580645
8,1,3,0,ecg_only,2061.8447265625,52.77715451402346,10,0.4240451388888889,0.057707743136104835,0.07810058212161018,141.49437052200614,2058.6796875,35.73006625067107,10,0.4201388888888889,0.05615923640097355,0.06382865093112575,142.8099173553719
8,1,4,0,ecg_only,2067.439453125,55.91102940454529,10,0.3993055555555556,0.059406338180456826,0.07398709736279614,150.26086956521738,2060.3095703125,38.307463808102966,11,0.378515625,0.0288348992718134,0.02591113117465156,158.51393188854487
8,1,5,0,ecg_only,2046.1572265625,57.36885253119104,9,0.43505859375,0.03851855160502564,0.037028518585221194,137.9124579124579,2057.8779296875,36.61515627648346,9,0.435546875,0.051267206048463625,0.07114462955650372,137.7578475336323
8,1,6,0,ecg_only,2033.1787109375,48.63901926656538,9,0.4794921875,0.07568831890491652,0.09678179920504719,125.13238289205702,2050.400390625,31.436348137504968,9,0.47265625,0.09633876918076972,0.16669209604181148,126.94214876033058
8,1,7,0,ecg_only,2032.5126953125,50.83939781389076,10,0.4379340277777778,0.08378872244905672,0.08948211866371333,137.00693756194252,2049.0673828125,34.949633830257504,10,0.4327256944444444,0.0785098545457987,0.10805036317127913,138.65596790371114
8,1,8,0,ecg_only,2031.80859375,53.96049340047273,11,0.39765625,0.028747452332772032,0.05579240959799102,150.88408644400786,2057.130859375,37.562012071026956,11,0.397265625,0.03972293263283975,0.07665721890382826,151.03244837758112
8,1,9,0,ecg_only,2036.2802734375,49.933144380638915,9,0.46484375,0.08710587156631937,0.09863350313584231,129.07563025210084,2058.07421875,35.14207157670345,9,0.46240234375,0.0867094567620382,0.09883220541407,129.75712777191129
8,1,10,0,ecg_only,2045.3203125,53.43178823184139,11,0.3984375,0.03158994784243083,0.04721735511580402,150.58823529411765,2053.06640625,37.910661382518256,11,0.396875,0.03140586131600279,0.04373139485350694,151.18110236220474
8,2,1,1,ecg_only,2046.59765625,55.14744294395558,11,0.3984375,0.03351189154613628,0.035943160786047555,150.58823529411765,2053.314453125,36.784671491426664,11,0.39765625,0.03128903811640748,0.03539655525799007,150.88408644400786
8,2,2,1,ecg_only,2034.0439453125,56.64094200308651,11,0.37890625,0.02543565718140579,0.034178137365642416,158.35051546391753,2048.8701171875,38.09306712864583,11,0.37890625,0.02561499423555469,0.04312628948353957,158.35051546391753
8,2,3,1,ecg_only,2042.416015625,50.7223868203159,9,0.4345703125,0.06751007004962643,0.07991804011711445,138.06741573033707,2055.66015625,33.67804445184705,10,0.42578125,0.0751833335065211,0.09286077303654817,140.91743119266056
8,2,4,1,ecg_only,2037.2568359375,47.212074024964295,9,0.44091796875,0.06991635092965977,0.09286224015885805,136.0797342192691,2047.1064453125,32.14134125752917,9,0.45166015625,0.07957486438793596,0.1402369397646482,132.84324324324325
8,2,5,1,ecg_only,2036.5791015625,47.958290724261744,10,0.4379340277777778,0.0454217897637192,0.061515686515717274,137.00693756194252,2045.564453125,32.62553498863548,10,0.4361979166666667,0.05618606513122765,0.08498899500794757,137.55223880597015
8,2,6,1,ecg_only,2050.6708984375,46.90934255267345,9,0.4794921875,0.05910422168505473,0.08544144575615388,125.13238289205702,2056.515625,31.617491543200813,9,0.48095703125,0.06024488384637393,0.08899051367105092,124.751269035533
8,2,7,1,ecg_only,2067.1640625,53.21672630382382,11,0.396875,0.03245715324662654,0.037535248191144725,151.18110236220474,2067.7666015625,34.781758444360925,11,0.396484375,0.028665062201495832,0.029231698334171417,151.33004926108376
8,2,8,1,ecg_only,2066.6875,52.579534249316055,10,0.4040798611111111,0.05016354786624767,0.07170921777611648,148.48549946294307,2068.0556640625,34.161693687149736,10,0.4053819444444444,0.04892014862362976,0.0647336461686584,148.00856531049251
8,2,9,1,ecg_only,2056.4775390625,45.02268832773412,9,0.48486328125,0.10019050571742358,0.12554811468740779,123.74622356495469,2061.95703125,29.805327186369276,10,0.4296875,0.06800815029791976,0.10235754022073343,139.63636363636363
8,2,10,1,ecg_only,2057.140625,50.9855577552053,9,0.4287109375,0.023980525698845068,0.029491540762776366,139.95444191343964,2055.841796875,34.59199085259824,9,0.42919921875,0.032997843122798735,0.05610410146230717,139.79522184300342
8,3,1,0,ecg_only,2043.765625,52.042141784176934,9,0.435546875,0.039160034483912934,0.0546675665202053,137.7578475336323,2045.7080078125,37.21959873003656,9,0.43603515625,0.04247485595103912,0.07014178183616229,137.60358342665174
8,3,2,0,ecg_only,2041.583984375,52.67773835786571,10,0.4279513888888889,0.06652387231925669,0.10291504728662283,140.20283975659228,2048.0224609375,36.335331723321126,10,0.4279513888888889,0.06421557948903563,0.09467117420622782,140.20283975659228
8,3,3,0,ecg_only,2048.4658203125,52.3618234069342,11,0.3890625,0.04966317211035256,0.04819467584198372,154.21686746987953,2054.2373046875,33.373234605710465,11,0.386328125,0.05461630410260406,0.04302789490067267,155.30839231547017
8,3,4,0,ecg_only,2039.5625,53.5200021020179,11,0.383984375,0.03396641048176308,0.0435176431434073,156.25635808748729,2044.4326171875,35.645407403080405,11,0.3828125,0.031347504137092,0.03194751079787838,156.73469387755102
8,3,5,0,ecg_only,2037.376953125,49.219756895392656,9,0.45654296875,0.04582305561775056,0.06372611487948979,131.42245989304814,2041.7109375,34.04403796549542,9,0.45654296875,0.06806402434856802,0.12741801898671945,131.42245989304814
8,3,6,0,ecg_only,2042.1005859375,50.55522428772003,9,0.4775390625,0.05294193815792891,0.09987436304105846,125.6441717791411,2038.8525390625,35.6314787611939,9,0.47802734375,0.08799771037157529,0.175812249250748,125.51583248212462
8,3,7,0,ecg_only,2043.787109375,51.258760587403856,10,0.4236111111111111,0.04896633602836963,0.06781310753616102,141.63934426229508,2037.646484375,35.73150236245155,10,0.4231770833333333,0.05898308152555273,0.08871144491543566,141.7846153846154
8,3,8,0,ecg_only,2061.98828125,49.024287063106776,10,0.4184027777777778,0.0450093292905674,0.06188663874122992,143.40248962655602,2058.1630859375,33.642766052518475,10,0.4344618055555556,0.08074549939322193,0.09958064843126996,138.1018981018981
8,3,9,0,ecg_only,2069.3974609375,48.83195468379964,9,0.47021484375,0.03179082189581646,0.058070581044212914,127.601246105919,2070.3515625,31.242865396496427,9,0.47021484375,0.03331423848323376,0.06225538066605167,127.601246105919
8,3,10,0,ecg_only,2049.37109375,53.79967711965111,9,0.46826171875,0.02866755731071425,0.05372235065428009,128.13347236704902,2061.2529296875,34.38629773450002,9,0.4677734375,0.05865068848084687,0.11100703618002425,128.26722338204593
8,4,1,1,ecg_only,2044.5341796875,46.563766800205954,9,0.4853515625,0.09296854483958455,0.11798464001308755,123.62173038229376,2042.626953125,30.23529950288326,9,0.478515625,0.08604840145277613,0.13381808128331618,125.38775510204081
8,4,2,1,ecg_only,2045.9765625,50.82435129992899,11,0.384765625,0.033203125,0.03983608994994363,155.93908629441626,2048.8876953125,33.33676539077638,11,0.3890625,0.04311763977045822,0.045572916666666664,154.21686746987953
8,4,3,1,ecg_only,2041.314453125,52.99645059324424,10,0.4045138888888889,0.04412165087795319,0.04652784863113905,148.3261802575107,2049.755859375,33.545371630900505,10,0.4040798611111111,0.043110998409163256,0.04576318169476555,148.48549946294307
8,4,4,1,ecg_only,2035.529296875,46.88378168880061,10,0.4401041666666667,0.05663688325763423,0.06892898841805194,136.33136094674555,2046.119140625,29.44827073465392,10,0.4379340277777778,0.06016257532481888,0.08201962343201588,137.00693756194252
8,4,5,1,ecg_only,2043.6171875,51.580507627298935,9,0.44677734375,0.03756593629476242,0.05670312899805127,134.29508196721312,2058.6552734375,35.0754949114707,9,0.44677734375,0.040872961524272354,0.062447662237854945,134.29508196721312
8,4,6,1,ecg_only,2051.69921875,53.367656836933065,10,0.4296875,0.04423252018610164,0.084313037867771,139.63636363636363,2063.3251953125,35.73943667639752,10,0.4292534722222222,0.029944771372674202,0.05213417115249663,139.77755308392315
8,4,7,1,ecg_only,2045.740234375,48.99526545948157,9,0.4833984375,0.0465790625691868,0.06499619022145507,124.12121212121212,2048.841796875,31.446016041722046,9,0.47802734375,0.052768272525516205,0.07292995202100241,125.51583248212462
8,4,8,1,ecg_only,2043.03515625,46.432754787575185,9,0.48095703125,0.08590281393395947,0.11710376472671424,124.751269035533,2046.3125,30.24037811850242,9,0.48095703125,0.08605809853018968,0.12660279616442832,124.751269035533
8,4,9,1,ecg_only,2055.26171875,52.685849056420246,10,0.4244791666666667,0.02725058533392754,0.046935995471476234,141.34969325153372,2056.6787109375,34.83105564580003,10,0.4244791666666667,0.03162749427471646,0.05368429737064356,141.34969325153372
8,4,10,1,ecg_only,2053.162109375,54.263940909691925,10,0.4375,0.017371958416831163,0.029264304812054096,137.14285714285714,2052.70703125,36.927929563022126,10,0.4361979166666667,0.0433028363237393,0.08364301994282757,137.55223880597015
8,5,1,0,ecg_only,2037.6123046875,52.42173374572006,10,0.4383680555555556,0.03156190792135042,0.03545338839974872,136.87128712871285,2041.9794921875,32.74443191776468,10,0.4375,0.04251257218050653,0.06196364093443479,137.14285714285714
8,5,2,0,ecg_only,2041.078125,48.16568643349096,9,0.48388671875,0.09565204113359245,0.1328699324351168,123.99596367305752,2046.5517578125,30.217946228257226,9,0.48046875,0.09214942275066756,0.12039871099548782,124.8780487804878
8,5,3,0,ecg_only,2049.216796875,51.85769544860232,10,0.4118923611111111,0.04227706827043722,0.08080132653686564,145.6691253951528,2053.9658203125,33.490317568089175,10,0.4171006944444444,0.03540985773328323,0.05729351618700246,143.85015608740895
8,5,4,0,ecg_only,2052.6923828125,53.10113527014705,9,0.4482421875,0.04694615367860123,0.07049826650604356,133.8562091503268,2054.7099609375,34.071828688151214,9,0.44775390625,0.04851216130323945,0.06689682241579459,134.0021810250818
8,5,5,0,ecg_only,2047.7734375,46.80174940703172,9,0.48779296875,0.08211113808986627,0.10566491347525035,123.003003003003,2050.2431640625,29.750105897730993,9,0.48046875,0.08057676306537605,0.1115164251845328,124.8780487804878
8,5,6,0,ecg_only,2054.236328125,51.89008448410288,10,0.4184027777777778,0.058360195534623655,0.09163050082609298,143.40248962655602,2055.1708984375,34.14644319378755,10,0.4322916666666667,0.07583447801333873,0.08252964296404922,138.79518072289156
8,5,7,0,ecg_only,2060.4443359375,52.80229956178184,10,0.4088541666666667,0.04186962289274356,0.08262203554038074,146.7515923566879,2059.35546875,34.27212745209689,10,0.4097222222222222,0.02645790044119474,0.048494957101309126,146.4406779661017
8,5,8,0,ecg_only,2047.9609375,51.214206608089654,10,0.41796875,0.05983919423477113,0.0600089511552235,143.55140186915887,2047.68359375,33.87202311030389,11,0.3890625,0.02996376392307048,0.0342029310848013,154.21686746987953
8,5,9,0,ecg_only,2039.62890625,51.21690036676088,11,0.391015625,0.029098285260099523,0.054811367655857264,153.44655344655345,2040.509765625,32.88001836613794,11,0.39375,0.03449021883538143,0.06290558504781855,152.38095238095238
8,5,10,0,ecg_only,2054.0126953125,55.55296279017475,9,0.4423828125,0.039967542831408444,0.05103815509664944,135.6291390728477,2058.1845703125,41.61509966030652,9,0.4384765625,0.028953060703854675,0.044120126008129375,136.83741648106906
8,6,1,1,ecg_only,2050.091796875,45.51649524028339,9,0.49169921875,0.1074651457594535,0.14696164807344902,122.025819265144,2052.95703125,30.374230143520073,9,0.490234375,0.10479748769762744,0.1461286603629291,122.39043824701196
8,6,2,1,ecg_only,2055.6240234375,52.274125794334914,11,0.395703125,0.03300954599737968,0.04873689393805443,151.62882527147087,2055.8193359375,34.05529707599129,11,0.396484375,0.0337952712864999,0.046947282232604026,151.33004926108376
8,6,3,1,ecg_only,2058.0458984375,57.42147187591011,10,0.4079861111111111,0.10081036789858851,0.11929261565333397,147.06382978723406,2054.5654296875,38.044762084694305,10,0.4075520833333333,0.10048844469570177,0.11814388386591104,147.22044728434506
8,6,4,1,ecg_only,2051.4736328125,55.92872913156013,8,0.5340401785714286,0.1559946893719299,0.13592590048690897,112.35109717868337,2049.14453125,38.310697976776325,8,0.5334821428571429,0.1565963953695282,0.13269756055830492,112.46861924686192
8,6,5,1,ecg_only,2048.677734375,51.4400976366389,9,0.47216796875,0.11550612653857083,0.15616627220975998,127.07342295760083,2048.7841796875,34.25626231114849,9,0.466796875,0.11917263914138125,0.16462621055594073,128.53556485355648
8,6,6,1,ecg_only,2047.9697265625,47.10342325093243,9,0.47021484375,0.057341351783766384,0.08449220942927857,127.601246105919,2049.8349609375,29.495019249787735,9,0.47607421875,0.06128075586535067,0.10305395279900718,126.03076923076924
8,6,7,1,ecg_only,2050.6669921875,46.84636046278637,9,0.48193359375,0.06883033913418667,0.10325470401230949,124.4984802431611,2055.625,30.333336910485137,9,0.4765625,0.07213353637741948,0.11191642414455338,125.90163934426229
8,6,8,1,ecg_only,2047.30078125,47.21556863222817,9,0.4775390625,0.06765118657077342,0.102661889658089,125.6441717791411,2052.0517578125,32.130839948814675,9,0.48974609375,0.07880411619870119,0.12558283485253155,122.5124626121635
8,6,9,1,ecg_only,2047.669921875,50.99108027078262,10,0.4375,0.048893185821662986,0.0601676632841772,137.14285714285714,2049.556640625,35.02463857721589,10,0.4388020833333333,0.05162559271249742,0.07075867551850312,136.7359050445104
8,6,10,1,ecg_only,2057.8681640625,50.95656470439391,10,0.4053819444444444,0.036401451990037775,0.07140268129074574,148.00856531049251,2062.337890625,35.16491684620535,10,0.4032118055555556,0.031988760022028266,0.05861002378173304,148.80516684607105
8,7,1,0,ecg_only,2053.0517578125,51.987061348871656,10,0.4088541666666667,0.06214635189469648,0.0890547899623281,146.7515923566879,2055.3173828125,37.635508429046496,10,0.4088541666666667,0.060571371612567745,0.08482051074456431,146.7515923566879
8,7,2,0,ecg_only,2049.5205078125,49.13175416092557,10,0.4348958333333333,0.11987655506754068,0.1745617419648776,137.96407185628743,2054.1513671875,35.38675183118745,11,0.380859375,0.04549565623582239,0.041524007080994726,157.53846153846155
8,7,3,0,ecg_only,2051.703125,54.64567820499966,10,0.40625,0.1110975469151122,0.1805769426769722,147.69230769230768,2058.0166015625,37.90779208751972,11,0.365625,0.010364452469860624,0.014322916666666666,164.10256410256412
8,7,4,0,ecg_only,2049.5029296875,53.2081150487586,10,0.4066840277777778,0.10496834162746434,0.12312435556620692,147.53468516542156,2054.7724609375,35.50478598073134,11,0.366015625,0.016015625000000002,0.02321947200537371,163.9274279615795
8,7,5,0,ecg_only,2057.8583984375,50.03306004468443,10,0.4197048611111111,0.10579955693702592,0.17228511085937787,142.95760082730092,2064.396484375,32.45524303006189,11,0.37421875,0.031142392856241794,0.041072422644759125,160.3340292275574
8,7,6,0,ecg_only,2054.3076171875,48.58863619179339,10,0.4244791666666667,0.04712750278868192,0.06313761670017427,141.34969325153372,2060.8203125,31.59214167364004,10,0.4361979166666667,0.0641598176810152,0.08535848977895374,137.55223880597015
8,7,7,0,ecg_only,2047.7763671875,45.94468256014697,9,0.4599609375,0.056934515027923474,0.08473694688511449,130.44585987261146,2052.0966796875,28.50550640184322,9,0.46044921875,0.06670536666395337,0.11230529405892099,130.30752916224813
8,7,8,0,ecg_only,2050.228515625,50.39095714370914,9,0.4775390625,0.024608599938191703,0.04329724272605095,125.6441717791411,2053.0322265625,32.58816072228025,9,0.4775390625,0.0486226143925961,0.08513474499102879,125.6441717791411
8,7,9,0,ecg_only,2047.8037109375,51.83365771548871,9,0.47314453125,0.02379588463088126,0.04008157314253468,126.81114551083591,2051.328125,33.89756153080005,9,0.4736328125,0.04889643659031268,0.10002702620283252,126.68041237113403
8,7,10,0,ecg_only,2048.5087890625,48.44237798923976,9,0.466796875,0.08327736564581188,0.0891740373010633,128.53556485355648,2049.033203125,30.93745061697053,9,0.4638671875,0.08004834621610614,0.09381972853325452,129.34736842105264
8,8,1,0,ecg_only,2053.736328125,47.10629196580149,9,0.48291015625,0.05694079607102581,0.08707145535164536,124.24671385237613,2057.82421875,31.17560456033128,9,0.48828125,0.06527646471511095,0.10061370000881732,122.88
8,8,2,0,ecg_only,2049.14453125,49.82124893148277,10,0.4175347222222222,0.05196746370519363,0.050856314712076314,143.7006237006237,2052.490234375,32.45874638880202,10,0.4157986111111111,0.04255686073526138,0.03297254495338698,144.30062630480168
8,8,3,0,ecg_only,2052.541015625,51.41574074000593,10,0.4001736111111111,0.07978087001464204,0.09825014722973224,149.93492407809111,2054.6416015625,33.78302012842395,10,0.3997395833333333,0.07694420157653206,0.0955734932004636,150.09771986970685
8,8,4,0,ecg_only,2049.8369140625,50.652228062193764,11,0.395703125,0.03742872458190534,0.0553040640145711,151.62882527147087,2047.08203125,34.160740060763075,11,0.39296875,0.03406285836967444,0.050964546330158664,152.68389662027835
8,8,5,0,ecg_only,2046.9443359375,48.657663225587044,11,0.39765625,0.03271936186151863,0.05914096327695711,150.88408644400786,2042.6181640625,32.32808651744383,11,0.396484375,0.031115432923480672,0.0553040640145711,151.33004926108376
8,8,6,0,ecg_only,2047.00390625,45.940986096199666,10,0.4275173611111111,0.045892152388494103,0.059498227389561786,140.3451776649746,2046.6142578125,29.9604008155312,10,0.4270833333333333,0.043692608686360726,0.05747632409985219,140.4878048780488
8,8,7,0,ecg_only,2046.1376953125,49.82868683989591,9,0.4716796875,0.021727144005163075,0.03975392535930527,127.20496894409938,2048.9794921875,33.249450320526,9,0.4716796875,0.029604504670359605,0.05929638239725747,127.20496894409938
8,8,8,0,ecg_only,2051.126953125,50.2646268366637,9,0.46923828125,0.02427204789382142,0.043797805514170944,127.86680541103017,2054.65625,33.67603295093559,9,0.4697265625,0.03195911752334682,0.054547812670972425,127.73388773388774
8,8,9,0,ecg_only,2047.8154296875,47.13378685706511,8,0.4994419642857143,0.07949218260323156,0.11110517697912416,120.1340782122905,2047.5615234375,31.39721766919225,8,0.4966517857142857,0.07633063730251212,0.11969963629722315,120.80898876404495
8,8,10,0,ecg_only,2048.232421875,47.250358418714896,9,0.47802734375,0.0794069024801939,0.09276829755498373,125.51583248212462,2049.7021484375,32.36371900576657,9,0.4736328125,0.07492850392663392,0.08844998097820396,126.68041237113403
8,9,1,0,ecg_only,2046.4716796875,47.17416180187943,9,0.4599609375,0.018295892573432806,0.027383580683895754,130.44585987261146,2047.7119140625,30.043978420061393,9,0.4580078125,0.028015602124572367,0.05180122631744418,131.00213219616205
8,9,2,0,ecg_only,2048.0263671875,47.65689843909193,10,0.4292534722222222,0.03959894002762862,0.05066844441825331,139.77755308392315,2050.3935546875,30.185856539453155,10,0.4322916666666667,0.039365147025601496,0.0482781527121417,138.79518072289156
8,9,3,0,ecg_only,2047.3330078125,52.21596757563068,9,0.46142578125,0.019767853984372228,0.029119627512611046,130.03174603174602,2051.787109375,33.866719321212486,9,0.4619140625,0.020179666327902173,0.029343341127533274,129.89429175475686
8,9,4,0,ecg_only,2045.4111328125,51.49719266739679,9,0.44580078125,0.043165277662476714,0.0752252013302628,134.58926615553122,2047.2763671875,33.41901925162038,10,0.4348958333333333,0.05162559271249742,0.07374178565880024,137.96407185628743
8,9,5,0,ecg_only,2046.2568359375,49.58753162957104,9,0.47265625,0.048475287679651785,0.06142703437783202,126.94214876033058,2049.2705078125,31.794445842959373,10,0.4309895833333333,0.05478042699990268,0.07452650011069888,139.21450151057402
8,9,6,0,ecg_only,2052.853515625,49.86307449985291,9,0.4716796875,0.018809922152595922,0.019475366480597264,127.20496894409938,2060.974609375,33.28483460513454,9,0.47314453125,0.0391813377877142,0.06671736469789663,126.81114551083591
8,9,7,0,ecg_only,2058.3134765625,51.748625944388735,10,0.4283854166666667,0.04752158226795484,0.05160095630321448,140.06079027355622,2065.767578125,35.21253388457044,10,0.42578125,0.04275118531089063,0.05345286009142191,140.91743119266056
8,9,8,0,ecg_only,2051.078125,53.72797286664903,10,0.3953993055555556,0.061205611710852884,0.07948042948974923,151.74533479692644,2055.2158203125,37.31131310548066,10,0.3949652777777778,0.05613910643925355,0.06953509030827304,151.9120879120879
8,9,9,0,ecg_only,2047.5751953125,53.44186942992337,10,0.4227430555555556,0.10419559783419206,0.17381166530218042,141.93018480492813,2052.7978515625,36.90471730614823,11,0.376171875,0.03635331787750775,0.04906625958702284,159.50155763239877
8,9,10,0,ecg_only,2049.84765625,54.49464418185365,11,0.38046875,0.028287292172236987,0.04828254223369572,157.700205338809,2055.2294921875,36.31512293313044,11,0.38046875,0.026331718041176122,0.04824741487929402,157.700205338809
8,10,1,0,ecg_only,2037.662109375,42.83084791421408,9,0.4609375,0.059977158331187844,0.07287014885225637,130.16949152542372,2043.0908203125,30.02330725009051,9,0.45849609375,0.09317731782994935,0.15608948228114106,130.8626198083067
8,10,2,0,ecg_only,2043.2431640625,44.85689541810945,9,0.43701171875,0.041589984267631504,0.03500089683162215,137.29608938547486,2049.5966796875,32.9972245031764,9,0.447265625,0.062009796353076345,0.09692808885190166,134.14847161572052
8,10,3,0,ecg_only,2046.4970703125,45.53930298562914,8,0.52734375,0.07211842513050026,0.10074541110181107,113.77777777777777,2058.9013671875,31.56743522810807,9,0.46923828125,0.08658838869621513,0.09331885608316061,127.86680541103017
8,10,4,0,ecg_only,2037.8115234375,42.953197458371925,9,0.4873046875,0.07673942209717632,0.08715903353133324,123.12625250501002,2052.9736328125,29.982128271837595,9,0.486328125,0.0816583787514331,0.10420037587011485,123.37349397590361
8,10,5,0,ecg_only,2045.1943359375,43.04757913612444,9,0.45556640625,0.054720187636159684,0.06652104049190001,131.70418006430867,2055.9990234375,30.346742885091075,9,0.466796875,0.04170733692199731,0.05670312899805127,128.53556485355648
8,10,6,0,ecg_only,2058.837890625,44.228246438792226,9,0.458984375,0.07642186541606973,0.072042821351325,130.72340425531914,2067.7314453125,31.611180705049943,8,0.5106026785714286,0.06719639831915343,0.08552219725871367,117.50819672131146
8,10,7,0,ecg_only,2059.22265625,41.3070773953367,9,0.47998046875,0.09250964758797099,0.10870529984964757,125.00508646998983,2068.3173828125,28.262992217524133,8,0.5452008928571429,0.07469761934051383,0.1164473151839134,110.05117707267144
8,10,8,0,ecg_only,2047.62109375,40.303329678560196,9,0.47900390625,0.09200312393523806,0.13250028954651652,125.25993883792049,2056.171875,27.52608404285606,9,0.4755859375,0.09443414918722381,0.15351967177054449,126.16016427104722
8,10,9,0,ecg_only,2049.9423828125,44.981285177251266,9,0.4912109375,0.06625528566399792,0.11481033892028658,122.14711729622266,2053.6220703125,30.55298837820625,9,0.48876953125,0.09263327199470142,0.172217090567348,122.75724275724276
8,10,10,0,ecg_only,2050.4111328125,46.84171644483137,8,0.5256696428571429,0.09888418050596735,0.18106216695041857,114.14012738853502,2054.66015625,31.78405737316408,8,0.5279017857142857,0.05426449009438937,0.09670105771811435,113.65750528541227
8,11,1,0,ecg_only,2052.099609375,41.51338545243464,9,0.4736328125,0.07215336508619483,0.07123648838050423,126.68041237113403,2062.2177734375,28.648980752679833,9,0.46826171875,0.08523410422949086,0.10661987549965767,128.13347236704902
8,11,2,0,ecg_only,2049.8037109375,44.29162001345676,9,0.455078125,0.0720541669753778,0.12150707111717085,131.84549356223175,2061.5107421875,29.942129760680146,9,0.45361328125,0.07156111137009026,0.1171875,132.2712594187298
8,11,3,0,ecg_only,2048.4521484375,46.67136659910406,9,0.4755859375,0.09400904153397543,0.1554527652407063,126.16016427104722,2061.2763671875,30.967264534346157,9,0.47216796875,0.06718970006844863,0.12242749084005952,127.07342295760083
8,11,4,0,ecg_only,2048.6904296875,44.28453439446009,8,0.5089285714285714,0.11028231541996095,0.13568245650748756,117.89473684210527,2061.8447265625,28.802742238754053,10,0.4144965277777778,0.09997158824298841,0.14315220470163043,144.75392670157066
8,11,5,0,ecg_only,2050.30078125,44.977982454081335,9,0.49609375,0.10146855631141045,0.1321131138853788,120.94488188976378,2055.0732421875,30.11458434495602,10,0.4344618055555556,0.07674072619983127,0.09085705741885163,138.1018981018981
8,11,6,0,ecg_only,2059.07421875,44.516723062262216,9,0.49365234375,0.06424378586935198,0.07797138916231892,121.54302670623146,2054.3076171875,30.319105282040475,9,0.49560546875,0.06572599360025842,0.10058119679362292,121.06403940886699
8,11,7,0,ecg_only,2060.947265625,45.3806077838948,8,0.53125,0.048023504406138756,0.061824967934939114,112.94117647058823,2056.732421875,31.26906736412235,8,0.5279017857142857,0.06071059271856762,0.0810017240364364,113.65750528541227
8,11,8,0,ecg_only,2054.1181640625,41.868547802220625,8,0.5446428571428571,0.0742292386519934,0.11958272652466541,110.16393442622952,2053.5654296875,28.178553461914856,8,0.5452008928571429,0.07579842470539132,0.12791601986467854,110.05117707267144
8,11,9,0,ecg_only,2042.8173828125,40.231348194229454,9,0.49560546875,0.06040297605243645,0.08423382286268681,121.06403940886699,2050.017578125,25.88778525452731,9,0.49072265625,0.057904062706387656,0.07297477223542737,122.26865671641791
8,11,10,0,ecg_only,2044.4931640625,45.04730534554712,8,0.5530133928571429,0.056908699928490895,0.10185005366218314,108.49646821392533,2056.357421875,30.106730449407348,8,0.5558035714285714,0.0523126859163302,0.07611342575872647,107.95180722891567
8,12,1,0,ecg_only,2052.638671875,41.11422147640746,9,0.46044921875,0.08561368101722608,0.12649083067770453,130.30752916224813,2060.8779296875,28.937124410544083,9,0.451171875,0.10180634789001679,0.1423581810153843,132.98701298701297
8,12,2,0,ecg_only,2053.53125,45.17605534530986,9,0.4921875,0.09354632824084412,0.10627174475493911,121.9047619047619,2056.046875,32.20954569664675,9,0.47314453125,0.10431292121121051,0.14230457797606663,126.81114551083591
8,12,3,0,ecg_only,2052.970703125,44.01676617146148,8,0.5178571428571429,0.04453111014120536,0.07733980419227864,115.86206896551722,2053.5146484375,31.11818732346534,8,0.5172991071428571,0.09339724236836604,0.1887841227089269,115.98705501618124
8,12,4,0,ecg_only,2056.62109375,44.28184527183472,9,0.4619140625,0.08290434728251495,0.09467549134128793,129.89429175475686,2057.6474609375,31.80159644612062,9,0.47119140625,0.06932734046614221,0.11138929632070323,127.33678756476684
8,12,5,0,ecg_only,2047.9775390625,41.59796986715562,10,0.4409722222222222,0.06475019513531777,0.0721070896170888,136.06299212598427,2054.4306640625,28.176152738668403,10,0.4314236111111111,0.06715799757806949,0.10586586119427853,139.07444668008048
8,12,6,0,ecg_only,2045.8193359375,40.82983907553422,9,0.466796875,0.07834441843801399,0.1018839350266658,128.53556485355648,2051.869140625,26.81243562134881,10,0.4097222222222222,0.07424032134537475,0.09931213309698587,146.4406779661017
8,12,7,0,ecg_only,2053.822265625,45.24498906499971,8,0.5340401785714286,0.05252061859755555,0.09944967794824887,112.35109717868337,2058.634765625,31.373870160554283,10,0.4149305555555556,0.07143153162613305,0.09269630839909598,144.60251046025104
8,12,8,0,ecg_only,2054.1826171875,44.9008331217287,9,0.494140625,0.10865766441954003,0.12730677048524924,121.42292490118577,2063.85546875,31.442883009796883,10,0.4396701388888889,0.11117551844200577,0.16887473688451005,136.4659427443238
8,12,9,0,ecg_only,2051.2294921875,41.19346349723918,9,0.48388671875,0.12769371575506352,0.16110617677579125,123.99596367305752,2060.9794921875,28.294395586708095,9,0.45263671875,0.11237578422094531,0.14984064265733874,132.5566343042071
8,12,10,0,ecg_only,2050.98828125,42.64348320137437,9,0.44384765625,0.11539874234894319,0.20320010630687427,135.18151815181517,2054.798828125,28.495074934130443,9,0.46337890625,0.092437456998886,0.1139910031547368,129.4836670179136
8,13,1,1,ecg_only,2055.001953125,55.56782521666925,10,0.42578125,0.06012185614903748,0.08755360732301917,140.91743119266056,2060.3837890625,36.97116923215988,10,0.4283854166666667,0.05076455387921335,0.059450122090720404,140.06079027355622
8,13,2,1,ecg_only,2049.765625,57.27818757157366,11,0.391015625,0.04344375236027184,0.05589866649392104,153.44655344655345,2053.6240234375,37.342877199834916,11,0.397265625,0.059139386545817546,0.07154352535320914,151.03244837758112
8,13,3,1,ecg_only,2049.4482421875,48.694171326030855,10,0.3975694444444444,0.04426232216660403,0.07212031420951857,150.9170305676856,2054.033203125,33.88858801355539,10,0.3975694444444444,0.04437708518618493,0.07361234587907325,150.9170305676856
8,13,4,1,ecg_only,2056.5078125,46.78046652546171,9,0.478515625,0.07897486960607707,0.11803081976357913,125.38775510204081,2063.275390625,32.71668062706946,9,0.47412109375,0.08529003029057836,0.12795577620436874,126.54994850669414
8,13,5,1,ecg_only,2053.013671875,45.662610873994424,9,0.4560546875,0.0895833096762929,0.10702799134768269,131.56316916488223,2057.716796875,31.9308620654061,8,0.5178571428571429,0.10136607772017445,0.15371478414024217,115.86206896551722
8,13,6,1,ecg_only,2052.173828125,46.69428768632154,8,0.5284598214285714,0.07280174222009123,0.12401959270615269,113.5374868004224,2053.0517578125,32.362332476450845,8,0.5251116071428571,0.08575612817990422,0.14756114662128206,114.2614240170032
8,13,7,1,ecg_only,2057.1953125,45.84489962664706,8,0.5396205357142857,0.053086767830470005,0.0753072590672982,111.18924508790073,2058.3408203125,33.19026668244905,8,0.5379464285714286,0.06495305592389046,0.10549285989858903,111.53526970954356
8,13,8,1,ecg_only,2054.1318359375,44.800591188600215,8,0.5212053571428571,0.049360143722089245,0.07427013024152947,115.11777301927197,2057.1494140625,32.27094976717338,8,0.52734375,0.057863756235784464,0.08577458516154664,113.77777777777777
8,13,9,1,ecg_only,2059.7490234375,47.124901556423175,10,0.4309895833333333,0.04833518539914215,0.06976785585738965,139.21450151057402,2057.5927734375,32.83242232290049,10,0.4275173611111111,0.06410988442554783,0.0930556972622781,140.3451776649746
8,13,10,1,ecg_only,2064.603515625,47.49281429348424,9,0.474609375,0.07279158263118837,0.1034761338080291,126.41975308641975,2062.201171875,33.21965483530359,9,0.4765625,0.06968579208949716,0.08531378776500607,125.90163934426229
8,14,1,0,ecg_only,2056.41015625,50.565433072906494,9,0.4560546875,0.05221642338005801,0.08063760889085148,131.56316916488223,2055.486328125,34.640026756699164,9,0.455078125,0.05258950006967289,0.07458497520805188,131.84549356223175
8,14,2,0,ecg_only,2058.076171875,50.44106301883872,10,0.4322916666666667,0.06606068173940532,0.10595590617202222,138.79518072289156,2048.6650390625,36.39572149797073,10,0.4322916666666667,0.06093416123332079,0.09481209894546852,138.79518072289156
8,14,3,0,ecg_only,2051.2451171875,46.8582207008748,9,0.46484375,0.06521799944165625,0.10580922227224403,129.07563025210084,2047.548828125,33.17695746205804,9,0.4619140625,0.06671430157520926,0.09912951203476188,129.89429175475686
8,14,4,0,ecg_only,2048.5498046875,45.77988969780402,9,0.45703125,0.0777824521552339,0.07578815322018861,131.28205128205127,2051.875,32.52282852090205,8,0.5223214285714286,0.04974975242862203,0.06942070449253294,114.87179487179486
8,14,5,0,ecg_only,2048.48046875,43.6653601958151,9,0.46240234375,0.07938287891121988,0.08935718400724901,129.75712777191129,2053.6298828125,30.347446440434112,8,0.5295758928571429,0.09513158746365265,0.18271203391468113,113.29820864067439
8,14,6,0,ecg_only,2053.6728515625,44.72646253016598,9,0.4775390625,0.0541882203086136,0.04689824572421583,125.6441717791411,2055.2822265625,30.455356615953775,9,0.47607421875,0.12100610329864549,0.2109943293156198,126.03076923076924
8,14,7,0,ecg_only,2060.3232421875,42.726350444435575,8,0.54296875,0.09793487039500136,0.15476179297586393,110.50359712230215,2061.013671875,28.950149243222114,9,0.47314453125,0.07920246987778355,0.08311360773841214,126.81114551083591
8,14,8,0,ecg_only,2060.0029296875,44.22862070938264,9,0.46484375,0.09751943541265569,0.11630995837593062,129.07563025210084,2060.048828125,30.501849946998444,9,0.458984375,0.09282995811184488,0.12089557516661258,130.72340425531914
8,14,9,0,ecg_only,2051.619140625,48.14459285461322,9,0.4814453125,0.08644095249962815,0.10835381059330255,124.62474645030426,2052.0634765625,33.48076747983106,9,0.46630859375,0.091441664396876,0.11312720437374753,128.67015706806282
8,14,10,0,ecg_only,2054.359375,48.31530706188645,8,0.5128348214285714,0.06813065325963184,0.07525658691236214,116.99673558215453,2055.4072265625,34.07725005358112,9,0.45947265625,0.09675240912382828,0.09929429772843922,130.5844845908608
8,15,1,0,ecg_only,2058.98046875,47.911596747606666,10,0.4405381944444444,0.06238535975288524,0.06978152376933533,136.19704433497537,2053.5595703125,34.342205467585636,10,0.4392361111111111,0.06626852320830666,0.0730009046524639,136.600790513834
8,15,2,0,ecg_only,2057.26171875,46.49002181431945,9,0.49560546875,0.07463998216684012,0.08544144575615388,121.06403940886699,2053.8056640625,32.50036548995866,8,0.5172991071428571,0.07585591931981704,0.125760625250041,115.98705501618124
8,15,3,0,ecg_only,2051.6181640625,43.269613757859375,9,0.45556640625,0.10206713385729402,0.15736211367870148,131.70418006430867,2053.0927734375,29.5264081103983,8,0.5139508928571429,0.09416428975256273,0.15496706376796518,116.74267100977198
8,15,4,0,ecg_only,2055.2197265625,45.96595166452264,9,0.4560546875,0.08517394275776098,0.09285050253128682,131.56316916488223,2059.26953125,32.64976923395131,8,0.5150669642857143,0.09063915595808121,0.15955170453263992,116.48970747562296
8,15,5,0,ecg_only,2054.0732421875,45.62916833309008,8,0.5535714285714286,0.08395424308182003,0.13559808560710768,108.38709677419354,2059.61328125,32.72883469485888,9,0.48046875,0.10501566452164113,0.13998801666666993,124.8780487804878
8,15,6,0,ecg_only,2049.9375,40.95057043253488,9,0.4765625,0.1179499933350332,0.15002964271835226,125.90163934426229,2051.88671875,28.02020161612686,9,0.47998046875,0.12328593932928325,0.1616262567623219,125.00508646998983
8,15,7,0,ecg_only,2053.337890625,41.87823086700938,10,0.4227430555555556,0.10938705566275361,0.18004274496532327,141.93018480492813,2053.318359375,28.47408729544021,9,0.4755859375,0.10586135693486005,0.15550183603432033,126.16016427104722
8,15,8,0,ecg_only,2057.521484375,46.83499884217604,10,0.4066840277777778,0.09286774618894605,0.11923664163747809,147.53468516542156,2057.1328125,32.68065681086969,8,0.5239955357142857,0.07638773133850335,0.1180092714622104,114.50479233226838
8,15,9,0,ecg_only,2051.904296875,46.05315607710144,9,0.4677734375,0.09388722866579335,0.1467761231578252,128.26722338204593,2052.8837890625,32.06754301985897,9,0.46728515625,0.0886025313073907,0.13087811366367072,128.40125391849529
8,15,10,0,ecg_only,2048.7119140625,46.14705619598193,9,0.4912109375,0.0413283280654274,0.0648787018538524,122.14711729622266,2053.513671875,32.27509029739242,9,0.49462890625,0.03817035416248647,0.061284924217819906,121.30306021717671
8,16,1,0,ecg_only,2056.6953125,46.37450447743182,8,0.5362723214285714,0.033389007369758014,0.06550009815315483,111.88345473465141,2056.974609375,31.68089397122755,9,0.47607421875,0.09822951855129565,0.12127362792149442,126.03076923076924
8,16,2,0,ecg_only,2052.8701171875,46.146905003396675,9,0.486328125,0.05721022857764379,0.06932905995819863,123.37349397590361,2057.765625,31.913514568429704,9,0.486328125,0.06984982321190494,0.0981794022872524,123.37349397590361
8,16,3,0,ecg_only,2051.83984375,48.08004936406145,9,0.478515625,0.07061026360361414,0.06533070704869298,125.38775510204081,2057.06640625,33.488884063745104,9,0.47705078125,0.07451210271853886,0.06445735240465479,125.77277379733879
8,16,4,0,ecg_only,2044.810546875,47.27075897834123,9,0.47265625,0.05777421663183219,0.06796361844339693,126.94214876033058,2047.56640625,32.36413132558884,9,0.47265625,0.06042073554007039,0.05940656468316744,126.94214876033058
8,16,5,0,ecg_only,2052.8955078125,45.31805805713934,9,0.44677734375,0.06858048782224084,0.07648957897625196,134.29508196721312,2053.8623046875,30.703337069257074,9,0.44384765625,0.0637370706050374,0.07295983522324849,135.18151815181517
8,16,6,0,ecg_only,2054.9775390625,46.00679810711441,9,0.466796875,0.07679532520053711,0.07905418416882318,128.53556485355648,2057.62109375,30.581841150897226,9,0.46484375,0.08562621178430849,0.09490545401025621,129.07563025210084
8,16,7,0,ecg_only,2049.8115234375,48.03608490653551,9,0.4951171875,0.06215572906628736,0.0663569932865837,121.18343195266272,2053.83984375,32.52210387721843,9,0.494140625,0.06283479664900551,0.07269044414256152,121.42292490118577
8,16,8,0,ecg_only,2055.2490234375,48.458538767848495,8,0.5061383928571429,0.018658765063951435,0.029834477180702083,118.54465270121278,2056.708984375,32.88018728894356,8,0.5027901785714286,0.02423443164130409,0.04293914699958633,119.33407325194229
8,16,9,0,ecg_only,2053.4619140625,48.194374860676064,8,0.5111607142857143,0.02213932413490778,0.03780528942957806,117.37991266375545,2051.21484375,32.38837100778744,9,0.474609375,0.07629697259618988,0.08117645624188746,126.41975308641975
8,16,10,0,ecg_only,2057.4072265625,48.644750031111215,8,0.5066964285714286,0.010587983237170914,0.014352478961620185,118.41409691629956,2053.970703125,32.9301035500667,8,0.5011160714285714,0.027360827393150138,0.048133073930402406,119.73273942093542
8,17,1,0,ecg_only,2058.6552734375,48.40935988561104,10,0.4309895833333333,0.05579240959799102,0.08466295625661423,139.21450151057402,2057.88671875,35.213562442025065,10,0.4327256944444444,0.04740648410039287,0.06079836881356789,138.65596790371114
8,17,2,0,ecg_only,2067.306640625,51.62562154252576,9,0.44677734375,0.04040361383723489,0.05565549550302737,134.29508196721312,2063.921875,37.12475996871057,9,0.44677734375,0.05859171545946917,0.0918829146554481,134.29508196721312
8,17,3,0,ecg_only,2063.9267578125,49.04857990064004,10,0.4244791666666667,0.05002440810494413,0.08264511754545191,141.34969325153372,2057.49609375,35.19085774908323,10,0.4205729166666667,0.06255422994512663,0.09751943541265569,142.6625386996904
8,17,4,0,ecg_only,2062.384765625,46.01227335357185,9,0.4482421875,0.062002106169335845,0.09836794240317283,133.8562091503268,2058.244140625,32.51485485097888,9,0.44384765625,0.05394789704050357,0.08579787764946045,135.18151815181517
8,17,5,0,ecg_only,2062.404296875,47.585537918960895,9,0.46533203125,0.08006472591787042,0.10436759824589273,128.9401888772298,2058.10546875,33.86336010487992,9,0.46826171875,0.07625790164216566,0.0994916802931011,128.13347236704902
8,17,6,0,ecg_only,2042.3857421875,59.78774820795046,9,0.447265625,0.08569301159562619,0.10331801809327942,134.14847161572052,2051.1669921875,33.11356589710347,9,0.447265625,0.09282995811184488,0.11270249323340982,134.14847161572052
8,17,7,0,ecg_only,2081.8759765625,102.34352218020176,9,0.46337890625,0.09167082228055322,0.11240230132764187,129.4836670179136,2096.98046875,79.95517304499612,9,0.4658203125,0.10665117707637992,0.127435125520862,128.80503144654088
8,17,8,0,ecg_only,2083.0693359375,98.30668926103284,10,0.4327256944444444,0.0833288120879982,0.13291299047538346,138.65596790371114,2078.7529296875,93.18823613900084,10,0.4262152777777778,0.08153255416161868,0.12300811641555025,140.77393075356414
8,17,9,0,ecg_only,2023.505859375,54.300487423389896,11,0.38828125,0.04954012144527403,0.06948783366732465,154.5271629778672,2012.103515625,38.578134838796714,11,0.387109375,0.04061185183866435,0.04371200607186072,154.9949545913219
8,17,10,0,ecg_only,2021.1494140625,52.50762723286425,11,0.375,0.020890221808001465,0.03561144357077433,160.0,2021.73046875,39.02835519408003,11,0.375,0.017815241017174032,0.029891250737627596,160.0
8,18,1,1,ecg_only,2061.7265625,45.19924896426481,9,0.4755859375,0.05258043213270236,0.08128379705736255,126.16016427104722,2059.3681640625,32.38613168526898,9,0.47412109375,0.04110562577181831,0.042329868902930536,126.54994850669414
8,18,2,1,ecg_only,2055.8798828125,51.61162646074784,9,0.4638671875,0.047990868653537556,0.0694076198247148,129.34736842105264,2055.1943359375,37.71656641292916,9,0.46435546875,0.0428548517068877,0.05827667183282445,129.21135646687696
8,18,3,1,ecg_only,2049.1064453125,49.525476767850975,9,0.45947265625,0.08762846099940375,0.12937886845061872,130.5844845908608,2049.4658203125,34.38500995890451,9,0.45947265625,0.08425504847039744,0.11584988085437643,130.5844845908608
8,18,4,1,ecg_only,2046.9453125,48.11687165020544,8,0.5290178571428571,0.05460201956427481,0.0806083184858398,113.41772151898735,2052.6298828125,33.520381008500145,8,0.52734375,0.05683751953799658,0.08423382286268681,113.77777777777777
8,18,5,1,ecg_only,2045.1025390625,46.00314435370871,8,0.5546875,0.04963068123740884,0.0982922001385304,108.16901408450704,2051.9287109375,31.885656856681937,8,0.5530133928571429,0.05819646350215933,0.10410968493562851,108.49646821392533
8,18,6,1,ecg_only,2052.3662109375,43.70517425587908,9,0.48876953125,0.07946692962901666,0.13227800800083755,122.75724275724276,2053.5126953125,29.0536249042876,9,0.490234375,0.07899901725061205,0.11219848919019587,122.39043824701196
8,18,7,1,ecg_only,2057.4375,44.84559011904069,9,0.44970703125,0.08863481595837826,0.11058403826994782,133.42019543973942,2055.1298828125,30.36956171716209,8,0.5122767857142857,0.07780146656674426,0.1079002134135401,117.12418300653596
8,18,8,1,ecg_only,2052.2734375,46.781400691766315,8,0.5239955357142857,0.04978103961643798,0.08062409156464959,114.50479233226838,2052.404296875,32.02011423951928,8,0.5239955357142857,0.04822410200997389,0.08646852977022912,114.50479233226838
8,18,9,1,ecg_only,2050.5087890625,47.1932728349855,9,0.4677734375,0.039535707968744456,0.0625,128.26722338204593,2054.71484375,32.600786248771456,9,0.46826171875,0.036822363576372794,0.04240704283920386,128.13347236704902
8,18,10,1,ecg_only,2050.2607421875,48.01933796085862,8,0.49888392857142855,0.022940630347203648,0.029577647634376425,120.26845637583894,2055.408203125,32.90129905617315,8,0.49609375,0.023062475803316766,0.035120062393909315,120.94488188976378
9,1,1,0,ecg_only,2045.4541015625,59.49617440082543,10,0.4006076388888889,0.03924052795936009,0.06686422956493629,149.77248104008666,2049.96484375,49.51898245534823,10,0.4001736111111111,0.046150032989652215,0.07501118894402937,149.93492407809111
9,1,2,0,ecg_only,2042.9853515625,59.9564521349519,10,0.4201388888888889,0.05159639271428326,0.0911295558381891,142.8099173553719,2046.3828125,49.73851486363303,10,0.4166666666666667,0.0449171570590113,0.08473051548235884,144.0
9,1,3,0,ecg_only,2048.4267578125,59.81701023711374,10,0.4192708333333333,0.0546875,0.10305395279900718,143.10559006211182,2051.064453125,49.5577092783724,10,0.4188368055555556,0.04947155155824655,0.08993923255041603,143.2538860103627
9,1,4,0,ecg_only,2054.4951171875,53.4552234459659,9,0.45947265625,0.048786603439580606,0.06256971558218652,130.5844845908608,2057.71484375,44.624526590352595,9,0.45556640625,0.05159864603676291,0.09088104608129441,131.70418006430867
9,1,5,0,ecg_only,2059.3896484375,58.412173073407,10,0.4353298611111111,0.030542729315554133,0.05872381397801917,137.82652043868396,2063.9267578125,47.80577471937329,10,0.4296875,0.05453226976919772,0.10571260870704326,139.63636363636363
9,1,6,0,ecg_only,2059.646484375,58.88604616505408,10,0.4140625,0.05002440810494413,0.08976941558032342,144.9056603773585,2063.326171875,49.119742269864965,10,0.4114583333333333,0.05573160041414765,0.09673392575812338,145.8227848101266
9,1,7,0,ecg_only,2045.9296875,53.7433947385848,9,0.45654296875,0.09963689685658601,0.14025248278933042,131.42245989304814,2049.681640625,45.375906228507986,9,0.45166015625,0.09905131472428015,0.1415904975664542,132.84324324324325
9,1,8,0,ecg_only,2042.4619140625,58.864321240343585,10,0.41015625,0.04752158226795484,0.09181765057455593,146.28571428571428,2045.6494140625,48.4803554332879,10,0.4092881944444444,0.048885479432487264,0.09511337742625739,146.59597030752917
9,1,9,0,ecg_only,2050.43359375,59.20395993056513,10,0.4253472222222222,0.05144282079871199,0.09997253040679474,141.06122448979593,2052.5595703125,49.15316430050937,10,0.4253472222222222,0.04887391757034461,0.07777019039868964,141.06122448979593
9,1,10,0,ecg_only,2052.9609375,58.69427574620113,10,0.4301215277777778,0.05862107130515874,0.09307619185503012,139.4954591321897,2055.1025390625,48.45094806660816,10,0.4270833333333333,0.05811435834484739,0.09865698187782854,140.4878048780488
9,2,1,1,ecg_only,2050.494140625,61.58762149911072,9,0.45703125,0.030757843257858637,0.06051536478449089,131.28205128205127,2054.2822265625,50.61831974176859,9,0.45703125,0.07701853184816544,0.13161719203795283,131.28205128205127
9,2,2,1,ecg_only,2048.111328125,54.8099994850263,9,0.46484375,0.0712288380031659,0.07034349515248625,129.07563025210084,2053.8994140625,45.57457229949259,10,0.4340277777777778,0.05724561490901926,0.09825014722973224,138.24
9,2,3,1,ecg_only,2051.2607421875,54.762710619993584,9,0.47509765625,0.06237589913066102,0.07094519408399748,126.28982528263104,2056.783203125,45.17718882068682,9,0.4521484375,0.028083601258883605,0.041022267744395324,132.69978401727863
9,2,4,1,ecg_only,2048.9248046875,54.73766636515004,10,0.4253472222222222,0.040655222317175325,0.055809500243084176,141.06122448979593,2054.0390625,45.39989887511969,10,0.4270833333333333,0.058318217907704924,0.09281968419690978,140.4878048780488
9,2,5,1,ecg_only,2040.396484375,61.05403142516783,9,0.43505859375,0.04165871862263977,0.07965849874929273,137.9124579124579,2044.921875,50.1817765066102,9,0.4345703125,0.06773571536663998,0.11259606513519277,138.06741573033707
9,2,6,1,ecg_only,2038.4306640625,62.50938271094005,10,0.4266493055555556,0.04793993497043082,0.07901108830534681,140.63072227873855,2041.9267578125,51.21145184081848,10,0.4270833333333333,0.07678980571763923,0.12784392998719302,140.4878048780488
9,2,7,1,ecg_only,2047.908203125,55.55778392434079,9,0.46533203125,0.07469107264189918,0.10825317547305482,128.9401888772298,2048.150390625,45.99357589147545,9,0.44189453125,0.07530145461259338,0.12698102372025769,135.77900552486187
9,2,8,1,ecg_only,2054.0712890625,58.96445065721437,10,0.4370659722222222,0.041234923182338956,0.07957636245102875,137.27904667328698,2051.9345703125,48.48961527243224,10,0.4357638888888889,0.05530747017132083,0.10840283634092704,137.68924302788844
9,2,9,1,ecg_only,2052.14453125,58.82372874820818,9,0.43310546875,0.04213671983637711,0.07921945442064945,138.53438556933483,2051.9765625,48.6859900028601,9,0.43359375,0.052806663416389746,0.08858542336153763,138.3783783783784
9,2,10,1,ecg_only,2049.2216796875,53.5758140423797,9,0.4580078125,0.09485735171979538,0.1407954076637318,131.00213219616205,2052.6640625,45.25328498845243,10,0.4361979166666667,0.08607548896374172,0.131839554348535,137.55223880597015
9,3,1,1,ecg_only,2055.2255859375,53.055238107771245,10,0.4253472222222222,0.06688817277527102,0.09782212475110276,141.06122448979593,2056.0615234375,45.16842530522996,10,0.4231770833333333,0.06715519249076889,0.1129862133156699,141.7846153846154
9,3,2,1,ecg_only,2052.7958984375,59.0678927992161,10,0.4370659722222222,0.04952863633229496,0.09337285794376189,137.27904667328698,2053.4306640625,49.08402271898434,10,0.4379340277777778,0.05610889795552886,0.08464042453132989,137.00693756194252
9,3,3,1,ecg_only,2049.0517578125,59.89672310165511,9,0.45703125,0.029296875,0.057447872819782086,131.28205128205127,2045.029296875,52.165780670312174,9,0.45654296875,0.046648112196100294,0.09472152853892297,131.42245989304814
9,3,4,1,ecg_only,2046.283203125,53.379078729311075,9,0.46484375,0.05969026089818799,0.06029885115732187,129.07563025210084,2043.162109375,47.692671429167575,10,0.4296875,0.05374939437643306,0.08483175343939062,139.63636363636363
9,3,5,1,ecg_only,2048.9306640625,52.73233632307856,9,0.474609375,0.062132709846042446,0.08733392642175818,126.41975308641975,2050.9853515625,44.93029301858356,9,0.45751953125,0.049888390906514625,0.100797686920961,131.1419423692636
9,3,6,1,ecg_only,2052.32421875,52.987564499391254,10,0.4266493055555556,0.046830772602409414,0.07480749219611546,140.63072227873855,2055.2119140625,44.90170487011172,10,0.4244791666666667,0.054811367655857264,0.09527366972860177,141.34969325153372
9,3,7,1,ecg_only,2049.5029296875,59.46938214990914,9,0.4375,0.055449490494446835,0.0909529741068643,137.14285714285714,2052.4267578125,50.06195874820491,9,0.4375,0.06971315741240136,0.11862033275384928,137.14285714285714
9,3,8,1,ecg_only,2046.517578125,59.22188879869099,10,0.4283854166666667,0.06429180674806516,0.10425004800845718,140.06079027355622,2049.8740234375,49.90292088363366,10,0.4292534722222222,0.0520326721202976,0.0878363547725346,139.77755308392315
9,3,9,1,ecg_only,2059.1171875,54.029017246196915,9,0.4462890625,0.05845523993350463,0.06047933300708717,134.44201312910283,2060.6845703125,45.20360963932796,9,0.44384765625,0.06651924841386814,0.10985227499432396,135.18151815181517
9,3,10,1,ecg_only,2070.62109375,59.04820415921818,10,0.4357638888888889,0.05172766290083188,0.09180726337495546,137.68924302788844,2070.9150390625,49.00493845090104,10,0.4305555555555556,0.07037944772335271,0.11153352761929089,139.3548387096774
9,4,1,1,ecg_only,2047.3935546875,52.61032304852772,9,0.47705078125,0.09982814326564533,0.14812879082701985,125.77277379733879,2047.5673828125,44.34663872050034,9,0.47265625,0.09282995811184488,0.12675766202803088,126.94214876033058
9,4,2,1,ecg_only,2057.671875,58.96897149865661,10,0.4236111111111111,0.04633335467042541,0.09160968280905137,141.63934426229508,2058.859375,49.2321088021768,10,0.4240451388888889,0.051629241551086454,0.10026781459448833,141.49437052200614
9,4,3,1,ecg_only,2063.4521484375,58.238277180716516,10,0.4279513888888889,0.03613655954253237,0.06754537681949446,140.20283975659228,2063.560546875,49.565201751843276,10,0.4240451388888889,0.05714680760636385,0.10258090664069294,141.49437052200614
9,4,4,1,ecg_only,2056.36328125,52.514700874930234,9,0.4580078125,0.06012802452680525,0.0932954942462485,131.00213219616205,2058.73046875,45.2482260677728,10,0.4322916666666667,0.07567781816000203,0.1313612693340571,138.79518072289156
9,4,5,1,ecg_only,2058.1796875,58.764999228089366,10,0.4322916666666667,0.03751265700752066,0.07421875,138.79518072289156,2059.47265625,49.427733255929674,10,0.4318576388888889,0.052281884275705,0.10175012716899301,138.93467336683418
9,4,6,1,ecg_only,2054.666015625,59.05360198635013,9,0.439453125,0.043013116299893045,0.08140438628933246,136.53333333333333,2053.7470703125,50.04959933666483,9,0.43896484375,0.05730807907375734,0.11446807480983351,136.68520578420467
9,4,7,1,ecg_only,2042.9013671875,52.006188015281396,9,0.45458984375,0.06430313691693741,0.08398761933102317,131.98711063372718,2046.2041015625,44.23978455942891,10,0.4305555555555556,0.06886969186066556,0.09735304492641877,139.3548387096774
9,4,8,1,ecg_only,2043.6904296875,58.0913113579313,10,0.4375,0.06489549892904746,0.11191764146764212,137.14285714285714,2049.0048828125,48.5812280448492,10,0.4162326388888889,0.05234670101779087,0.09169292651801174,144.15015641293013
9,4,9,1,ecg_only,2043.3115234375,59.01924361774207,9,0.42578125,0.04234274099351328,0.08316604535103468,140.91743119266056,2046.9638671875,49.760497313203786,9,0.42578125,0.05196927615488309,0.10333911416661686,140.91743119266056
9,4,10,1,ecg_only,2038.9970703125,52.49467040666539,9,0.443359375,0.05953027599268817,0.08788132391261484,135.33039647577093,2043.3349609375,44.488280896297276,9,0.4443359375,0.05513039131356423,0.09344724178790864,135.03296703296704
9,5,1,1,ecg_only,2050.1953125,61.32996165641508,10,0.4166666666666667,0.06987712429686842,0.10961886875314282,144.0,2050.748046875,53.91318792394679,10,0.4166666666666667,0.05863713671457137,0.09105627110109406,144.0
9,5,2,1,ecg_only,2041.3193359375,55.74616874051993,9,0.447265625,0.07130912602940892,0.09412128858173222,134.14847161572052,2045.0048828125,49.45846362955123,10,0.4058159722222222,0.040488069027843195,0.06479254849764988,147.85026737967914
9,5,3,1,ecg_only,2044.06640625,56.421210657739,10,0.4205729166666667,0.05374939437643306,0.07680774258685814,142.6625386996904,2047.34765625,49.844604561394966,10,0.4301215277777778,0.059225312859082245,0.08952473934660812,139.4954591321897
9,5,4,1,ecg_only,2051.97265625,62.1367980684098,9,0.45166015625,0.0600069645972107,0.10477408466297515,132.84324324324325,2054.4951171875,54.99296808372996,9,0.45166015625,0.040592004140851415,0.07851465329000695,132.84324324324325
9,5,5,1,ecg_only,2051.5673828125,61.65682297144072,9,0.455078125,0.07114845937533978,0.12064288183981711,131.84549356223175,2053.9189453125,54.76106010273298,9,0.455078125,0.05437269885576193,0.09208434755555442,131.84549356223175
9,5,6,1,ecg_only,2051.6630859375,55.91948701460869,9,0.4677734375,0.06725531415966209,0.07376210554401029,128.26722338204593,2053.603515625,50.18198354006526,9,0.43505859375,0.06262004767231816,0.09878808389159703,137.9124579124579
9,5,7,1,ecg_only,2046.9599609375,56.30238323384699,10,0.4227430555555556,0.036494484391628314,0.04305743688486055,141.93018480492813,2050.6337890625,50.20475332811382,10,0.4166666666666667,0.06460748036487124,0.12147118598020479,144.0
9,5,8,1,ecg_only,2043.376953125,61.16767822524044,9,0.43115234375,0.05680664985844217,0.11189694517405609,139.16194790486975,2048.3095703125,54.039977843112766,9,0.43115234375,0.06057640094089569,0.10030992709205946,139.16194790486975
9,5,9,1,ecg_only,2043.3564453125,60.57592164116611,10,0.4296875,0.05188765324263353,0.0878580668862694,139.63636363636363,2048.3388671875,53.448677678608064,10,0.4144965277777778,0.04394196339261412,0.0803159577927816,144.75392670157066
9,5,10,1,ecg_only,2046.93359375,60.89712993204163,10,0.4357638888888889,0.07329031661975384,0.11442045715528758,137.68924302788844,2049.3818359375,53.25568211824287,10,0.4157986111111111,0.05744271964085314,0.09600160724566022,144.30062630480168
9,6,1,1,ecg_only,2050.765625,62.30085264452145,10,0.4184027777777778,0.049971659599389776,0.10237617270295216,143.40248962655602,2050.9482421875,55.19495151453025,10,0.4184027777777778,0.05485602890489346,0.11253797102256198,143.40248962655602
9,6,2,1,ecg_only,2043.8037109375,56.89056745996161,10,0.4140625,0.06702884206371745,0.09904288979303202,144.9056603773585,2045.7646484375,50.19711419697878,10,0.4053819444444444,0.05854389597211767,0.10359850750293624,148.00856531049251
9,6,3,1,ecg_only,2045.9462890625,63.26125491126218,9,0.41845703125,0.06087478932181684,0.10569585337542305,143.38389731621936,2049.8427734375,56.16326373948139,9,0.41796875,0.04890618759980045,0.08799287207333494,143.55140186915887
9,6,4,1,ecg_only,2048.7236328125,61.83062477640165,10,0.4266493055555556,0.05889038851765883,0.11174708720599136,140.63072227873855,2052.369140625,55.116305160759595,10,0.4292534722222222,0.05899585533870207,0.11737452523782445,139.77755308392315
9,6,5,1,ecg_only,2048.0341796875,61.152647470787905,10,0.4157986111111111,0.05387891539473168,0.10485207446460584,144.30062630480168,2050.08984375,53.880036510293735,10,0.4131944444444444,0.06252109501253443,0.10173138002426108,145.21008403361344
9,6,6,1,ecg_only,2050.861328125,62.52252960022558,10,0.4140625,0.048927849552229,0.09435837757172784,144.9056603773585,2052.8642578125,55.70372003395314,10,0.4092881944444444,0.044453429267601964,0.08192655148892322,146.59597030752917
9,6,7,1,ecg_only,2054.826171875,56.921521655108265,10,0.4079861111111111,0.05750171931138609,0.06867949598639547,147.06382978723406,2057.9580078125,50.561024336624044,11,0.3875,0.033090341538355265,0.04586957019220973,154.83870967741936
9,6,8,1,ecg_only,2057.353515625,61.6075979117258,9,0.419921875,0.047961051397690135,0.08888021759850244,142.88372093023256,2057.8310546875,54.39514508707449,9,0.419921875,0.04998626520339737,0.08096134766571153,142.88372093023256
9,6,9,1,ecg_only,2049.9462890625,61.98479877516497,10,0.4361979166666667,0.05468749999999999,0.10940987167313217,137.55223880597015,2048.98828125,54.59209409494106,10,0.4427083333333333,0.05412658773652741,0.09422689576624176,135.52941176470588
9,6,10,1,ecg_only,2050.0244140625,62.589719896849296,10,0.4405381944444444,0.061316313269433015,0.09856994438238705,136.19704433497537,2052.404296875,54.905588544444775,10,0.4244791666666667,0.037057941330098196,0.07453929545805227,141.34969325153372
9,7,1,1,ecg_only,2053.40234375,53.22734841701995,10,0.4201388888888889,0.0650549582549793,0.12653175263082436,142.8099173553719,2056.794921875,51.295625018978434,10,0.4162326388888889,0.05597780614723213,0.08735732298944841,144.15015641293013
9,7,2,1,ecg_only,2042.7998046875,48.16495865408122,9,0.470703125,0.09981978389984873,0.15151157787782024,127.4688796680498,2043.017578125,46.10744164865929,10,0.4144965277777778,0.06180287330322071,0.09402425704617898,144.75392670157066
9,7,3,1,ecg_only,2052.470703125,54.0051458873885,10,0.4366319444444444,0.06048111285797063,0.11092477644905775,137.41550695825052,2054.2158203125,51.128641600429916,10,0.4361979166666667,0.073840869160197,0.1364534255836607,137.55223880597015
9,7,4,1,ecg_only,2062.7373046875,53.74978501920069,9,0.45458984375,0.05394789704050357,0.09897546452593693,131.98711063372718,2067.896484375,50.6715163160269,9,0.45458984375,0.07498416733519249,0.12232952389466184,131.98711063372718
9,7,5,1,ecg_only,2057.1455078125,49.88082789548507,9,0.4599609375,0.09788547316600964,0.1181692507346832,130.44585987261146,2063.033203125,48.09935265341406,10,0.4361979166666667,0.05669672150280531,0.08796654706944176,137.55223880597015
9,7,6,1,ecg_only,2046.0888671875,48.31028569761812,9,0.46923828125,0.08809519378680633,0.1191612065068188,127.86680541103017,2051.2666015625,46.001636963203524,9,0.48193359375,0.09932053518949215,0.12455452148575194,124.4984802431611
9,7,7,1,ecg_only,2048.33203125,53.9783947427026,10,0.4153645833333333,0.062418566740660854,0.09873428412818258,144.45141065830722,2053.2373046875,50.776772254130044,10,0.4171006944444444,0.0628456635396033,0.10242273907911636,143.85015608740895
9,7,8,1,ecg_only,2054.65234375,54.42923152596256,10,0.4127604166666667,0.05285881023485531,0.08377972886534069,145.3627760252366,2059.5390625,51.94949881612039,10,0.4123263888888889,0.059728908903770174,0.10111077426206863,145.5157894736842
9,7,9,1,ecg_only,2050.927734375,48.69396471385795,9,0.4501953125,0.05855304575750495,0.10793051253336235,133.2754880694143,2056.123046875,46.86414974521092,9,0.427734375,0.06672144864272939,0.10925535547922975,140.27397260273972
9,7,10,1,ecg_only,2043.3701171875,54.45384661991306,10,0.4353298611111111,0.07665967629916794,0.14443224015804199,137.82652043868396,2048.5791015625,51.09379389116461,10,0.4353298611111111,0.07990827411711846,0.14995243589960972,137.82652043868396
9,8,1,0,ecg_only,2063.5302734375,58.079460163589516,10,0.4214409722222222,0.05385793314610265,0.10576672317626803,142.3686920700309,2068.1513671875,52.7440712204893,10,0.4314236111111111,0.06919715083610652,0.10139333869076102,139.07444668008048
9,8,2,0,ecg_only,2058.130859375,58.88493865857359,10,0.4270833333333333,0.05579240959799102,0.10323886942501961,140.4878048780488,2065.861328125,52.70875820948625,10,0.4123263888888889,0.05735410633682638,0.09645748613176364,145.5157894736842
9,8,3,0,ecg_only,2053.677734375,58.919914299979624,10,0.4240451388888889,0.0570874411370048,0.1079002134135401,141.49437052200614,2059.537109375,53.23162635848436,10,0.4236111111111111,0.05033225352195911,0.07828353056184016,141.63934426229508
9,8,4,0,ecg_only,2052.9326171875,52.97761126640271,9,0.439453125,0.04642525126564341,0.0869085760206523,136.53333333333333,2056.751953125,48.234078858964466,9,0.45654296875,0.050797679884185765,0.09803497989170025,131.42245989304814
9,8,5,0,ecg_only,2048.0712890625,55.25531821740843,10,0.4188368055555556,0.055907090930918814,0.1002012135810989,143.2538860103627,2050.2802734375,49.13399012763702,10,0.41796875,0.06745746795306572,0.11910860225382286,143.55140186915887
9,8,6,0,ecg_only,2049.056640625,59.00758620160292,9,0.42626953125,0.053753090703064096,0.09356380319256556,140.75601374570448,2049.2919921875,52.89931561112052,9,0.42626953125,0.06511372813902676,0.11386663712039248,140.75601374570448
9,8,7,0,ecg_only,2056.9169921875,57.05996660874035,10,0.4396701388888889,0.09369774135048346,0.13633456064680669,136.4659427443238,2058.4091796875,51.63647679737491,10,0.4379340277777778,0.09630918932729718,0.13334280616170535,137.00693756194252
9,8,8,0,ecg_only,2044.6923828125,61.10718442911156,10,0.3971354166666667,0.039579906649923606,0.07092022521627073,151.08196721311475,2046.8740234375,54.59081407588827,10,0.4058159722222222,0.03993998982752549,0.06767232866824381,147.85026737967914
9,8,9,0,ecg_only,2038.6650390625,60.258606980520625,10,0.4140625,0.05159274155249727,0.09809471878006003,144.9056603773585,2040.103515625,53.55594537038237,10,0.3997395833333333,0.05573160041414765,0.0974998747995991,150.09771986970685
9,8,10,0,ecg_only,2055.900390625,59.419669379948694,10,0.421875,0.05889678582238876,0.11243623409862699,142.22222222222223,2055.0390625,52.42634749456702,10,0.4214409722222222,0.07586676438641961,0.13168031903400917,142.3686920700309
9,9,1,1,ecg_only,2054.853515625,60.48043352360233,10,0.4288194444444444,0.054276036974174095,0.09276829755498373,139.91902834008098,2055.0107421875,55.35625813124391,10,0.4266493055555556,0.05651034999569373,0.09858929268846846,140.63072227873855
9,9,2,1,ecg_only,2049.5087890625,54.63749428851382,9,0.4609375,0.06568426453437592,0.1119553719181857,130.16949152542372,2052.8017578125,50.00344477231139,9,0.4658203125,0.06801671933346035,0.11228588254826542,128.80503144654088
9,9,3,1,ecg_only,2042.9892578125,57.24903521495282,10,0.4296875,0.04625604080294691,0.08708397191253107,139.63636363636363,2047.94140625,52.599445290777176,9,0.44384765625,0.05927139076368568,0.11816002704886074,135.18151815181517
9,9,4,1,ecg_only,2043.5322265625,62.76365433273201,9,0.4658203125,0.05188663214369231,0.10757649181118423,128.80503144654088,2042.5927734375,57.076884024658305,9,0.4658203125,0.036421984763616244,0.06874492676086827,128.80503144654088
9,9,5,1,ecg_only,2054.25390625,61.2905636119151,9,0.47119140625,0.06427346824384672,0.11630058723154318,127.33678756476684,2049.662109375,56.30855537172426,9,0.4716796875,0.04546000707932571,0.08376671858047843,127.20496894409938
9,9,6,1,ecg_only,2057.35546875,55.71921979414081,9,0.47119140625,0.054159613908211376,0.09560342383219075,127.33678756476684,2056.4482421875,51.52662821181729,9,0.46484375,0.048119863260761404,0.08225681148521553,129.07563025210084
9,9,7,1,ecg_only,2056.4736328125,55.2600500623771,9,0.46875,0.08461788680638464,0.09331885608316061,128.0,2058.578125,50.990250197801295,10,0.4357638888888889,0.06539287835642084,0.11309588821721427,137.68924302788844
9,9,8,1,ecg_only,2053.0556640625,54.074635805057866,9,0.47216796875,0.06636135603334942,0.10755622686011224,127.07342295760083,2056.0576171875,49.5369929693679,9,0.44873046875,0.06741641768451573,0.0942023128874669,133.71055495103374
9,9,9,1,ecg_only,2050.892578125,54.72552413445459,10,0.4344618055555556,0.061509561590475256,0.11442045715528758,138.1018981018981,2054.2626953125,49.7916394423832,10,0.4318576388888889,0.06914813084825286,0.1047428724827494,138.93467336683418
9,9,10,1,ecg_only,2053.8056640625,56.51863222186906,9,0.45556640625,0.06614544084888069,0.10892565542423059,131.70418006430867,2057.2177734375,51.34532328428188,9,0.4521484375,0.04426963654938725,0.05699072067717315,132.69978401727863
9,10,1,1,ecg_only,2066.7060546875,55.03252343129251,10,0.4327256944444444,0.06120561171085288,0.12323274651833872,138.65596790371114,2063.9736328125,50.13503531173508,10,0.43359375,0.07127048012189588,0.11167879257030378,138.3783783783784
9,10,2,1,ecg_only,2079.7880859375,55.585581316044674,10,0.4192708333333333,0.05740991584648074,0.10725306338045636,143.10559006211182,2081.9169921875,50.52115066376224,10,0.4357638888888889,0.06949054459422191,0.10810330741120823,137.68924302788844
9,10,3,1,ecg_only,2051.8134765625,65.47619568358232,10,0.4110243055555556,0.06364984435291017,0.09823073212288727,145.9767687434002,2054.30078125,62.076922412959945,10,0.4110243055555556,0.06391565619070635,0.10473376717804381,145.9767687434002
9,10,4,1,ecg_only,2022.6123046875,48.76415144121925,10,0.4340277777777778,0.098502314910012,0.15194885718621023,138.24,2024.111328125,44.29042676384575,10,0.4361979166666667,0.09577174764809006,0.14712749448620766,137.55223880597015
9,10,5,1,ecg_only,2047.478515625,58.33913452003407,10,0.4040798611111111,0.05315024137097789,0.08644646865754191,148.48549946294307,2048.3662109375,53.085460202034184,10,0.4058159722222222,0.05491780759682859,0.09973376118505302,147.85026737967914
9,10,6,1,ecg_only,2068.3095703125,55.2113027856083,10,0.4066840277777778,0.05067913224798695,0.07640938532038498,147.53468516542156,2069.705078125,50.45795098854735,10,0.4244791666666667,0.06810779599282303,0.1161083120914207,141.34969325153372
9,10,7,1,ecg_only,2086.8701171875,56.905518302424035,10,0.4162326388888889,0.06138079697799891,0.07817381287574024,144.15015641293013,2088.4052734375,51.75274384637356,10,0.4097222222222222,0.048873917570344615,0.06391823504669364,146.4406779661017
9,10,8,1,ecg_only,2100.0908203125,54.54698513766217,10,0.4205729166666667,0.08573998767267879,0.10404859845208753,142.6625386996904,2099.72265625,49.726745844860346,10,0.4205729166666667,0.08480551816632177,0.10242273907911636,142.6625386996904
9,10,9,1,ecg_only,2102.9951171875,54.43065556486199,11,0.391796875,0.04014325239552253,0.06239139870161948,153.1405782652044,2101.419921875,50.023289825779116,11,0.38828125,0.02644736074970431,0.04067838372868049,154.5271629778672
9,10,10,1,ecg_only,2091.5390625,61.80918562192915,11,0.390625,0.027841452626883534,0.04920428028044579,153.6,2089.5498046875,56.68079360103476,11,0.391015625,0.027975405109052935,0.047788409644537934,153.44655344655345
9,11,1,0,ecg_only,2058.4638671875,55.96883430240316,10,0.4136284722222222,0.054077840719349034,0.0888618216099791,145.05771248688353,2059.123046875,51.57981239755097,10,0.4058159722222222,0.05064566717296813,0.09791956687582129,147.85026737967914
9,11,2,0,ecg_only,2057.4541015625,55.311739426033554,9,0.427734375,0.062438935012288206,0.12019939024462051,140.27397260273972,2055.8037109375,50.8154937031162,9,0.427734375,0.06568426453437592,0.13130213940989718,140.27397260273972
9,11,3,0,ecg_only,2057.6376953125,50.15301376787755,9,0.46484375,0.07559375968892042,0.10592246983032146,129.07563025210084,2055.419921875,46.53601840906564,10,0.4318576388888889,0.0648984016865883,0.11824070990363524,138.93467336683418
9,11,4,0,ecg_only,2056.201171875,49.73070604391928,9,0.45068359375,0.0587217839438304,0.11731763607563443,133.1310942578548,2056.57421875,45.48156347991072,9,0.455078125,0.055723994600340256,0.10588130291472447,131.84549356223175
9,11,5,0,ecg_only,2052.3291015625,54.55165353221715,10,0.4305555555555556,0.054649595550091495,0.10714630848003322,139.3548387096774,2052.791015625,49.32971892562338,10,0.4322916666666667,0.05053022893732358,0.09725503519158886,138.79518072289156
9,11,6,0,ecg_only,2045.271484375,56.24288607223256,10,0.4171006944444444,0.057077540722246356,0.10174075402842972,143.85015608740895,2046.4140625,51.852766672773534,10,0.4175347222222222,0.05968158137548296,0.09062584186031392,143.7006237006237
9,11,7,0,ecg_only,2041.8076171875,49.60058338029861,9,0.44091796875,0.06196171704587003,0.09046032606351725,136.0797342192691,2043.173828125,45.75613708190366,9,0.4404296875,0.06132159350171719,0.09482503051320552,136.23059866962305
9,11,8,0,ecg_only,2044.74609375,54.15348182819098,10,0.4231770833333333,0.05594414338265843,0.10128040751925135,141.7846153846154,2045.9052734375,49.1409982251669,10,0.4253472222222222,0.06627705069540415,0.13274067451207966,141.06122448979593
9,11,9,0,ecg_only,2041.4287109375,56.20088824693581,9,0.44482421875,0.048531815780417036,0.09872186463453596,134.8847420417124,2044.369140625,51.667208691286724,9,0.44482421875,0.06848307724910466,0.13980103347991948,134.8847420417124
9,11,10,0,ecg_only,2042.107421875,50.49781654849813,9,0.47021484375,0.06620308708530157,0.09476754337211508,127.601246105919,2046.03125,46.64232880053804,10,0.4388020833333333,0.052083333333333336,0.09318883154753746,136.7359050445104
9,12,1,0,ecg_only,2057.5400390625,53.52757720907489,10,0.4197048611111111,0.0552461272192338,0.10969714000106869,142.95760082730092,2057.361328125,49.48765144064814,10,0.4084201388888889,0.04958565538836015,0.08235612750901568,146.90754516471839
9,12,2,0,ecg_only,2046.2666015625,54.582597760590076,10,0.4292534722222222,0.06831768184010764,0.09802664133851254,139.77755308392315,2046.5029296875,50.16307382718817,10,0.41015625,0.05657698172500112,0.09298393061459094,146.28571428571428
9,12,3,0,ecg_only,2039.9736328125,54.63104486081081,10,0.4114583333333333,0.05633673867912483,0.10299841307371257,145.8227848101266,2039.5048828125,50.307472337945406,10,0.4114583333333333,0.05740991584648074,0.08888328322642776,145.8227848101266
9,12,4,0,ecg_only,2044.4697265625,49.626702795914035,10,0.4262152777777778,0.06366759966805945,0.12668240365766817,140.77393075356414,2044.4228515625,46.066378581548946,10,0.4405381944444444,0.08708937974645309,0.12572270328034307,136.19704433497537
9,12,5,0,ecg_only,2051.318359375,54.951649689143544,10,0.41796875,0.06029081720203242,0.11713052000149368,143.55140186915887,2053.6005859375,49.98749491717081,10,0.4201388888888889,0.06082586125470434,0.1096449653774271,142.8099173553719
9,12,6,0,ecg_only,2056.412109375,53.59991846647751,10,0.4192708333333333,0.06520825013306726,0.1021430223827569,143.10559006211182,2057.4267578125,48.68214936536769,10,0.4249131944444444,0.060171968144525585,0.09520357505432767,141.2053115423902
9,12,7,0,ecg_only,2062.51953125,48.97505752069387,9,0.474609375,0.11219848919019587,0.12910901261057178,126.41975308641975,2063.482421875,45.02770071449931,10,0.4171006944444444,0.06950680793522414,0.10260879325440389,143.85015608740895
9,12,8,0,ecg_only,2060.7861328125,55.325370704936184,10,0.4210069444444444,0.0558767570134858,0.09631896879639025,142.51546391752578,2062.3955078125,50.23535253069049,10,0.4201388888888889,0.06298937939425793,0.10973190930146669,142.8099173553719
9,12,9,0,ecg_only,2051.365234375,53.9546558241392,10,0.42578125,0.05462546084219539,0.10882429720027055,140.91743119266056,2051.2490234375,48.88548380030697,10,0.4205729166666667,0.0615707834246713,0.11104507603281116,142.6625386996904
9,12,10,0,ecg_only,2039.3544921875,49.20600350162063,10,0.4249131944444444,0.07733493254702217,0.1445444461881124,141.2053115423902,2040.2861328125,44.957979111900826,9,0.4345703125,0.06962418078723058,0.13430587663570023,138.06741573033707
9,13,1,1,ecg_only,2080.5673828125,54.720734103323025,10,0.4162326388888889,0.057206112467345166,0.11628887223909529,144.15015641293013,2079.396484375,51.005103024260045,10,0.4227430555555556,0.05891917091893513,0.10282233936105367,141.93018480492813
9,13,2,1,ecg_only,2079.787109375,54.71354370795029,10,0.4249131944444444,0.0586885164718242,0.0890976150621644,141.2053115423902,2078.91015625,50.9526217429053,10,0.4036458333333333,0.05063078670631141,0.09785136757715117,148.6451612903226
9,13,3,1,ecg_only,2073.5732421875,56.70452220684846,10,0.4019097222222222,0.04148088646517488,0.05933772473032544,149.28725701943844,2072.134765625,53.84237522134697,10,0.4071180555555556,0.050656824654397345,0.07410301420230615,147.3773987206823
9,13,4,1,ecg_only,2055.474609375,55.75544168232516,10,0.3897569444444444,0.033843035919475566,0.05770815118239905,153.9420935412027,2055.6923828125,52.34146544068531,10,0.3862847222222222,0.02205442016651476,0.035560823156314696,155.32584269662922
9,13,5,1,ecg_only,2053.6181640625,54.518951891790195,10,0.4140625,0.09120161983248677,0.10111077426206863,144.9056603773585,2057.7060546875,51.334805239386654,10,0.4140625,0.08788821370149065,0.0964871425463404,144.9056603773585
9,13,6,1,ecg_only,2056.890625,55.03615422142408,11,0.39375,0.03834497247440008,0.060473325623610005,152.38095238095238,2060.349609375,51.653166875661285,11,0.3828125,0.03823338844763174,0.0752171516356051,156.73469387755102
9,13,7,1,ecg_only,2057.669921875,56.18282824009838,10,0.4340277777777778,0.10196974382373623,0.10995764176899411,138.24,2061.1669921875,52.633669530983816,10,0.4340277777777778,0.10276472678961912,0.11393601184402531,138.24
9,13,8,1,ecg_only,2069.1767578125,55.68678982813806,10,0.4088541666666667,0.05834728255835438,0.10412189793173313,146.7515923566879,2071.2919921875,51.58336409638227,10,0.4084201388888889,0.05705773473909649,0.10139333869076102,146.90754516471839
9,13,9,1,ecg_only,2070.5966796875,54.08004076633102,10,0.4305555555555556,0.059091570920546906,0.10391102256426679,139.3548387096774,2068.35546875,50.39148118822043,10,0.4275173611111111,0.05800079342562085,0.09628926058549604,140.3451776649746
9,13,10,1,ecg_only,2069.3994140625,54.220286718572204,10,0.4283854166666667,0.06505206248331664,0.10790905153563492,140.06079027355622,2068.4140625,50.50934355761411,10,0.4097222222222222,0.05859214246766044,0.10591089325263153,146.4406779661017
9,14,1,0,ecg_only,2055.6376953125,57.308364294629065,10,0.4092881944444444,0.04874655609669856,0.09541370459432996,146.59597030752917,2054.50390625,54.69369593807143,10,0.40234375,0.04342013541805486,0.08935413463826464,149.126213592233
9,14,2,0,ecg_only,2050.962890625,58.79764183531757,10,0.4283854166666667,0.048997103443298905,0.09367876525430036,140.06079027355622,2051.3759765625,56.06610782203408,10,0.4283854166666667,0.05941267992994705,0.11860310353018672,140.06079027355622
9,14,3,0,ecg_only,2047.037109375,51.907506662276575,10,0.4379340277777778,0.0618028733032207,0.08531378776500607,137.00693756194252,2048.353515625,49.086996545193934,10,0.4188368055555556,0.06757744203697565,0.12864705238330984,143.2538860103627
9,14,4,0,ecg_only,2053.5029296875,57.452799846194885,9,0.44580078125,0.05494628710989566,0.10812220978542719,134.58926615553122,2054.22265625,54.04970255301444,9,0.44580078125,0.04515215686871958,0.08890473966203939,134.58926615553122
9,14,5,0,ecg_only,2054.5966796875,58.666217093298464,10,0.4344618055555556,0.06535830029194814,0.11072685768014348,138.1018981018981,2056.490234375,55.73950558407895,10,0.4344618055555556,0.05831175712909897,0.09132817512295459,138.1018981018981
9,14,6,0,ecg_only,2057.677734375,51.972213620519796,9,0.455078125,0.07662127049192591,0.11654399209154424,131.84549356223175,2059.7236328125,49.40010030597279,10,0.4240451388888889,0.0627196420297093,0.12147118598020479,141.49437052200614
9,14,7,0,ecg_only,2061.408203125,57.0743533271183,10,0.4205729166666667,0.05857928062084371,0.11857093561434412,142.6625386996904,2063.9052734375,53.64138564057473,10,0.4184027777777778,0.05426562363919369,0.10902566981994424,143.40248962655602
9,14,8,0,ecg_only,2050.994140625,59.06324375229255,9,0.43505859375,0.04823615773931573,0.09879911611943774,137.9124579124579,2054.4521484375,56.521598257683465,9,0.43505859375,0.05673945781912618,0.11306938315638797,137.9124579124579
9,14,9,0,ecg_only,2048.1396484375,52.64732890186741,9,0.44775390625,0.05806852817347275,0.06668468413522168,134.0021810250818,2051.6943359375,50.49388235636468,10,0.4188368055555556,0.0563902144753879,0.09761717968437343,143.2538860103627
9,14,10,0,ecg_only,2048.9248046875,51.87819276659007,9,0.44970703125,0.04946604772285063,0.08096134766571153,133.42019543973942,2053.0302734375,49.07754607589383,9,0.4453125,0.05700984187236884,0.09006184708422993,134.73684210526315
9,15,1,1,ecg_only,2067.2744140625,50.748151613973114,9,0.455078125,0.03161408995359111,0.05559671481895953,131.84549356223175,2068.509765625,45.034686093139015,9,0.462890625,0.08336892957192596,0.15292215062503442,129.62025316455697
9,15,2,1,ecg_only,2063.7705078125,50.637470197704154,10,0.4361979166666667,0.046983381647574776,0.07433430560150416,137.55223880597015,2064.712890625,44.878259694497814,10,0.4361979166666667,0.0711514379808034,0.1082091181778871,137.55223880597015
9,15,3,1,ecg_only,2068.0,56.18108625796586,9,0.4521484375,0.06316026967585987,0.11775346960406152,132.69978401727863,2069.037109375,49.820307867568296,9,0.4521484375,0.06500562203376023,0.11826144802633576,132.69978401727863
9,15,4,1,ecg_only,2065.65625,56.74840822382157,10,0.4249131944444444,0.06425956778931163,0.10637809661051735,141.2053115423902,2066.607421875,50.867131067525044,10,0.4262152777777778,0.07053986302276224,0.12286072228372306,140.77393075356414
9,15,5,1,ecg_only,2056.9892578125,51.21794807406782,9,0.455078125,0.07979178990552928,0.10236419506800043,131.84549356223175,2058.8154296875,45.69312247606026,10,0.4140625,0.06647004696927197,0.10165635687244613,144.9056603773585
9,15,6,1,ecg_only,2056.162109375,56.454550734865805,10,0.4240451388888889,0.046406480571609926,0.08747732686155739,141.49437052200614,2057.5341796875,49.492313202395,10,0.4240451388888889,0.06882864994772557,0.12293832017075168,141.49437052200614
9,15,7,1,ecg_only,2058.470703125,57.720493688924,9,0.44384765625,0.0630450325735672,0.12622343525771643,135.18151815181517,2060.0439453125,51.50994502032602,9,0.44384765625,0.06436243323468784,0.12340288280415089,135.18151815181517
9,15,8,1,ecg_only,2061.4716796875,51.500238723571954,9,0.4677734375,0.06181725475819711,0.06757764115227283,128.26722338204593,2062.33203125,45.78016326968508,10,0.43359375,0.04046945382270847,0.060246862559324925,138.3783783783784
9,15,9,1,ecg_only,2062.2890625,56.362027657112314,10,0.4379340277777778,0.063800607031295,0.11364267505111554,137.00693756194252,2062.775390625,49.64991050473971,10,0.4275173611111111,0.056640209263054936,0.10197482407973917,140.3451776649746
9,15,10,1,ecg_only,2058.765625,57.27769313493146,9,0.423828125,0.05843076289707653,0.11556729677424041,141.5668202764977,2057.84375,51.52387758056938,9,0.42431640625,0.06448086228449608,0.09784579818885575,141.40391254315304
9,16,1,1,ecg_only,2060.1669921875,62.048056951219785,11,0.37734375,0.019779670158081502,0.03454817489953542,159.00621118012424,2064.435546875,52.454982057662335,11,0.376953125,0.018259368582062882,0.032888882657070545,159.17098445595855
9,16,2,1,ecg_only,2058.654296875,56.56425775146674,10,0.4001736111111111,0.03460265872915755,0.04487939567607835,149.93492407809111,2062.119140625,49.59332136751353,10,0.3997395833333333,0.03796192639873242,0.04923657291388879,150.09771986970685
9,16,3,1,ecg_only,2063.44140625,50.795339241385726,9,0.47998046875,0.05543013827225976,0.08398761933102317,125.00508646998983,2066.5654296875,44.42268142746443,9,0.45556640625,0.06328659976904391,0.09302641144022716,131.70418006430867
9,16,4,1,ecg_only,2060.6572265625,50.61584298476164,9,0.47265625,0.08470800172734938,0.14895059347607514,126.94214876033058,2063.1474609375,43.64588877356505,9,0.47705078125,0.10634110976177656,0.1988463781791244,125.77277379733879
9,16,5,1,ecg_only,2058.4970703125,50.90035063279949,9,0.46728515625,0.0925817818865044,0.14735418838953138,128.40125391849529,2060.69921875,44.07831453095329,9,0.4775390625,0.09118709538496164,0.1307031149933819,125.6441717791411
9,16,6,1,ecg_only,2054.818359375,50.82603039839281,9,0.47021484375,0.04613418099023379,0.0715113568808929,127.601246105919,2057.0517578125,44.33264105956631,9,0.47509765625,0.06757184479037126,0.12066998143549562,126.28982528263104
9,16,7,1,ecg_only,2048.3828125,50.746747293199434,10,0.4314236111111111,0.08117131755250667,0.11173001746065295,139.07444668008048,2050.1279296875,44.384596686886276,10,0.4292534722222222,0.08791607356193655,0.1355418091632615,139.77755308392315
9,16,8,1,ecg_only,2046.0224609375,55.059631056417246,9,0.44677734375,0.06762827517322376,0.1113697251536681,134.29508196721312,2047.25390625,47.927109210145474,9,0.447265625,0.07582050368664715,0.13015996125303994,134.14847161572052
9,16,9,1,ecg_only,2048.982421875,55.93847488321005,10,0.4361979166666667,0.06352245269609619,0.115168148342231,137.55223880597015,2049.931640625,49.44924416885307,10,0.4361979166666667,0.0709844435960365,0.11596037194372966,137.55223880597015
9,16,10,1,ecg_only,2048.5185546875,50.359621251540126,9,0.4501953125,0.04686482636992901,0.08387074434993706,133.2754880694143,2051.0048828125,44.412912672956296,9,0.44775390625,0.07362368094488364,0.12704967139318413,134.0021810250818
9,17,1,1,ecg_only,2050.1943359375,54.5116129323,10,0.4049479166666667,0.052375482711246785,0.08976941558032342,148.16720257234726,2051.2392578125,49.64542619050276,10,0.4049479166666667,0.0390625,0.0669212566367649,148.16720257234726
9,17,2,1,ecg_only,2047.458984375,54.539050994159275,10,0.42578125,0.05214839686067913,0.09277857716026267,140.91743119266056,2047.59375,49.27201482903353,10,0.4296875,0.05860821580691093,0.10197482407973917,139.63636363636363
9,17,3,1,ecg_only,2049.2265625,49.71128987773898,10,0.4292534722222222,0.055102728093313284,0.07972004543733809,139.77755308392315,2051.1767578125,44.18936752193021,10,0.4110243055555556,0.048116437680262455,0.07817381287574024,145.9767687434002
9,17,4,1,ecg_only,2054.4853515625,53.48847879261738,9,0.43701171875,0.05307462210967649,0.1005270014145098,137.29608938547486,2055.96484375,47.592926519211716,9,0.4365234375,0.05404724258602231,0.10283161391475143,137.4496644295302
9,17,5,1,ecg_only,2053.3642578125,53.634078593358275,10,0.4370659722222222,0.06259336679662413,0.12308562137971148,137.27904667328698,2054.6494140625,48.42882119474856,10,0.4409722222222222,0.06729250425891972,0.11456206153165546,136.06299212598427
9,17,6,1,ecg_only,2056.994140625,54.01108433731658,10,0.4331597222222222,0.05665018610767268,0.09421677418119014,138.51703406813627,2058.8896484375,48.250713748297585,10,0.4309895833333333,0.0699256332400914,0.11037316575043699,139.21450151057402
9,17,7,1,ecg_only,2056.5791015625,53.79314758700972,10,0.4032118055555556,0.047939934970430816,0.08096639581318019,148.80516684607105,2058.17578125,47.94422580928957,10,0.4032118055555556,0.053203379226790574,0.08504508225420797,148.80516684607105
9,17,8,1,ecg_only,2043.44140625,49.79475927391818,9,0.462890625,0.11530056361832376,0.1543975005291305,129.62025316455697,2046.4443359375,44.7805066576088,10,0.4309895833333333,0.09998100948152326,0.13128138575629733,139.21450151057402
9,17,9,1,ecg_only,2045.0087890625,55.11563590479457,10,0.4053819444444444,0.043294134859505215,0.07884192535913831,148.00856531049251,2047.8974609375,49.44479080047929,10,0.4053819444444444,0.0337426939680153,0.059112288868834205,148.00856531049251
9,17,10,1,ecg_only,2054.9228515625,54.27376446365307,10,0.4375,0.09507883470587856,0.13550662451734946,137.14285714285714,2057.3056640625,48.55346327548011,10,0.4019097222222222,0.04549638083812035,0.086103798613895,149.28725701943844
9,18,1,1,ecg_only,2071.0244140625,53.9369060443872,10,0.4305555555555556,0.06117790502204045,0.11930060979746447,139.3548387096774,2073.818359375,50.03594620803477,10,0.4192708333333333,0.05687585851000405,0.10681647588965092,143.10559006211182
9,18,2,1,ecg_only,2069.21484375,53.597300669325556,10,0.4157986111111111,0.05588687014868011,0.11493605452972264,144.30062630480168,2072.2958984375,49.26248397033167,10,0.4114583333333333,0.05669672150280532,0.1027481127934581,145.8227848101266
9,18,3,1,ecg_only,2060.748046875,54.0911141408439,9,0.421875,0.05251691273339356,0.0978792097651032,142.22222222222223,2064.3359375,50.23233556804913,9,0.421875,0.061577667072009554,0.10707889645940645,142.22222222222223
9,18,4,1,ecg_only,2059.0048828125,48.91739065987312,10,0.4201388888888889,0.06665118002269885,0.12268983417608914,142.8099173553719,2063.8212890625,45.06911246450631,10,0.4288194444444444,0.05819534046147912,0.09977200265930537,139.91902834008098
9,18,5,1,ecg_only,2058.1494140625,48.743310234589394,10,0.4266493055555556,0.07351359499909767,0.13602642789882435,140.63072227873855,2062.7626953125,44.38553280544,10,0.4379340277777778,0.05485602890489345,0.09442909963776229,137.00693756194252
9,18,6,1,ecg_only,2061.4033203125,54.22366177959604,9,0.46044921875,0.07992166259976052,0.15713338451816639,130.30752916224813,2064.34375,49.5163029497609,9,0.46044921875,0.07537740482776875,0.15443279219352185,130.30752916224813
9,18,7,1,ecg_only,2057.279296875,53.482584427134924,9,0.45947265625,0.07138765389264377,0.1385637625594905,130.5844845908608,2059.17578125,48.489048773430774,9,0.458984375,0.07844174073446564,0.13476764685336334,130.72340425531914
9,18,8,1,ecg_only,2051.4541015625,48.65810492182607,9,0.46484375,0.09728444847978338,0.12364112104642239,129.07563025210084,2052.5595703125,44.40419776893699,10,0.4288194444444444,0.04916214840154208,0.09433816152916658,139.91902834008098
9,18,9,1,ecg_only,2049.9716796875,48.931634573375945,9,0.46728515625,0.08193673638192395,0.1420285856460769,128.40125391849529,2050.484375,44.78795254707872,9,0.4404296875,0.06129048158012971,0.11498108891966446,136.23059866962305
9,18,10,1,ecg_only,2044.744140625,49.36769096261465,10,0.4201388888888889,0.06132552937909744,0.1177314848060978,142.8099173553719,2046.7275390625,44.702368411528674,10,0.4223090277777778,0.06066770661533619,0.11615758360311919,142.0760534429599
10,1,1,0,ecg_only,2054.1572265625,53.653726339561395,8,0.5412946428571429,0.07599946556354115,0.08054519528235633,110.84536082474226,2050.8818359375,73.22907058977216,8,0.5418526785714286,0.07475179486446586,0.07903120263277874,110.73120494335735
10,1,2,0,ecg_only,2074.505859375,61.348963138489346,8,0.5463169642857143,0.06310493278226419,0.06053637341723087,109.82635342185904,2069.1298828125,74.91994246455691,8,0.546875,0.06029885115732187,0.05743206046286705,109.71428571428571
10,1,3,0,ecg_only,2083.205078125,61.56003273604268,8,0.5452008928571429,0.07628574772604939,0.07389251215694716,110.05117707267144,2078.2041015625,75.4618484342564,8,0.5457589285714286,0.07676592093311448,0.07413303712927467,109.93865030674846
10,1,4,0,ecg_only,2056.7529296875,59.09229152096051,8,0.5619419642857143,0.07650179158107866,0.08013368245502064,106.77259185700099,2054.189453125,78.26384690592091,8,0.5641741071428571,0.07271614343420502,0.07561057885915612,106.35014836795253
10,1,5,0,ecg_only,2036.8037109375,56.489296084890654,8,0.5345982142857143,0.05320981000473312,0.06925565701548021,112.23382045929019,2039.8623046875,76.65543839358963,8,0.5323660714285714,0.060143721362979824,0.07885402046166543,112.70440251572327
10,1,6,0,ecg_only,2028.4521484375,58.543750794623385,8,0.5295758928571429,0.013015517622422545,0.011048543456039806,113.29820864067439,2041.0791015625,84.08711647455459,8,0.5301339285714286,0.013962049110710717,0.011609736002686855,113.17894736842105
10,1,7,0,ecg_only,2030.7314453125,55.13863163601652,8,0.52734375,0.07848688506516323,0.11105938873197904,113.77777777777777,2035.2119140625,78.20527759680043,8,0.52734375,0.07857016029820554,0.11076130374029551,113.77777777777777
10,1,8,0,ecg_only,2034.7529296875,49.92440076954536,10,0.4301215277777778,0.09923967074324862,0.13895355414655985,139.4954591321897,2033.7822265625,67.7364668544014,10,0.4388020833333333,0.09144296805249708,0.08626977666155382,136.7359050445104
10,1,9,0,ecg_only,2045.8115234375,51.61257628982386,9,0.47802734375,0.12237754306352391,0.12214227789388546,125.51583248212462,2037.365234375,69.02498558566542,9,0.47021484375,0.12464759742695213,0.11553900035346754,127.601246105919
10,1,10,0,ecg_only,2055.818359375,52.2419085283391,8,0.5396205357142857,0.07794142974070664,0.09631896879639025,111.18924508790073,2048.2783203125,73.44372100452938,8,0.5295758928571429,0.08980388146020682,0.11795538348667933,113.29820864067439
10,2,1,0,ecg_only,2053.7724609375,56.45282861635488,7,0.5950520833333334,0.02946278254943948,0.02445699350390395,100.83150984682713,2054.70703125,76.03720376770521,7,0.5950520833333334,0.029634913220679796,0.02291074734158622,100.83150984682713
10,2,2,0,ecg_only,2053.49609375,56.90021748962135,8,0.5385044642857143,0.05008661980427874,0.05633673867912483,111.41968911917098,2052.6748046875,77.57732225139141,8,0.5379464285714286,0.05151488795912621,0.05793905068043487,111.53526970954356
10,2,3,0,ecg_only,2054.3134765625,57.45633850157233,8,0.5251116071428571,0.06315426049462101,0.07375471714257502,114.2614240170032,2051.583984375,78.92712457387356,8,0.5301339285714286,0.049221154176785596,0.05624638298556035,113.17894736842105
10,2,4,0,ecg_only,2055.5166015625,57.721344671084395,8,0.5457589285714286,0.0837462697634854,0.10667948963654908,109.93865030674846,2058.3330078125,76.6731562860126,8,0.546875,0.08137760412499867,0.10368132374989841,109.71428571428571
10,2,5,0,ecg_only,2047.40625,55.93520421266467,7,0.607421875,0.005859375,0.007411588266019639,98.7781350482315,2054.5009765625,76.49894044803055,7,0.607421875,0.006671191904921613,0.009407495764681481,98.7781350482315
10,2,6,0,ecg_only,2044.8974609375,57.308872511620415,7,0.5885416666666666,0.016366933710906945,0.01581910682134108,101.94690265486726,2046.9736328125,77.54157332575812,7,0.5885416666666666,0.01813592223591682,0.018405029670921478,101.94690265486726
10,2,7,0,ecg_only,2054.2607421875,58.34241413370857,8,0.5301339285714286,0.06883094000503728,0.08638025151365618,113.17894736842105,2057.248046875,78.782923401095,8,0.5301339285714286,0.06722883013324107,0.08479052293710611,113.17894736842105
10,2,8,0,ecg_only,2058.447265625,56.60039435340264,8,0.5334821428571429,0.04501795542432746,0.059966556977445074,112.46861924686192,2061.95703125,79.50765311393944,8,0.5323660714285714,0.04573169921550866,0.05954095502694623,112.70440251572327
10,2,9,0,ecg_only,2054.904296875,56.83151343257423,8,0.5485491071428571,0.07750471230119046,0.07743838906874613,109.37945066124111,2057.16796875,77.84567007225915,8,0.5591517857142857,0.05263315233281963,0.04757506746470081,107.3053892215569
10,2,10,0,ecg_only,2049.1181640625,56.21537738414493,7,0.6048177083333334,0.014688169495675099,0.01620034480728728,99.20344456404736,2053.30078125,74.89943361361051,7,0.6041666666666666,0.015570652009246611,0.01738171520413046,99.3103448275862
10,3,1,0,ecg_only,2056.24609375,55.65487245957186,8,0.5306919642857143,0.10497006300024551,0.1071552087839469,113.05993690851734,2059.1591796875,71.74088747196112,8,0.5301339285714286,0.10590629902188423,0.11032419231000137,113.17894736842105
10,3,2,0,ecg_only,2056.06640625,52.21658512469923,7,0.5598958333333334,0.1377503245358145,0.19043920248664664,107.16279069767441,2057.1630859375,65.63051885014691,8,0.5301339285714286,0.1489903105691605,0.21164762796799583,113.17894736842105
10,3,3,0,ecg_only,2068.1875,53.785271857172944,8,0.5580357142857143,0.10749396062324588,0.1414004948184264,107.52,2068.0078125,67.12160967855169,8,0.5580357142857143,0.10850315327844069,0.1428765783258914,107.52
10,3,4,0,ecg_only,2065.8720703125,57.3119397567606,7,0.5846354166666666,0.01652158533912698,0.010481568644530264,102.62806236080179,2070.119140625,75.21037853838043,7,0.5846354166666666,0.015570652009246611,0.010626148834949565,102.62806236080179
10,3,5,0,ecg_only,2062.6494140625,56.136231647332075,8,0.5452008928571429,0.049050037819968154,0.054314202121391174,110.05117707267144,2061.9619140625,76.12656193651375,8,0.5452008928571429,0.05075364732545568,0.05769713291954304,110.05117707267144
10,3,6,0,ecg_only,2057.009765625,57.27668849765643,8,0.5412946428571429,0.07487250669803602,0.08178285805959482,110.84536082474226,2054.8759765625,74.92971478158348,8,0.5418526785714286,0.07189787235895718,0.07689460814464659,110.73120494335735
10,3,7,0,ecg_only,2044.1337890625,55.40859124088299,8,0.5580357142857143,0.0841543020180817,0.11079573909127215,107.52,2046.0009765625,72.81787130820858,8,0.5574776785714286,0.08387631351810686,0.1091422374463327,107.62762762762762
10,3,8,0,ecg_only,2047.373046875,55.21033552269949,8,0.5619419642857143,0.07341934887495216,0.08950343154210624,106.77259185700099,2051.6884765625,73.2866777309177,8,0.5569196428571429,0.08686736036736628,0.10646472252313009,107.73547094188376
10,3,9,0,ecg_only,2052.521484375,55.14180518487431,7,0.5748697916666666,0.005712867439708413,0.007411588266019639,104.37146092865233,2053.169921875,74.0154678829459,7,0.5748697916666666,0.00794697631232663,0.010186253758129139,104.37146092865233
10,3,10,0,ecg_only,2051.5400390625,54.475413376113764,8,0.5329241071428571,0.07101758156220105,0.08630661732457377,112.58638743455498,2051.15234375,74.65950203762972,8,0.5535714285714286,0.020745123097590513,0.027575284615296056,108.38709677419354
10,4,1,1,ecg_only,2064.826171875,58.09765030776166,8,0.5362723214285714,0.10168507124904554,0.12776682341423606,111.88345473465141,2067.3203125,72.62101254046479,8,0.5295758928571429,0.11185519310042409,0.1401267939829035,113.29820864067439
10,4,2,1,ecg_only,2040.3232421875,52.71890751713962,8,0.5518973214285714,0.07930785038275961,0.10078326871363205,108.71587462082913,2046.166015625,69.5867950705251,7,0.580078125,0.04223750412319947,0.06286514429465266,103.43434343434343
10,4,3,1,ecg_only,2039.587890625,54.36122391800094,7,0.6354166666666666,0.019617863506926254,0.01873371688794031,94.42622950819673,2047.5595703125,71.22765799798466,7,0.6354166666666666,0.019617863506926254,0.01873371688794031,94.42622950819673
10,4,4,1,ecg_only,2039.1259765625,52.46241911090453,9,0.47802734375,0.1324232793412813,0.10333911416661686,125.51583248212462,2049.4580078125,63.94802420056611,9,0.47314453125,0.13585718347274633,0.10241741827913983,126.81114551083591
10,4,5,1,ecg_only,2040.2587890625,50.59978558905789,9,0.46533203125,0.1496078132567801,0.27090263178787727,128.9401888772298,2048.6328125,60.09868136211346,10,0.4340277777777778,0.14020776795673254,0.16405087384401332,138.24
10,4,6,1,ecg_only,2049.4384765625,52.083805327247724,8,0.5440848214285714,0.1443231834525824,0.15921662882950804,110.27692307692308,2054.982421875,65.48578748770241,7,0.63671875,0.08307863094244412,0.08175175600178261,94.23312883435582
10,4,7,1,ecg_only,2059.0771484375,52.26568717553698,7,0.6061197916666666,0.05964408711533089,0.06580611169137332,98.99033297529539,2061.99609375,67.26388088893779,7,0.60546875,0.05915529526875285,0.06380474059092318,99.09677419354838
10,4,8,1,ecg_only,2060.4638671875,56.319233981783356,7,0.6145833333333334,0.00736569563735987,0.009726484060928697,97.62711864406779,2064.4931640625,73.59411459668469,7,0.6139322916666666,0.006920667846832454,0.010035337952082132,97.73064687168612
10,4,9,1,ecg_only,2057.1767578125,55.900013686163085,7,0.625,0.017469281074217108,0.014192111034831992,96.0,2060.6279296875,71.77794562221084,7,0.625,0.017758049084617,0.016105881350068987,96.0
10,4,10,1,ecg_only,2056.044921875,52.48457672997989,7,0.6015625,0.07893460711576915,0.09997253040679474,99.74025974025975,2058.2578125,67.23289118961674,7,0.591796875,0.1006507047752016,0.12604543296714482,101.38613861386139
10,5,1,1,ecg_only,2037.623046875,52.87481988826584,9,0.484375,0.13676059627450948,0.18482442765208187,123.87096774193549,2050.525390625,66.79420747483394,9,0.48193359375,0.13965782720836495,0.18072777291215014,124.4984802431611
10,5,2,1,ecg_only,2050.73046875,51.720908276105064,7,0.5944010416666666,0.06816067351691527,0.06617607166444303,100.94194961664842,2057.8857421875,67.10807537912098,7,0.5970052083333334,0.06412347305856111,0.06106756951832126,100.50163576881134
10,5,3,1,ecg_only,2069.412109375,57.59813373376812,7,0.603515625,0.011664370356229763,0.01295556558732578,99.41747572815534,2075.2705078125,76.38108653463158,7,0.603515625,0.011444268119301397,0.012352647110032733,99.41747572815534
10,5,4,1,ecg_only,2066.5234375,59.890536846889205,7,0.6217447916666666,0.019323987082885193,0.015229366163764005,96.50261780104712,2071.53515625,76.8859794901716,7,0.6217447916666666,0.01851752949652069,0.014719877876106853,96.50261780104712
10,5,5,1,ecg_only,2039.33203125,54.7401274397861,7,0.6119791666666666,0.09516795163865419,0.10522251348333207,98.04255319148936,2045.9169921875,65.95959304294232,7,0.603515625,0.11390252587361979,0.12577882373436317,99.41747572815534
10,5,6,1,ecg_only,2045.1259765625,54.92351525843189,8,0.5669642857142857,0.11153457462193928,0.1472074169335921,105.8267716535433,2054.400390625,66.72677674084379,8,0.5613839285714286,0.12129545207811457,0.16061608276155495,106.87872763419483
10,5,7,1,ecg_only,2053.2919921875,53.786358472664226,7,0.5859375,0.060304875921403184,0.0650833299989329,102.4,2061.99609375,68.6594999826405,8,0.5518973214285714,0.09947446408552317,0.12715828774888865,108.71587462082913
10,5,8,1,ecg_only,2052.720703125,55.345524402435785,7,0.599609375,0.005407958244087289,0.00819381912632931,100.06514657980456,2061.0078125,73.73420075405879,7,0.6002604166666666,0.004318521862441927,0.0067658234670659265,99.95661605206074
10,5,9,1,ecg_only,2056.3095703125,54.14816971430446,8,0.56640625,0.08317914958894017,0.09774735333826393,105.93103448275862,2062.4970703125,73.03502738954735,8,0.5641741071428571,0.08863111040972992,0.10573365651386349,106.35014836795253
10,5,10,1,ecg_only,2051.3740234375,51.427852119796924,8,0.5597098214285714,0.07988296355737676,0.10328812461361624,107.19840478564308,2057.8662109375,68.76268825314537,8,0.5580357142857143,0.08337359850465131,0.1074277933975693,107.52
10,6,1,1,ecg_only,2035.4951171875,52.55341382139834,8,0.5658482142857143,0.10716901187463766,0.13787642307648026,106.03550295857988,2047.56640625,70.54976277571711,8,0.5686383928571429,0.10091347272786448,0.12874832497899083,105.5152109911678
10,6,2,1,ecg_only,2037.962890625,55.90037690856196,7,0.6048177083333334,0.010436991889245701,0.006987712429686843,99.20344456404736,2054.166015625,76.20515956982346,7,0.6048177083333334,0.011144038260822714,0.008005430285905937,99.20344456404736
10,6,3,1,ecg_only,2047.1953125,56.38822372536968,7,0.61328125,0.029491540762776366,0.028811076429040273,97.8343949044586,2058.736328125,75.83613868247338,7,0.61328125,0.028258508351836856,0.026320125824879713,97.8343949044586
10,6,4,1,ecg_only,2050.630859375,50.06765408124266,9,0.4677734375,0.1264978314240227,0.17068505492376992,128.26722338204593,2058.5517578125,62.4808350056547,8,0.5295758928571429,0.13859297527278117,0.21164762796799583,113.29820864067439
10,6,5,1,ecg_only,2054.5166015625,50.17996633381814,11,0.39140625,0.05869262490935296,0.07354177732522364,153.29341317365268,2059.8720703125,59.92871938755705,10,0.4188368055555556,0.10250593095325819,0.16652609937322418,143.2538860103627
10,6,6,1,ecg_only,2052.568359375,53.66091104212497,10,0.4084201388888889,0.09964317426141357,0.11195172114001167,146.90754516471839,2054.4677734375,65.85186186774577,10,0.4079861111111111,0.10173114855644094,0.11988274249549927,147.06382978723406
10,6,7,1,ecg_only,2047.71484375,53.02203932953811,7,0.564453125,0.14302334880723658,0.14059244414819205,106.29757785467127,2051.365234375,66.43451165039387,7,0.564453125,0.1443155414519077,0.1422111072435536,106.29757785467127
10,6,8,1,ecg_only,2046.8671875,53.02015331659126,8,0.5680803571428571,0.10887275355586785,0.14046214528410314,105.6188605108055,2049.5693359375,68.3493373141084,8,0.5658482142857143,0.11354895575897685,0.14715558029241677,106.03550295857988
10,6,9,1,ecg_only,2042.474609375,55.86649945688527,7,0.6061197916666666,0.013421567791724154,0.00855816496101822,98.99033297529539,2049.5546875,75.77591435791021,7,0.6061197916666666,0.013037099215169781,0.00837797288653407,98.99033297529539
10,6,10,1,ecg_only,2041.6513671875,55.88208269293073,7,0.6028645833333334,0.009207119546699838,0.008907620508587016,99.52483801295895,2049.1435546875,76.36732710959706,7,0.6022135416666666,0.00826079266956349,0.007614683081882003,99.63243243243244
10,7,1,1,ecg_only,2038.900390625,55.83223195294464,7,0.6126302083333334,0.011808826267719435,0.013865811991639726,97.93836344314559,2046.9833984375,73.11100772763717,7,0.6126302083333334,0.01223196238805725,0.01295556558732578,97.93836344314559
10,7,2,1,ecg_only,2039.9599609375,54.92488975010304,7,0.5891927083333334,0.09114815845248608,0.10071763980927075,101.8342541436464,2052.9052734375,68.21461860144684,7,0.5846354166666666,0.10120295599907835,0.11459369034631663,102.62806236080179
10,7,3,1,ecg_only,2040.8505859375,53.94619117811217,7,0.6184895833333334,0.0989668993003118,0.11019502863531322,97.01052631578946,2056.59765625,65.30536918590106,7,0.61328125,0.11025501630216952,0.12351411783552316,97.8343949044586
10,7,4,1,ecg_only,2046.4384765625,54.14340157042812,7,0.6197916666666666,0.11210022526057753,0.14802574469919075,96.80672268907564,2060.009765625,64.75891213962421,7,0.6165364583333334,0.11915485456918873,0.1547683658578603,97.31784582893347
10,7,5,1,ecg_only,2054.318359375,53.926474601380626,7,0.6061197916666666,0.11582139207502291,0.14197485816708005,98.99033297529539,2064.298828125,66.02358538243519,7,0.615234375,0.09554355319246101,0.1192142446724069,97.52380952380952
10,7,6,1,ecg_only,2053.7900390625,52.98040854733214,7,0.5983072916666666,0.10889535517101352,0.12426541969208489,100.2829162132753,2058.4697265625,66.25258737226028,8,0.5686383928571429,0.12317050448230704,0.15472892437764343,105.5152109911678
10,7,7,1,ecg_only,2050.3984375,53.122605070097926,8,0.5680803571428571,0.09822062682451696,0.12858031711431867,105.6188605108055,2055.6513671875,67.4307264474034,8,0.5652901785714286,0.09945254823826377,0.13036774096422238,106.1401776900296
10,7,8,1,ecg_only,2059.48046875,55.68079723773963,7,0.6041666666666666,0.050864648397459925,0.06188663874122992,99.3103448275862,2066.21875,68.77084201125867,7,0.6041666666666666,0.050864648397459925,0.062157263377862766,99.3103448275862
10,7,9,1,ecg_only,2053.37890625,59.031365672655,7,0.642578125,0.011664370356229763,0.013189017981354792,93.37386018237082,2059.0673828125,72.45656262457584,7,0.642578125,0.010990848317795659,0.012352647110032733,93.37386018237082
10,7,10,1,ecg_only,2032.796875,55.81020563243227,7,0.646484375,0.00836278162673511,0.009568319307746789,92.809667673716,2041.7783203125,71.02330080018564,7,0.646484375,0.007730691462915311,0.009407495764681481,92.809667673716
10,8,1,0,ecg_only,2065.9404296875,78.63685675585188,7,0.626953125,0.07580373109409891,0.0992064460875023,95.70093457943925,2082.724609375,81.30909113148826,7,0.6204427083333334,0.08957207187574064,0.11479324995127109,96.70514165792234
10,8,2,0,ecg_only,2039.9326171875,83.28529159157743,7,0.6315104166666666,0.01742068770867142,0.015428451295415233,95.01030927835052,2050.240234375,86.76651782554183,7,0.630859375,0.01637987711641813,0.013975424859373685,95.10835913312694
10,8,3,0,ecg_only,2009.6123046875,56.63328689500695,7,0.5794270833333334,0.07257873702797803,0.09107512137996304,103.5505617977528,2012.255859375,67.47148533162157,7,0.5696614583333334,0.09427523945158937,0.11720052011003407,105.32571428571428
10,8,4,0,ecg_only,2033.4677734375,57.15071337764446,8,0.5602678571428571,0.1168122179747308,0.14591469084779754,107.09163346613546,2024.8076171875,67.03511134410053,8,0.5530133928571429,0.1280980675712848,0.15943211548058497,108.49646821392533
10,8,5,0,ecg_only,2052.458984375,52.69921538404064,7,0.6145833333333334,0.06950003200563812,0.07905694150420949,97.62711864406779,2046.2724609375,63.95627613631861,7,0.6165364583333334,0.06718358858931135,0.07771376140000881,97.31784582893347
10,8,6,0,ecg_only,2054.3623046875,53.23745987320315,7,0.603515625,0.06417633115970242,0.07035588939012141,99.41747572815534,2052.9853515625,65.44138584058088,7,0.6028645833333334,0.06558416801803661,0.07382709159329656,99.52483801295895
10,8,7,0,ecg_only,2056.939453125,55.51136783647046,7,0.61328125,0.009830513587592122,0.00855816496101822,97.8343949044586,2058.0234375,69.85987256239159,7,0.61328125,0.008734640537108554,0.00819381912632931,97.8343949044586
10,8,8,0,ecg_only,2068.23828125,56.416419264881554,7,0.6067708333333334,0.004318521862441927,0.0067658234670659265,98.88412017167381,2070.6064453125,71.58479727320213,7,0.6067708333333334,0.004318521862441927,0.005793905068043487,98.88412017167381
10,8,9,0,ecg_only,2063.2939453125,55.22168146630234,8,0.55078125,0.11570867508030366,0.14571412073120693,108.93617021276596,2067.8603515625,66.79326949533466,8,0.5591517857142857,0.10283009975903983,0.126677384843267,107.3053892215569
10,8,10,0,ecg_only,2056.09765625,53.39898314347227,7,0.60546875,0.05445448871439189,0.06149087680044496,99.09677419354838,2060.212890625,64.65645080505725,7,0.6022135416666666,0.061574225344534494,0.07177302548659907,99.63243243243244
10,9,1,0,ecg_only,2057.4658203125,54.34178946031279,8,0.5390625,0.08816611091479132,0.11639270404965074,111.30434782608695,2060.798828125,67.9631000424253,8,0.5340401785714286,0.09815085208000293,0.12917231065458165,112.35109717868337
10,9,2,0,ecg_only,2053.3857421875,52.67564212496401,7,0.5885416666666666,0.08955077533359061,0.1235017633350836,101.94690265486726,2057.98046875,66.20329728688196,7,0.5813802083333334,0.10338451471583893,0.1389988442791432,103.2026875699888
10,9,3,0,ecg_only,2058.5615234375,54.228917670756054,7,0.6315104166666666,0.06179067977971184,0.07177302548659907,95.01030927835052,2062.4296875,64.95398715073112,7,0.6321614583333334,0.06019583496465527,0.06797323979423814,94.91246138002059
10,9,4,0,ecg_only,2067.2109375,54.430220142362955,7,0.6315104166666666,0.07306764503436562,0.0894693284997015,95.01030927835052,2068.40625,64.45061548144828,7,0.630859375,0.07643850237401496,0.0933912406391788,95.10835913312694
10,9,5,0,ecg_only,2056.642578125,54.95039652020967,7,0.6295572916666666,0.05581139888059321,0.060161322838057675,95.30506721820062,2057.4677734375,65.62964966060439,7,0.6276041666666666,0.06045930607418698,0.06555055301063448,95.60165975103735
10,9,6,0,ecg_only,2051.8759765625,56.49098767502167,7,0.6263020833333334,0.017566064535458385,0.012352647110032733,95.80041580041579,2056.1201171875,69.84591177852693,7,0.6263020833333334,0.016674802701648044,0.012352647110032733,95.80041580041579
10,9,7,0,ecg_only,2057.435546875,56.158447596240386,7,0.6002604166666666,0.015570652009246611,0.011848242881330547,99.95661605206074,2059.1806640625,71.82787570076134,7,0.6009114583333334,0.01632804193227142,0.01330420809838,99.84832069339112
10,9,8,0,ecg_only,2059.169921875,53.365232873860826,8,0.5368303571428571,0.08929268945968577,0.1104393893679168,111.76715176715177,2057.5078125,67.58247231320296,8,0.5345982142857143,0.09263729017136332,0.11349432188554816,112.23382045929019
10,9,9,0,ecg_only,2059.392578125,55.80163478712583,7,0.6041666666666666,0.029720604714878456,0.026435819243263485,99.3103448275862,2064.880859375,71.27438908813231,7,0.603515625,0.029296875,0.02614562582918986,99.41747572815534
10,9,10,0,ecg_only,2049.1357421875,56.7177955484082,7,0.6399739583333334,0.029093623660812928,0.02666570025918127,93.75381485249237,2057.1630859375,71.04839737928287,7,0.640625,0.028969525340217434,0.026893616371966415,93.65853658536585
10,10,1,0,ecg_only,2053.40234375,55.918888614508745,7,0.5950520833333334,0.07889163781094329,0.10026210766972236,100.83150984682713,2061.0263671875,48.29074833841285,7,0.59375,0.08018127249135756,0.102251270239665,101.05263157894737
10,10,2,0,ecg_only,2058.8984375,55.03492709801289,8,0.5412946428571429,0.09506282118315772,0.13069894550251257,110.84536082474226,2064.3134765625,49.35167936233035,8,0.5368303571428571,0.1026907019232004,0.14122953103440483,111.76715176715177
10,10,3,0,ecg_only,2061.9111328125,53.67517423525969,8,0.4732142857142857,0.13527503959007714,0.16373665558698974,126.79245283018868,2062.0751953125,48.64396731972504,9,0.4580078125,0.13178529119774413,0.17757639908265038,131.00213219616205
10,10,4,0,ecg_only,2054.626953125,53.08860422472089,9,0.43896484375,0.14376296938564237,0.2500392338075774,136.68520578420467,2055.9619140625,46.86001338186818,9,0.439453125,0.1422164719796682,0.25040076694136026,136.53333333333333
10,10,5,0,ecg_only,2052.7890625,54.29586948259595,8,0.5318080357142857,0.1545446638773786,0.23523064299458485,112.82266526757608,2056.1494140625,47.569789804038734,8,0.5345982142857143,0.14910313296575656,0.225983680518477,112.23382045929019
10,10,6,0,ecg_only,2054.7861328125,54.090258075171086,8,0.5675223214285714,0.10522488104019632,0.13013344200421575,105.7227138643068,2058.8095703125,48.158894985470944,8,0.5641741071428571,0.11085685305213408,0.1381528211281879,106.35014836795253
10,10,7,0,ecg_only,2053.2060546875,53.056329905377545,8,0.5546875,0.09636422083966494,0.12304170789415439,108.16901408450704,2058.3251953125,48.25346803802011,8,0.5552455357142857,0.09233088339261802,0.11735014754531095,108.06030150753769
10,10,8,0,ecg_only,2052.1708984375,55.870447703025974,7,0.5963541666666666,0.011425734879416826,0.00855816496101822,100.6113537117904,2055.5068359375,52.76295708894602,7,0.595703125,0.010273264217486654,0.007614683081882003,100.72131147540983
10,10,9,0,ecg_only,2054.0068359375,55.9818866505717,8,0.5641741071428571,0.04710033001341338,0.05272231729434335,106.35014836795253,2053.7236328125,53.8289462753561,8,0.5641741071428571,0.0486484257091593,0.055928988528423255,106.35014836795253
10,10,10,0,ecg_only,2053.0966796875,56.737982523619266,8,0.5619419642857143,0.07872062488652838,0.08517954096623642,106.77259185700099,2055.1318359375,53.22722886571387,8,0.5636160714285714,0.0761958892352602,0.08203125,106.45544554455446
10,11,1,0,ecg_only,2041.1708984375,55.04814204095866,7,0.607421875,0.05340526180941623,0.06498948232214194,98.7781350482315,2028.0546875,56.426692430554034,7,0.6061197916666666,0.054660366532688444,0.06524723862691433,98.99033297529539
10,11,2,0,ecg_only,2049.0390625,59.01516321883803,7,0.640625,0.01127637244510988,0.01171875,93.65853658536585,2028.2373046875,59.632790166550066,7,0.6399739583333334,0.01067787725706818,0.008734640537108554,93.75381485249237
10,11,3,0,ecg_only,2059.4287109375,57.43777880014658,7,0.6341145833333334,0.017853267188544384,0.010768788087570485,94.62012320328542,2066.052734375,55.900573988204215,7,0.6341145833333334,0.016674802701648044,0.010481568644530264,94.62012320328542
10,11,4,0,ecg_only,2059.2958984375,55.78267104959375,7,0.587890625,0.08368101704647411,0.09669842779228625,102.05980066445183,2078.658203125,50.4237354503932,7,0.5872395833333334,0.08509490654945055,0.096413973556093,102.1729490022173
10,11,5,0,ecg_only,2057.4833984375,55.322824934769216,8,0.5641741071428571,0.11530967846086229,0.15435043242434837,106.35014836795253,2070.1826171875,50.550937825378966,8,0.5602678571428571,0.12014238072140973,0.15880079362928784,107.09163346613546
10,11,6,0,ecg_only,2051.9775390625,54.44724442241119,7,0.6041666666666666,0.10565345195364997,0.11744762795603834,99.3103448275862,2061.9619140625,49.954857694461154,7,0.6028645833333334,0.10848003138458888,0.12253427454186033,99.52483801295895
10,11,7,0,ecg_only,2054.4384765625,55.106963850920316,7,0.6028645833333334,0.062200890169250976,0.06665852814906732,99.52483801295895,2064.2392578125,50.00627286662802,7,0.6015625,0.06306708874121007,0.06774838558962125,99.74025974025975
10,11,8,0,ecg_only,2057.8095703125,58.448042717199854,7,0.5989583333333334,0.013085775548334492,0.00855816496101822,100.17391304347825,2064.1064453125,56.414095692769436,7,0.5989583333333334,0.013085775548334492,0.007614683081882003,100.17391304347825
10,11,9,0,ecg_only,2058.08984375,57.93849222430271,8,0.5558035714285714,0.04819180403433953,0.05060566599689785,107.95180722891567,2059.8603515625,57.545999181102104,8,0.5558035714285714,0.04966204344037274,0.053321862576675184,107.95180722891567
10,11,10,0,ecg_only,2052.2392578125,56.67287557563722,7,0.5970052083333334,0.030124310680362695,0.026262087990580642,100.50163576881134,2059.2880859375,54.97355556247126,8,0.5641741071428571,0.08335865699942298,0.07978382148388806,106.35014836795253
10,12,1,0,ecg_only,2054.943359375,55.224954685038895,8,0.5602678571428571,0.0877412456477504,0.11165317131215978,107.09163346613546,2058.1591796875,52.49487562147935,8,0.5597098214285714,0.08889773404840713,0.1123004414958207,107.19840478564308
10,12,2,0,ecg_only,2056.3388671875,55.23256417722914,7,0.6028645833333334,0.0353486248971308,0.0496262889473664,99.52483801295895,2060.9326171875,52.09904883243148,7,0.6015625,0.038140152385095855,0.05170435033679468,99.74025974025975
10,12,3,0,ecg_only,2054.1591796875,54.51597255290955,8,0.5340401785714286,0.13474684919856691,0.12395805978611274,112.35109717868337,2057.5107421875,49.505344978905136,8,0.53125,0.13737882749282573,0.12546706360427493,112.94117647058823
10,12,4,0,ecg_only,2053.783203125,53.705976439917656,11,0.3984375,0.09366858443970155,0.10778230253424416,150.58823529411765,2058.203125,48.005429278721955,11,0.397265625,0.09404332367858775,0.10458088217164077,151.03244837758112
10,12,5,0,ecg_only,2050.47265625,53.48102425575202,11,0.3625,0.010156250000000002,0.01717565879983453,165.51724137931035,2057.0048828125,47.76546885795891,11,0.3625,0.01142870221744359,0.022058690554814343,165.51724137931035
10,12,6,0,ecg_only,2053.173828125,55.11526503640311,8,0.4838169642857143,0.14027468412275892,0.1297125979730445,124.01384083044982,2058.296875,49.25864206775675,8,0.4838169642857143,0.1402902229656709,0.12680780946126535,124.01384083044982
10,12,7,0,ecg_only,2058.8232421875,55.948000121659575,8,0.5580357142857143,0.1034219499378835,0.1362435939577757,107.52,2058.720703125,51.373841618382166,8,0.5608258928571429,0.09656436784072887,0.12955565587325782,106.98507462686567
10,12,8,0,ecg_only,2055.021484375,55.200464991670415,7,0.591796875,0.09968593871230348,0.13000244138332556,101.38613861386139,2052.4091796875,51.7744276747299,7,0.5911458333333334,0.10112754082785208,0.13173969287837095,101.49779735682819
10,12,9,0,ecg_only,2052.333984375,54.9201104565737,8,0.53125,0.1436614148633366,0.2087438988317483,112.94117647058823,2052.720703125,50.345293283043006,8,0.5357142857142857,0.14021251153042075,0.2044415964858862,112.0
10,12,10,0,ecg_only,2049.6279296875,55.151719371385475,8,0.5407366071428571,0.12857365681972902,0.13671875,110.95975232198144,2053.8564453125,50.06355235961784,8,0.5407366071428571,0.12859060961833607,0.14084184669781208,110.95975232198144
10,13,1,1,ecg_only,2057.8740234375,51.20641009281163,8,0.5290178571428571,0.1196697148026345,0.16765049792089792,113.41772151898735,2057.3154296875,49.2455692428237,8,0.5290178571428571,0.1170917976565561,0.16345684338209124,113.41772151898735
10,13,2,1,ecg_only,2053.5751953125,58.76600687825384,7,0.6061197916666666,0.017089068682821205,0.01171875,98.99033297529539,2058.390625,60.10162089315374,7,0.60546875,0.01594719884624465,0.010481568644530264,99.09677419354838
10,13,3,1,ecg_only,2053.912109375,59.13636328637429,8,0.5647321428571429,0.06651635904353277,0.07535789714927306,106.24505928853755,2058.8515625,60.94247926371714,8,0.5591517857142857,0.08014760627401221,0.09123414620411455,107.3053892215569
10,13,4,1,ecg_only,2052.02734375,58.76367223203751,8,0.546875,0.07379165175210249,0.09110862335695782,109.71428571428571,2054.076171875,61.331881322811704,8,0.5440848214285714,0.08069744411841616,0.09927051225245381,110.27692307692308
10,13,5,1,ecg_only,2055.3193359375,58.37319805459969,7,0.5826822916666666,0.014159220814408558,0.010481568644530264,102.97206703910615,2053.4931640625,60.22352530485872,7,0.58203125,0.015296015787071264,0.012837247441527332,103.08724832214764
10,13,6,1,ecg_only,2057.76953125,55.459722939537606,8,0.5412946428571429,0.09200991954654528,0.11712237773878867,110.84536082474226,2056.943359375,55.465349498264224,8,0.5457589285714286,0.08356386851488787,0.10815916488174576,109.93865030674846
10,13,7,1,ecg_only,2056.3740234375,57.933199586081045,7,0.5970052083333334,0.0072788671142571286,0.009568319307746789,100.50163576881134,2060.279296875,59.06440242549327,7,0.59765625,0.0078125,0.010481568644530264,100.3921568627451
10,13,8,1,ecg_only,2057.78515625,58.69985172181516,8,0.5625,0.08656930897666001,0.10580578863585001,106.66666666666667,2057.7958984375,59.567011427170705,8,0.5625,0.08833901002368255,0.10917718346487473,106.66666666666667
10,13,9,1,ecg_only,2058.548828125,55.801874326174826,8,0.5580357142857143,0.09973083393756743,0.11456483633847,107.52,2057.4912109375,54.8094882376891,8,0.55859375,0.09844547161599881,0.11301153235538619,107.41258741258741
10,13,10,1,ecg_only,2056.46875,56.02846130818247,7,0.6015625,0.0534171653561615,0.06524723862691433,99.74025974025975,2057.56640625,53.830875604386755,7,0.603515625,0.048932180791962376,0.061540486229087435,99.41747572815534
10,14,1,0,ecg_only,2050.65234375,56.74640539943333,7,0.5930989583333334,0.0901099054350224,0.09609692576053097,101.1635565312843,2052.2802734375,53.35399690616188,7,0.5911458333333334,0.09433591503479144,0.10124650360475416,101.49779735682819
10,14,2,0,ecg_only,2033.7314453125,55.01108861463588,9,0.47705078125,0.14949302830595465,0.1631364703308519,125.77277379733879,2047.1748046875,51.028213989995066,8,0.5452008928571429,0.1525919044433818,0.17498372320137856,110.05117707267144
10,14,3,0,ecg_only,2046.65234375,53.948816838340726,11,0.386328125,0.05430811484382997,0.05448561446069707,155.30839231547017,2054.1494140625,46.543579835197754,10,0.4253472222222222,0.11140910560510033,0.1815881140495228,141.06122448979593
10,14,4,0,ecg_only,2063.9794921875,51.19357192062424,9,0.4892578125,0.13807571567541246,0.19895597164984502,122.63473053892216,2060.0478515625,46.14005783254358,8,0.5546875,0.13557396999160906,0.15687537609931676,108.16901408450704
10,14,5,0,ecg_only,2062.5556640625,55.28243203891401,8,0.5591517857142857,0.14708661278225715,0.20885960547261667,107.3053892215569,2061.009765625,51.14195835742476,7,0.6529947916666666,0.0736483241932022,0.07314185836655028,91.88434695912264
10,14,6,0,ecg_only,2059.9375,56.30098383909468,7,0.6373697916666666,0.04161068015956978,0.05211587525049349,94.13687436159347,2059.181640625,52.208979625715244,7,0.6341145833333334,0.05021046740796573,0.06399577317585123,94.62012320328542
10,14,7,0,ecg_only,2055.5400390625,55.41863368374823,7,0.6360677083333334,0.062394795353428165,0.07181553246425873,94.32958034800409,2057.025390625,51.35324337679327,7,0.63671875,0.060766989008218926,0.06985528428249003,94.23312883435582
10,14,8,0,ecg_only,2054.5703125,55.49506363094238,8,0.5569196428571429,0.13756683933201716,0.15413609106991297,107.73547094188376,2055.5322265625,50.79868870304301,7,0.650390625,0.04872384698455119,0.07033419804094236,92.25225225225225
10,14,9,0,ecg_only,2052.138671875,55.67922487437378,8,0.5552455357142857,0.1416663540412717,0.20227184613678528,108.06030150753769,2051.9345703125,51.46039716877915,7,0.6477864583333334,0.06487263517453139,0.06774838558962125,92.62311557788944
10,14,10,0,ecg_only,2053.66015625,55.59521441275846,7,0.6295572916666666,0.06328513469729297,0.07878626397174193,95.30506721820062,2054.3623046875,51.98328856470044,7,0.6295572916666666,0.06324493664028513,0.07706309559786059,95.30506721820062
10,15,1,0,ecg_only,2056.228515625,53.97299787263193,9,0.4375,0.14343173412294655,0.1810410972852573,137.14285714285714,2053.6357421875,48.94234023632843,9,0.43798828125,0.14421996540784918,0.1818640019533091,136.98996655518394
10,15,2,0,ecg_only,2053.84375,54.09786596126043,8,0.49609375,0.15919380894307283,0.13311851999095892,120.94488188976378,2052.2998046875,49.24104614000248,8,0.4955357142857143,0.15845856212899886,0.13267839430406206,121.08108108108108
10,15,3,0,ecg_only,2051.6435546875,54.695453863202346,9,0.486328125,0.15053006928123197,0.19306745415185483,123.37349397590361,2055.8271484375,49.887416269284195,8,0.5524553571428571,0.15140157865153198,0.21698741157923002,108.60606060606061
10,15,4,0,ecg_only,2053.8271484375,54.97839068806799,8,0.5563616071428571,0.14774357806582958,0.1424933752115047,107.84353059177533,2056.7861328125,49.605653532521984,7,0.646484375,0.08515714592418609,0.10906764851744535,92.809667673716
10,15,5,0,ecg_only,2053.609375,55.049992815479776,7,0.6360677083333334,0.08624520747680425,0.10552660450243104,94.32958034800409,2055.96875,50.25850169063439,7,0.6354166666666666,0.08754029330193547,0.10552660450243104,94.42622950819673
10,15,6,0,ecg_only,2052.189453125,54.46123949666797,7,0.6321614583333334,0.07596013126557695,0.0901320103896224,94.91246138002059,2054.345703125,50.264977761353535,7,0.626953125,0.08719341517792857,0.1037475291497947,95.70093457943925
10,15,7,0,ecg_only,2052.6806640625,52.09573310139249,7,0.615234375,0.09832453629104466,0.12223504509754966,97.52380952380952,2051.6953125,46.58586806132675,8,0.5239955357142857,0.14422821409955452,0.22624798571847365,114.50479233226838
10,15,8,0,ecg_only,2050.193359375,52.261957689385305,8,0.5206473214285714,0.1495889650282635,0.15860048477079522,115.24115755627011,2049.439453125,45.9920408163296,9,0.47265625,0.1316441023279599,0.16176106891084324,126.94214876033058
10,15,9,0,ecg_only,2053.5068359375,54.758096862655464,8,0.5541294642857143,0.15478426034734769,0.22417587242462947,108.27794561933534,2052.9267578125,49.82982276854364,10,0.4309895833333333,0.12724492373497437,0.15023200848045104,139.21450151057402
10,15,10,0,ecg_only,2057.7958984375,55.06771703765905,7,0.6328125,0.07534102157025746,0.0859375,94.81481481481481,2057.8720703125,50.6085837697772,7,0.6145833333333334,0.11425734879416825,0.13295029616364154,97.62711864406779
10,16,1,1,ecg_only,2057.068359375,56.27491822069446,8,0.5530133928571429,0.0801048556990703,0.11288769640088292,108.49646821392533,2066.548828125,58.06927401444079,8,0.5530133928571429,0.07964090524513961,0.11263961605700168,108.49646821392533
10,16,2,1,ecg_only,2058.5068359375,49.20470982431416,9,0.4609375,0.10481568644530265,0.11247984690521866,130.16949152542372,2063.33203125,47.51115318663633,9,0.46044921875,0.10592777533893949,0.12244529459073025,130.30752916224813
10,16,3,1,ecg_only,2055.21484375,44.90781284657589,9,0.45849609375,0.07674408224446949,0.14261825205881784,130.8626198083067,2053.927734375,39.49172495826744,9,0.4580078125,0.08864154044730435,0.16746185974682734,131.00213219616205
10,16,4,1,ecg_only,2057.41796875,46.07775261988179,9,0.47021484375,0.08771548304710249,0.1522578741476294,127.601246105919,2058.3134765625,39.81196494469047,9,0.47021484375,0.09562212571954266,0.1865500956781975,127.601246105919
10,16,5,1,ecg_only,2057.8671875,50.028624008809636,9,0.46630859375,0.05800279794718655,0.11726188115633071,128.67015706806282,2061.216796875,44.12798625577639,9,0.4658203125,0.09682753846189546,0.1968300419897519,128.80503144654088
10,16,6,1,ecg_only,2057.060546875,51.348003153247625,10,0.4344618055555556,0.05326707468199722,0.09289157773901652,138.1018981018981,2060.1865234375,44.385137200641424,10,0.4314236111111111,0.07753927811663432,0.13978154168033508,139.07444668008048
10,16,7,1,ecg_only,2053.8828125,48.249877929533085,9,0.47021484375,0.10404745273799185,0.11985432820236108,127.601246105919,2057.4775390625,40.638260857304005,9,0.4677734375,0.10707953262016202,0.15495416904152085,128.26722338204593
10,16,8,1,ecg_only,2051.2666015625,50.63408693305699,11,0.38828125,0.03250413134799175,0.045498451066812884,154.5271629778672,2054.2841796875,45.27459949124578,11,0.387890625,0.021183979473369134,0.02882284325674304,154.68277945619334
10,16,9,1,ecg_only,2049.4599609375,52.00007848550302,11,0.396875,0.025626905416963636,0.03263011480766059,151.18110236220474,2052.6025390625,48.98073634211374,11,0.396875,0.01993336065964543,0.019747071468884245,151.18110236220474
10,16,10,1,ecg_only,2048.6484375,51.125949692241356,10,0.4066840277777778,0.021271789504935495,0.03140221716955767,147.53468516542156,2053.1611328125,44.82758215824534,10,0.40625,0.02551551815399144,0.041501033907960505,147.69230769230768
10,17,1,0,ecg_only,2055.8349609375,54.48531471800772,10,0.4283854166666667,0.12167339985649653,0.14312555437938485,140.06079027355622,2057.8466796875,49.78597679135436,10,0.4270833333333333,0.12213236270169026,0.1486878542549111,140.4878048780488
10,17,2,0,ecg_only,2053.0361328125,50.155360808764605,11,0.38828125,0.04357526489807607,0.06770833333333333,154.5271629778672,2055.5947265625,44.48282247821463,11,0.389453125,0.038947095151026664,0.05560978256266308,154.06218655967902
10,17,3,0,ecg_only,2051.6669921875,46.84746529145749,9,0.48095703125,0.09341242731316902,0.14837874777129834,124.751269035533,2054.32421875,39.666017307982266,9,0.4794921875,0.08564291662175261,0.13582295820870086,125.13238289205702
10,17,4,0,ecg_only,2048.7568359375,50.004515930325816,10,0.4288194444444444,0.02821514403323786,0.053790778726251605,139.91902834008098,2054.4775390625,43.840503303238734,10,0.4288194444444444,0.02779133783608007,0.049429885682983454,139.91902834008098
10,17,5,0,ecg_only,2049.2470703125,51.68501062637195,10,0.4058159722222222,0.028790145749612847,0.03669588716417175,147.85026737967914,2053.740234375,43.93490948915302,10,0.41015625,0.03003271509028853,0.046752770326507126,146.28571428571428
10,17,6,0,ecg_only,2050.3818359375,51.01514119361362,10,0.4184027777777778,0.051343853436285135,0.055723994600340256,143.40248962655602,2054.224609375,43.61826528248988,10,0.4162326388888889,0.05063450723295098,0.07438560602555486,144.15015641293013
10,17,7,0,ecg_only,2055.6298828125,51.912850701488324,10,0.3962673611111111,0.0254563859350958,0.04412938878005861,151.41292442497263,2057.5390625,44.05694155432369,10,0.4105902777777778,0.04225032473485402,0.04983340164911357,146.1310782241015
10,17,8,0,ecg_only,2059.048828125,51.60796819716127,10,0.4166666666666667,0.04920428028044579,0.0643198195315434,144.0,2061.818359375,43.84601311474454,10,0.4149305555555556,0.04902400909146141,0.08080132653686564,144.60251046025104
10,17,9,0,ecg_only,2059.974609375,51.34755710782317,10,0.4140625,0.03440063753547632,0.06139153767774106,144.9056603773585,2062.0498046875,44.30203574392043,10,0.4144965277777778,0.03789238990575893,0.07189516530978891,144.75392670157066
10,17,10,0,ecg_only,2058.5615234375,51.69124196724855,10,0.4227430555555556,0.061702204670090126,0.08701823988259946,141.93018480492813,2061.064453125,45.157815133924245,10,0.421875,0.06065528488985477,0.08894763700574766,142.22222222222223
10,18,1,1,ecg_only,2052.6953125,56.67406932872691,9,0.47998046875,0.1539557827474559,0.204056500814244,125.00508646998983,2052.76953125,48.84363613005561,9,0.478515625,0.15509829450071735,0.21126277004671812,125.38775510204081
10,18,2,1,ecg_only,2055.2685546875,56.93795577703261,7,0.62890625,0.11053146057137608,0.13865811991639726,95.40372670807453,2055.8564453125,48.67259376938111,7,0.6282552083333334,0.11385041700996099,0.14236124343659162,95.50259067357513
10,18,3,1,ecg_only,2052.5478515625,57.02264194688779,6,0.68359375,0.005524271728019903,0.010697706201272776,87.77142857142857,2057.0615234375,48.97182229536837,6,0.68359375,0.005524271728019903,0.009765625,87.77142857142857
10,18,4,1,ecg_only,2052.0517578125,56.664981890858705,8,0.4966517857142857,0.16645560881698354,0.19517573336491206,120.80898876404495,2058.4384765625,48.63664830780014,8,0.4966517857142857,0.16540464741114164,0.19651970668914479,120.80898876404495
10,18,5,1,ecg_only,2051.2138671875,55.3602386071322,10,0.3949652777777778,0.1064917026595946,0.17235152336843987,151.9120879120879,2055.6201171875,48.107963965036674,10,0.3949652777777778,0.10650762215613208,0.17317953084110072,151.9120879120879
10,18,6,1,ecg_only,2052.140625,52.62514613622821,10,0.4253472222222222,0.1116067639433603,0.122082030687554,141.06122448979593,2053.5234375,44.576473062408084,10,0.4275173611111111,0.11028747464713846,0.13028968812623373,140.3451776649746
10,18,7,1,ecg_only,2056.9365234375,53.756021410754656,8,0.5412946428571429,0.1406072834644966,0.22227901156963742,110.84536082474226,2055.8583984375,44.373156517313454,8,0.5396205357142857,0.13901026951377862,0.21990950139110255,111.18924508790073
10,18,8,1,ecg_only,2053.9912109375,56.826807543314274,8,0.5407366071428571,0.15752627673479122,0.12542651842189315,110.95975232198144,2054.8701171875,48.3406059658184,8,0.5463169642857143,0.15061589649854767,0.1323137079735442,109.82635342185904
10,18,9,1,ecg_only,2052.529296875,56.723451260859605,10,0.4084201388888889,0.09518774407104559,0.11182386881484091,146.90754516471839,2055.0751953125,48.16517407943709,10,0.4079861111111111,0.09351662052300228,0.1168043867776712,147.06382978723406
10,18,10,1,ecg_only,2052.3232421875,53.900425471889555,11,0.37578125,0.016086922095292187,0.02524833259071005,159.66735966735968,2054.857421875,46.6129464940082,11,0.37578125,0.019593650318725706,0.034646184103255394,159.66735966735968
11,1,1,0,ecg_only,2060.0498046875,57.17735958559649,10,0.4171006944444444,0.06595223107198052,0.07810058212161018,143.85015608740895,2056.2470703125,49.07215760054963,10,0.41015625,0.06051536478449089,0.07856322406687018,146.28571428571428
11,1,2,0,ecg_only,2064.49609375,59.984698442529584,9,0.44873046875,0.13258881525247035,0.1296565690308715,133.71055495103374,2060.8544921875,51.12776313720366,9,0.44873046875,0.13146196234399882,0.12429172946047853,133.71055495103374
11,1,3,0,ecg_only,2056.3896484375,62.85450655607483,7,0.6178385416666666,0.0771889452813971,0.10863308640067951,97.1127502634352,2054.041015625,52.944198562906834,7,0.6048177083333334,0.10533403497776102,0.14263964854113145,99.20344456404736
11,1,4,0,ecg_only,2048.4326171875,63.65094441704365,10,0.4309895833333333,0.1077665713362425,0.12858773385456157,139.21450151057402,2049.7822265625,53.3450263149473,10,0.4275173611111111,0.11002582764881662,0.13392086915165963,140.3451776649746
11,1,5,0,ecg_only,2053.3017578125,56.08858573751967,11,0.393359375,0.0415992700366019,0.04965019782535838,152.53227408143,2053.6728515625,46.99903802698882,11,0.391796875,0.0364371683357547,0.05019358142551141,153.1405782652044
11,1,6,0,ecg_only,2063.703125,55.27818276892227,10,0.3784722222222222,0.047358775449494225,0.03891573993197515,158.53211009174314,2061.4716796875,47.43051227674966,10,0.3715277777777778,0.028907683689838044,0.020853668460998655,161.49532710280374
11,1,7,0,ecg_only,2069.4599609375,58.9566872797181,8,0.49330357142857145,0.16380605869282444,0.13897871715343535,121.6289592760181,2065.7255859375,50.34596993911034,8,0.49330357142857145,0.1638193655173127,0.1390244564066577,121.6289592760181
11,1,8,0,ecg_only,2071.6298828125,59.71585325903848,7,0.578125,0.15110339076447235,0.14624198695996987,103.78378378378379,2068.271484375,50.155447105565024,8,0.4955357142857143,0.15870598502990121,0.13320446144246476,121.08108108108108
11,1,9,0,ecg_only,2070.93359375,59.322933457137474,9,0.482421875,0.16220347419527,0.2202693568445964,124.37246963562752,2068.4375,50.5402647339228,10,0.4305555555555556,0.13667258369573013,0.12110949998380856,139.3548387096774
11,1,10,0,ecg_only,2069.27734375,58.29110367752815,7,0.6393229166666666,0.09728227002267109,0.11884248043629012,93.84928716904278,2065.693359375,50.551815493136345,7,0.630859375,0.1162013629634235,0.14154430415619873,95.10835913312694
11,2,1,1,ecg_only,2058.4765625,55.35665114223939,10,0.4188368055555556,0.07001716954887424,0.13222237922666258,143.2538860103627,2057.29296875,45.25956077102962,10,0.4288194444444444,0.08782603293528457,0.1467640559208949,139.91902834008098
11,2,2,1,ecg_only,2061.5546875,55.37100487757418,10,0.4110243055555556,0.051880391657930326,0.09409523023785862,145.9767687434002,2059.4892578125,45.102053136253204,10,0.4123263888888889,0.06266555523018286,0.11095056591190454,145.5157894736842
11,2,3,1,ecg_only,2059.7607421875,55.41137333401562,10,0.4205729166666667,0.045851085577237,0.06306204801157399,142.6625386996904,2055.47265625,46.166618613391385,10,0.4210069444444444,0.07265526474507865,0.1344751738712217,142.51546391752578
11,2,4,1,ecg_only,2056.5146484375,50.702581182305494,10,0.4270833333333333,0.0848854479844095,0.08293310056860213,140.4878048780488,2053.712890625,42.528616168490444,10,0.4418402777777778,0.09893167891519074,0.1398020079985609,135.79567779960706
11,2,5,1,ecg_only,2060.875,56.56075618858892,10,0.4058159722222222,0.023178871393782448,0.03656571333368956,147.85026737967914,2058.4638671875,47.134662710099676,10,0.4014756944444444,0.04874655609669856,0.0878580668862694,149.44864864864866
11,2,6,1,ecg_only,2057.4677734375,56.06752465397121,10,0.4279513888888889,0.09549005673666232,0.13478685294767834,140.20283975659228,2056.4443359375,46.655997018198484,10,0.4266493055555556,0.09190121836052932,0.12307787307959492,140.63072227873855
11,2,7,1,ecg_only,2054.841796875,55.632095501573914,10,0.4040798611111111,0.041793066379203894,0.055809500243084176,148.48549946294307,2054.552734375,46.4893632023573,10,0.4001736111111111,0.04239720542187747,0.0694664814210107,149.93492407809111
11,2,8,1,ecg_only,2054.306640625,55.539222089232574,10,0.4214409722222222,0.08626131473242964,0.12477855140066516,142.3686920700309,2053.7275390625,46.68326394142805,10,0.4210069444444444,0.08593311576919849,0.11288488036854322,142.51546391752578
11,2,9,1,ecg_only,2052.5029296875,55.622682458839854,11,0.38828125,0.03576725981956124,0.06236421882722941,154.5271629778672,2051.666015625,46.952142536973284,11,0.39765625,0.04173659496622838,0.05972575490197768,150.88408644400786
11,2,10,1,ecg_only,2053.791015625,58.42673093739719,11,0.39375,0.025899350709766837,0.043086958613995564,152.38095238095238,2051.8466796875,49.169697071156286,11,0.39375,0.04088707533790477,0.07523968861038369,152.38095238095238
11,3,1,1,ecg_only,2049.1181640625,55.53224976368987,10,0.4123263888888889,0.03889334516878447,0.07389681411090865,145.5157894736842,2053.9228515625,47.613135264137895,10,0.4127604166666667,0.055974440781783014,0.10564041296107252,145.3627760252366
11,3,2,1,ecg_only,2054.1865234375,55.233995967789284,10,0.4244791666666667,0.05978250147525519,0.10336811423749408,141.34969325153372,2053.5595703125,47.561025418696225,10,0.4244791666666667,0.06228260803698645,0.1057035869354282,141.34969325153372
11,3,3,1,ecg_only,2057.1669921875,55.64745372249133,10,0.4275173611111111,0.06418917203936164,0.10465178378608449,140.3451776649746,2055.7451171875,46.98878352265987,10,0.40625,0.06017822920985075,0.09550361858123164,147.69230769230768
11,3,4,1,ecg_only,2058.921875,54.86294847375937,10,0.4175347222222222,0.03829296006964024,0.06313761670017427,143.7006237006237,2055.4677734375,46.72318056461556,10,0.4175347222222222,0.06714116529636192,0.10797089813347854,143.7006237006237
11,3,5,1,ecg_only,2059.283203125,49.69858240297192,9,0.47607421875,0.0999808770015107,0.1478710408652164,126.03076923076924,2056.712890625,42.503510767721146,10,0.4383680555555556,0.09852526155923849,0.1543401343630208,136.87128712871285
11,3,6,1,ecg_only,2063.5205078125,54.69379936340706,10,0.3980034722222222,0.04280843057617345,0.08525787728795761,150.752453653217,2060.3212890625,46.307199594402356,10,0.3971354166666667,0.035276607250375173,0.05224381201209084,151.08196721311475
11,3,7,1,ecg_only,2059.8134765625,56.14893154544228,10,0.4223090277777778,0.09373995252228995,0.10747512884529378,142.0760534429599,2060.7373046875,46.478556200524245,10,0.4214409722222222,0.09080002189789907,0.09366858443970155,142.3686920700309
11,3,8,1,ecg_only,2051.486328125,55.74416491844536,10,0.4049479166666667,0.04844030009827675,0.09186956895618545,148.16720257234726,2055.4697265625,47.24505039307273,10,0.4032118055555556,0.03957038652792181,0.07284396952723249,148.80516684607105
11,3,9,1,ecg_only,2050.84765625,55.38173839481599,10,0.4305555555555556,0.09387249263575402,0.11925263689432615,139.3548387096774,2051.7763671875,46.89403559412085,10,0.4301215277777778,0.09183970344810967,0.12663722716755724,139.4954591321897
11,3,10,1,ecg_only,2056.6298828125,56.23594204181181,11,0.391015625,0.038845098151383595,0.0657132962549247,153.44655344655345,2053.3984375,47.62763933692907,11,0.396875,0.04343497069974262,0.07803814616547759,151.18110236220474
11,4,1,1,ecg_only,2054.8359375,55.69066031208549,9,0.4384765625,0.03977619502815684,0.07269044414256152,136.83741648106906,2052.0927734375,48.87450234045145,9,0.4384765625,0.06553163699143601,0.1264218795520154,136.83741648106906
11,4,2,1,ecg_only,2059.6611328125,54.91528821709612,10,0.43359375,0.03927891439843322,0.07186863083193007,138.3783783783784,2056.2333984375,48.64394732242515,10,0.4379340277777778,0.05768815351976575,0.09867631311772757,137.00693756194252
11,4,3,1,ecg_only,2058.4658203125,54.77474116094901,10,0.4348958333333333,0.07057724079618569,0.08339180484456717,137.96407185628743,2057.064453125,47.57789404802064,10,0.4110243055555556,0.04475750339061376,0.08001855635008397,145.9767687434002
11,4,4,1,ecg_only,2057.1171875,54.15656500106745,9,0.427734375,0.041015625,0.058853590520778765,140.27397260273972,2056.61328125,46.75690184864047,9,0.427734375,0.06204054755573668,0.11222762787116765,140.27397260273972
11,4,5,1,ecg_only,2054.6982421875,49.239626096875426,9,0.46728515625,0.06973880265026618,0.10155176797693417,128.40125391849529,2054.8193359375,42.68845598705839,10,0.4327256944444444,0.06977460577815481,0.13399206200616537,138.65596790371114
11,4,6,1,ecg_only,2056.4775390625,49.24400625209414,9,0.48193359375,0.05258723323202147,0.06586240010634184,124.4984802431611,2056.58984375,42.652366288115665,9,0.46923828125,0.10181454415139733,0.19117264352332536,127.86680541103017
11,4,7,1,ecg_only,2058.7294921875,55.0546786916051,10,0.4344618055555556,0.025500747954111776,0.04742113493038665,138.1018981018981,2058.55078125,47.51331391715009,10,0.4288194444444444,0.062085697623076884,0.1228296694025791,139.91902834008098
11,4,8,1,ecg_only,2055.359375,55.05776219330363,9,0.4296875,0.025540423497308635,0.0394788083835357,139.63636363636363,2051.0859375,48.562966912773085,9,0.4296875,0.05836544061517162,0.11038674277244852,139.63636363636363
11,4,9,1,ecg_only,2053.8486328125,50.04690708012882,9,0.44970703125,0.07451210271853886,0.11722469647768645,133.42019543973942,2050.2080078125,44.2783354538361,10,0.4331597222222222,0.07149479670455477,0.10222701775548228,138.51703406813627
11,4,10,1,ecg_only,2057.4892578125,55.49788743371596,10,0.4292534722222222,0.04670993958276565,0.08739006766092615,139.77755308392315,2058.94921875,48.113669114292755,10,0.4292534722222222,0.06831768184010763,0.1152509257182182,139.77755308392315
11,5,1,1,ecg_only,2056.6240234375,54.456173686387025,10,0.4236111111111111,0.05987066701569577,0.12052537984798056,141.63934426229508,2059.3466796875,47.519875865334235,10,0.4153645833333333,0.06743233008450027,0.13227285817124035,144.45141065830722
11,5,2,1,ecg_only,2055.4384765625,54.723007437380836,9,0.43212890625,0.05923920210296471,0.11862033275384928,138.84745762711864,2057.8984375,47.64129311908519,9,0.43212890625,0.07666948589725266,0.1550104290666265,138.84745762711864
11,5,3,1,ecg_only,2061.396484375,50.136620256708376,9,0.4580078125,0.07973798760616214,0.10183043298284268,131.00213219616205,2063.7333984375,43.849643422659355,10,0.4231770833333333,0.05881036349289695,0.0878797736356769,141.7846153846154
11,5,4,1,ecg_only,2056.578125,51.23437023482747,10,0.4140625,0.058694935779086695,0.10047684466321861,144.9056603773585,2060.82421875,44.082645653671335,10,0.4166666666666667,0.0643181720584816,0.101703252827735,144.0
11,5,5,1,ecg_only,2049.599609375,55.18472034197883,9,0.44921875,0.04925593833171286,0.08405247965371099,133.56521739130434,2053.470703125,47.49789387902494,9,0.44921875,0.08464042453132989,0.16709046750295825,133.56521739130434
11,5,6,1,ecg_only,2056.4013671875,54.377173430754,10,0.4361979166666667,0.06518224484783243,0.12262763400267393,137.55223880597015,2057.08984375,47.94904658828563,10,0.4370659722222222,0.082483550607113,0.15911077400138657,137.27904667328698
11,5,7,1,ecg_only,2056.7373046875,49.616993361501564,9,0.47998046875,0.09519230502468719,0.10424220661281557,125.00508646998983,2055.3623046875,44.03277571168908,9,0.4423828125,0.08699083687770565,0.14603912987743095,135.6291390728477
11,5,8,1,ecg_only,2061.7197265625,55.84220725278266,10,0.4375,0.05298695299316616,0.08064774539868194,137.14285714285714,2058.822265625,48.6921296373135,10,0.4348958333333333,0.08572021140954578,0.17057726517198793,137.96407185628743
11,5,9,1,ecg_only,2060.2958984375,55.79040841109863,9,0.44775390625,0.05062843216929494,0.0792744679372941,134.0021810250818,2057.5556640625,48.684539655953884,9,0.44775390625,0.06415465634722295,0.1119943061471207,134.0021810250818
11,5,10,1,ecg_only,2051.0859375,49.22646206941033,9,0.46044921875,0.0819949115011716,0.08656930897666001,130.30752916224813,2050.654296875,43.51386745882702,9,0.4619140625,0.08814524749390473,0.14191343042676077,129.89429175475686
11,6,1,0,ecg_only,2057.30859375,53.872647900140024,10,0.4019097222222222,0.03524989670876207,0.06873501701081162,149.28725701943844,2060.765625,44.56276023328643,10,0.4118923611111111,0.05711713208473335,0.08819392113184091,145.6691253951528
11,6,2,0,ecg_only,2058.185546875,48.674347811318206,9,0.4755859375,0.10106832146141215,0.14385095688162428,126.16016427104722,2058.6845703125,40.773060914036655,10,0.4157986111111111,0.0703874771711235,0.12303912425985815,144.30062630480168
11,6,3,0,ecg_only,2057.201171875,54.30612159210699,9,0.431640625,0.02286074201312427,0.0409424836797436,139.00452488687782,2056.34375,45.50247889881935,9,0.431640625,0.06802372955964062,0.13477573396350614,139.00452488687782
11,6,4,0,ecg_only,2054.880859375,53.877804676522175,10,0.4318576388888889,0.03984081854987125,0.07212031420951857,138.93467336683418,2052.84375,45.646110270345055,10,0.4322916666666667,0.06929236820651079,0.12744795391465197,138.79518072289156
11,6,5,0,ecg_only,2058.263671875,49.62888453579562,10,0.4275173611111111,0.07623831039595068,0.08817229172106025,140.3451776649746,2055.6025390625,41.46759881359978,10,0.3980034722222222,0.047035476333833565,0.06666425064795317,150.752453653217
11,6,6,0,ecg_only,2065.3486328125,54.712391996462266,9,0.4228515625,0.04807029091499597,0.07614683081882002,141.89376443418013,2060.9736328125,45.73475975758398,9,0.4228515625,0.055544004299062005,0.10646642872956982,141.89376443418013
11,6,7,0,ecg_only,2060.8291015625,53.92211807006064,10,0.4392361111111111,0.0557957859427911,0.07020390920160714,136.600790513834,2057.2353515625,45.17913866575511,10,0.4370659722222222,0.07087555335561413,0.12504576798835246,137.27904667328698
11,6,8,0,ecg_only,2060.080078125,49.0380455933849,10,0.4270833333333333,0.050964546330158664,0.04530239650290313,140.4878048780488,2057.462890625,40.66681249519425,10,0.4088541666666667,0.06479091304492046,0.11617400279658634,146.7515923566879
11,6,9,0,ecg_only,2063.296875,54.08435026289375,9,0.4296875,0.03777163985510491,0.05666467315843078,139.63636363636363,2057.3642578125,45.63703963403556,9,0.4296875,0.07149611413173096,0.132828911801113,139.63636363636363
11,6,10,0,ecg_only,2060.8857421875,54.18382008694831,10,0.41015625,0.04555431167847891,0.06960363156720883,146.28571428571428,2056.486328125,45.50740204851112,10,0.44140625,0.08064511753751054,0.12601062402894472,135.92920353982302
11,7,1,0,ecg_only,2051.87109375,48.504016670567715,9,0.46875,0.07516359923786663,0.10126157341262282,128.0,2047.33984375,42.25947256947945,9,0.44873046875,0.07555432508750715,0.13467865659151285,133.71055495103374
11,7,2,0,ecg_only,2052.783203125,48.61696462259846,10,0.4322916666666667,0.031304206458779446,0.04652784863113905,138.79518072289156,2052.466796875,41.518031557715865,10,0.4279513888888889,0.07639382086351319,0.14447185223726866,140.20283975659228
11,7,3,0,ecg_only,2053.87890625,53.74185062108218,9,0.4609375,0.02713367966689415,0.04852023464125928,130.16949152542372,2051.9853515625,46.31881262090792,9,0.4609375,0.1056494401273322,0.21049784704478824,130.16949152542372
11,7,4,0,ecg_only,2052.642578125,54.2985740165271,9,0.4541015625,0.03600060271712258,0.05942490853559882,132.1290322580645,2049.1025390625,47.06275142486,9,0.4541015625,0.08281226967833537,0.14835670968699657,132.1290322580645
11,7,5,0,ecg_only,2050.65234375,49.77225705784133,8,0.49107142857142855,0.08708933560222948,0.12415280941096507,122.18181818181819,2048.3994140625,43.0189552112691,8,0.4838169642857143,0.1036955892561792,0.20092837710951778,124.01384083044982
11,7,6,0,ecg_only,2051.5576171875,48.960927906951525,9,0.4814453125,0.09813845791221054,0.1135503269824112,124.62474645030426,2050.701171875,42.5245397741317,9,0.44384765625,0.0982392267042659,0.18875140432306342,135.18151815181517
11,7,7,0,ecg_only,2049.5888671875,49.50007805673629,9,0.4794921875,0.07525869893332411,0.13950446421428342,125.13238289205702,2048.9033203125,42.58738063059907,9,0.46435546875,0.1087004432451604,0.1694288696786364,129.21135646687696
11,7,8,0,ecg_only,2051.0517578125,49.7601302582333,9,0.48828125,0.06585826289096627,0.12401959270615269,122.88,2049.3330078125,42.69378436007183,9,0.482421875,0.0853808320093531,0.17150045431856212,124.37246963562752
11,7,9,0,ecg_only,2054.185546875,49.67327573612574,9,0.46826171875,0.09650567317750981,0.17787689291922718,128.13347236704902,2051.6796875,42.50097583323639,9,0.48291015625,0.08646715111558781,0.15673056678139102,124.24671385237613
11,7,10,0,ecg_only,2051.9912109375,50.18495986039922,9,0.4833984375,0.10842482786861984,0.20950655515230476,124.12121212121212,2051.1826171875,42.4842209976284,9,0.4921875,0.0992256702803167,0.20153048610658672,121.9047619047619
11,8,1,1,ecg_only,2057.6220703125,54.87541590470004,10,0.4231770833333333,0.048475287679651785,0.0656552199764516,141.7846153846154,2054.5556640625,45.532148961059875,10,0.4253472222222222,0.06686282087379067,0.12956301678095802,141.06122448979593
11,8,2,1,ecg_only,2060.541015625,50.179660398596816,10,0.4348958333333333,0.08079214613275297,0.09201478457864631,137.96407185628743,2054.150390625,42.32464790355511,10,0.4283854166666667,0.0782984186373589,0.10612678114763405,140.06079027355622
11,8,3,1,ecg_only,2068.236328125,55.82478875591321,10,0.4188368055555556,0.038791498214417235,0.07048860325241636,143.2538860103627,2062.0205078125,46.235709039303444,10,0.4188368055555556,0.06546197969132941,0.11544108842808498,143.2538860103627
11,8,4,1,ecg_only,2062.7919921875,56.54967650161616,10,0.4240451388888889,0.0328946099331535,0.06502762427572849,141.49437052200614,2057.2548828125,46.36647575365624,10,0.4279513888888889,0.05299050809082477,0.0851011325352904,140.20283975659228
11,8,5,1,ecg_only,2061.6240234375,55.64306456165001,10,0.4327256944444444,0.06036887976832951,0.07343074686370102,138.65596790371114,2059.9521484375,45.58579924757782,10,0.4197048611111111,0.05791303404208656,0.10373649785069923,142.95760082730092
11,8,6,1,ecg_only,2060.9365234375,56.16407390217089,10,0.4071180555555556,0.04364515656241852,0.08295609602185665,147.3773987206823,2059.990234375,46.171469460399116,10,0.4071180555555556,0.05165112916948694,0.08688662663880947,147.3773987206823
11,8,7,1,ecg_only,2052.23828125,50.44841753138446,9,0.44921875,0.06132936901604524,0.1005703600541858,133.56521739130434,2053.4267578125,41.886151813063115,9,0.443359375,0.04863242030464349,0.09499728320833331,135.33039647577093
11,8,8,1,ecg_only,2052.26171875,55.878179609046846,10,0.4401041666666667,0.062037131508185385,0.10244135970268246,136.33136094674555,2055.3876953125,45.336298545229354,10,0.4231770833333333,0.061239458418254414,0.1035432598725724,141.7846153846154
11,8,9,1,ecg_only,2056.3876953125,55.830038930956924,9,0.4375,0.054757210034672606,0.08994074732919406,137.14285714285714,2054.2197265625,45.78701501163001,9,0.4375,0.0658292951029403,0.10725179311375671,137.14285714285714
11,8,10,1,ecg_only,2059.1064453125,50.205217504836554,9,0.45703125,0.07696898630952356,0.097868073840411,131.28205128205127,2052.4814453125,41.515406207799195,10,0.4322916666666667,0.059668954361404174,0.10544161977447075,138.79518072289156
11,9,1,0,ecg_only,2064.2109375,50.619583405250324,10,0.4275173611111111,0.06606353330014045,0.11247863566671366,140.3451776649746,2059.1220703125,40.7038146679928,10,0.42578125,0.06875197282522962,0.11727698406426956,140.91743119266056
11,9,2,0,ecg_only,2066.525390625,55.471376168850924,9,0.43212890625,0.08002898406455797,0.15378212906533084,138.84745762711864,2058.755859375,45.122283557907664,9,0.43212890625,0.08334461771538713,0.15999965122729845,138.84745762711864
11,9,3,0,ecg_only,2059.1806640625,56.04413349815501,10,0.4279513888888889,0.053468276369564215,0.09169292651801174,140.20283975659228,2053.0712890625,45.073917111862684,10,0.4409722222222222,0.09040705887466577,0.16090478657204974,136.06299212598427
11,9,4,0,ecg_only,2057.986328125,54.90248643007741,10,0.4027777777777778,0.04351547867879959,0.05717687956368925,148.9655172413793,2052.939453125,44.85286542909971,10,0.3910590277777778,0.045046981754615,0.08200799521569146,153.4295227524972
11,9,5,0,ecg_only,2058.4140625,56.53855188383493,10,0.41796875,0.0808760424649455,0.09025677819832806,143.55140186915887,2052.83203125,45.584668704225805,10,0.41796875,0.08773375274959905,0.11922064423462385,143.55140186915887
11,9,6,0,ecg_only,2053.814453125,57.08254325301368,10,0.4370659722222222,0.02884897457965949,0.04031204578232479,137.27904667328698,2051.05078125,45.600500264686225,10,0.4370659722222222,0.07039550570303994,0.13905646493224658,137.27904667328698
11,9,7,0,ecg_only,2055.693359375,56.04929222592467,10,0.4192708333333333,0.052115875250493486,0.09001342673283526,143.10559006211182,2052.6044921875,45.95712611508417,10,0.4188368055555556,0.06243968926511959,0.10672715697120508,143.2538860103627
11,9,8,0,ecg_only,2059.5966796875,51.10752326505389,9,0.46728515625,0.09635732834586141,0.1307864768967438,128.40125391849529,2060.162109375,42.311289331873795,10,0.4344618055555556,0.09338357531854674,0.12224596736942261,138.1018981018981
11,9,9,0,ecg_only,2058.3154296875,56.87154107108179,10,0.42578125,0.04186962289274356,0.07730280244985664,140.91743119266056,2065.908203125,44.4219312905657,10,0.4192708333333333,0.048264981752215205,0.06980885156508405,143.10559006211182
11,9,10,0,ecg_only,2049.490234375,57.09281695960157,9,0.455078125,0.04960322304375115,0.09936013548419456,131.84549356223175,2059.7353515625,44.39483799826314,9,0.455078125,0.09530369452153009,0.18034743912854215,131.84549356223175
11,10,1,1,ecg_only,2057.1298828125,62.083610816523205,10,0.4370659722222222,0.13421497613408437,0.16795739423823197,137.27904667328698,2061.2373046875,51.57503005862227,10,0.4314236111111111,0.13717200550875244,0.16854122103650657,139.07444668008048
11,10,2,1,ecg_only,2052.4765625,60.422207843503976,11,0.362890625,0.014453124999999999,0.02340130306720238,165.33907427341225,2059.4853515625,49.80520433823436,11,0.3625,0.013395647030845507,0.020669932117692115,165.51724137931035
11,10,3,1,ecg_only,2029.669921875,68.01505199903471,11,0.36796875,0.013395647030845507,0.02111624315133705,163.05732484076432,2041.7802734375,56.58567862034732,11,0.36796875,0.012451076133210335,0.022020227246468443,163.05732484076432
11,10,4,1,ecg_only,1996.0078125,59.708323735806246,11,0.39609375,0.03836088655372162,0.052504805087645705,151.47928994082838,2011.65625,49.602984332472374,11,0.38515625,0.028768675999253077,0.029520270960298526,155.78093306288034
11,10,5,1,ecg_only,2020.455078125,63.71912498045737,10,0.3897569444444444,0.045990563121352794,0.04632242666262274,153.9420935412027,2033.1943359375,53.563086409680466,11,0.372265625,0.023570585689914984,0.042372760664773385,161.17523609653725
11,10,6,1,ecg_only,2055.4189453125,59.243367842000964,9,0.44091796875,0.14146932807334056,0.1303189634188459,136.0797342192691,2067.6083984375,49.39107696896017,9,0.44091796875,0.14175217609652624,0.13287813504230644,136.0797342192691
11,10,7,1,ecg_only,2058.5927734375,60.05992439297018,8,0.5524553571428571,0.1558289128234791,0.18012571112946602,108.60606060606061,2070.9013671875,50.12204867875812,8,0.5485491071428571,0.15964308497606783,0.1875339053546107,109.37945066124111
11,10,8,1,ecg_only,2061.734375,55.48977374466736,9,0.47998046875,0.14564129128419837,0.2589977153292263,125.00508646998983,2071.8896484375,45.76938338392985,9,0.47509765625,0.14788313293019262,0.2649882401892885,126.28982528263104
11,10,9,1,ecg_only,2067.5947265625,53.94536453675475,11,0.379296875,0.0251005059787771,0.03407878210495417,158.18743563336767,2076.2958984375,43.90627605396733,11,0.378125,0.027554987638356874,0.037737960276535,158.67768595041323
11,10,10,1,ecg_only,2065.3642578125,59.067287602221356,11,0.36328125,0.013643944684822641,0.01518477055949297,165.16129032258064,2073.427734375,48.06778917117411,11,0.36328125,0.013189017981354792,0.013531646934131853,165.16129032258064
11,11,1,0,ecg_only,2052.3359375,60.11574478450794,7,0.6438802083333334,0.10340911055632548,0.1314498107049797,93.18503538928209,2058.3544921875,49.749865728225856,8,0.5440848214285714,0.1658558748951779,0.24498551721649453,110.27692307692308
11,11,2,0,ecg_only,2047.583984375,60.01618252917088,9,0.4697265625,0.13905303579978653,0.13546941938374743,127.73388773388774,2053.71875,47.62031432001998,10,0.4171006944444444,0.10741639471149811,0.1790068630842125,143.85015608740895
11,11,3,0,ecg_only,2044.482421875,54.40455091037441,10,0.4088541666666667,0.044040454492936885,0.06670715374194557,146.7515923566879,2049.935546875,42.43816441506015,10,0.4088541666666667,0.04555431167847891,0.06840121487436508,146.7515923566879
11,11,4,0,ecg_only,2052.41015625,54.744093345543554,10,0.3953993055555556,0.05396276280439156,0.0630469234045663,151.74533479692644,2057.5625,43.42396371820518,10,0.3845486111111111,0.024506239953981084,0.035074775382945254,156.0270880361174
11,11,5,0,ecg_only,2056.1181640625,59.46725318456229,11,0.365625,0.015047937722076736,0.01742068770867142,164.10256410256412,2064.0791015625,47.238368616044625,10,0.40625,0.10719871074350402,0.12662216475570884,147.69230769230768
11,11,6,0,ecg_only,2053.369140625,58.60912685601087,11,0.39140625,0.10664563289523393,0.16501048867125925,153.29341317365268,2061.0048828125,47.51966056508235,10,0.4353298611111111,0.14644948787234113,0.18003215078808232,137.82652043868396
11,11,7,0,ecg_only,2054.751953125,54.698257835581956,11,0.376953125,0.034065098094723356,0.0412372073492529,159.17098445595855,2058.0390625,43.63192143226211,11,0.38125,0.048826562474999204,0.0506642616102701,157.37704918032787
11,11,8,0,ecg_only,2054.0927734375,54.211789777702364,10,0.3806423611111111,0.026307955660923157,0.028804455476079346,157.62827822120866,2057.205078125,43.11321095195354,10,0.3771701388888889,0.01860759644984897,0.029361906989009586,159.0794016110472
11,11,9,0,ecg_only,2053.75390625,59.15490443839979,11,0.371875,0.009043622580304863,0.014959798558692783,161.34453781512605,2059.986328125,47.13566905704038,11,0.371875,0.01129440023031325,0.018042195912175804,161.34453781512605
11,11,10,0,ecg_only,2056.3818359375,55.66990552358009,10,0.4279513888888889,0.11057917101473992,0.1275750989958035,140.20283975659228,2065.185546875,44.22440054548142,10,0.42578125,0.11376662061876448,0.1259576354483299,140.91743119266056
11,12,1,0,ecg_only,2051.6220703125,59.10424071683695,11,0.36328125,0.0113213880829605,0.015406457768488584,165.16129032258064,2051.9033203125,47.46025710634662,11,0.36328125,0.012103072956898178,0.018414239093399676,165.16129032258064
11,12,2,0,ecg_only,2046.3525390625,54.68496184644286,10,0.40625,0.09049244975986487,0.09433816152916658,147.69230769230768,2049.3544921875,43.55748176951351,10,0.40625,0.09034244145157112,0.10566749214628109,147.69230769230768
11,12,3,0,ecg_only,2050.6162109375,54.5268369534031,11,0.38671875,0.03030806990823566,0.043634364791968853,155.15151515151516,2055.2001953125,42.48988804291385,11,0.385546875,0.03010854792584865,0.047163464261132375,155.62310030395136
11,12,4,0,ecg_only,2054.1533203125,59.53339832664749,11,0.38671875,0.03129879003751583,0.055579286381283975,155.15151515151516,2058.595703125,46.61262634374795,11,0.38671875,0.02811414721163528,0.047983140033042396,155.15151515151516
11,12,5,0,ecg_only,2052.873046875,54.43679584875521,11,0.392578125,0.06371499690087197,0.07584565562088906,152.83582089552237,2058.224609375,43.432872278709155,11,0.391796875,0.06284208142053878,0.0723447624119224,153.1405782652044
11,12,6,0,ecg_only,2054.2978515625,54.947152835785914,11,0.380078125,0.04363999842908596,0.05333775819860428,157.8622816032888,2057.0166015625,43.10919907282693,11,0.36640625,0.014384337999626538,0.025415652729092623,163.75266524520256
11,12,7,0,ecg_only,2053.6884765625,59.654094251445876,11,0.3828125,0.025793084405029965,0.049820641848200495,156.73469387755102,2058.759765625,45.99977605184691,11,0.3828125,0.027510651346342202,0.048141879029521224,156.73469387755102
11,12,8,0,ecg_only,2052.220703125,54.78787325454069,11,0.387890625,0.03090878165187242,0.058622678044220985,154.68277945619334,2059.7294921875,41.60589920865642,11,0.387890625,0.024770060722637016,0.04398267123451702,154.68277945619334
11,12,9,0,ecg_only,2053.4453125,55.01481456641787,10,0.38671875,0.054718493201694515,0.047401019919967174,155.15151515151516,2058.6923828125,42.50671018472795,10,0.37109375,0.01877891289304161,0.022482157096135425,161.68421052631578
11,12,10,0,ecg_only,2051.91796875,59.125207364321554,11,0.360546875,0.01185468039491681,0.0234375,166.41386782231854,2057.037109375,46.55168278128394,11,0.360546875,0.007624695818727787,0.010578175006036406,166.41386782231854
11,13,1,1,ecg_only,2046.111328125,54.24466517362407,11,0.39140625,0.07267724830973583,0.08059254232001971,153.29341317365268,2053.4736328125,44.57119138688603,10,0.4227430555555556,0.11910721836086838,0.18504764252722275,141.93018480492813
11,13,2,1,ecg_only,2049.857421875,55.52894782433998,10,0.4149305555555556,0.10840620323436918,0.1795653881952068,144.60251046025104,2054.896484375,45.25503929277248,11,0.362890625,0.021569433894185194,0.025943826621316765,165.33907427341225
11,13,3,1,ecg_only,2057.330078125,58.902697452505485,10,0.4058159722222222,0.10614086965459606,0.12502288608850157,147.85026737967914,2059.607421875,47.506045910397255,11,0.365234375,0.02176661205586724,0.03278562060420357,164.27807486631016
11,13,4,1,ecg_only,2053.5439453125,59.8776586575453,11,0.36953125,0.01564451905820374,0.0244639247761145,162.3678646934461,2057.1630859375,47.82797711762949,11,0.36953125,0.023122888417107412,0.03719493973199401,162.3678646934461
11,13,5,1,ecg_only,2052.544921875,59.53622792174649,10,0.4401041666666667,0.12827999178906574,0.12321726793427738,136.33136094674555,2055.9345703125,48.77465939033807,10,0.4396701388888889,0.12737957370270203,0.12110162524795162,136.4659427443238
11,13,6,1,ecg_only,2052.4638671875,60.370540912309714,7,0.634765625,0.07827946968617606,0.10231094416959996,94.52307692307693,2054.359375,50.435851796954665,7,0.62109375,0.1068581325017934,0.13511334217750295,96.60377358490567
11,13,7,1,ecg_only,2049.09375,56.21053302929532,7,0.6100260416666666,0.09740636432037102,0.12581521280607327,98.35645677694771,2052.310546875,47.02761869384232,7,0.6048177083333334,0.10800426094848996,0.138206194320072,99.20344456404736
11,13,8,1,ecg_only,2050.6015625,54.159139037733915,9,0.45556640625,0.13758011997905856,0.1625340688016065,131.70418006430867,2055.7255859375,44.10281721142996,9,0.44677734375,0.14206802882366876,0.18521322209688199,134.29508196721312
11,13,9,1,ecg_only,2054.76953125,59.39946543135109,12,0.359375,0.009712211882938453,0.013755325673171101,166.95652173913044,2058.4248046875,47.55851874312296,12,0.359375,0.010401859741389779,0.015078327395014674,166.95652173913044
11,13,10,1,ecg_only,2056.61328125,60.11418869936946,9,0.47216796875,0.1500025113213441,0.1636500981719731,127.07342295760083,2058.4130859375,49.61142234602572,9,0.47216796875,0.15002794005531506,0.16595160267621273,127.07342295760083
11,14,1,0,ecg_only,2052.0439453125,53.63855654747813,10,0.3836805555555556,0.033992993488196656,0.044943099605483795,156.38009049773754,2057.60546875,44.29191836659114,10,0.3784722222222222,0.022735765371022214,0.03371616504225013,158.53211009174314
11,14,2,0,ecg_only,2051.73046875,57.91812655943969,11,0.38125,0.022723499331639044,0.041524007080994726,157.37704918032787,2059.0,47.05272557859959,11,0.38125,0.027018150727797785,0.04643894401074742,157.37704918032787
11,14,3,0,ecg_only,2050.75,53.16816261283626,11,0.390625,0.026028642576496376,0.047681857873959774,153.6,2058.72265625,43.147743486123765,11,0.390625,0.025674494883054663,0.04221240905585241,153.6
11,14,4,0,ecg_only,2055.97265625,53.04596358177817,10,0.4027777777777778,0.044478848175197656,0.060357566954540795,148.9655172413793,2063.166015625,43.35547310533303,11,0.38515625,0.02876867599925308,0.04640242104480589,155.78093306288034
11,14,5,0,ecg_only,2063.2646484375,52.96917662322144,10,0.4045138888888889,0.07074785913880197,0.09135949659005078,148.3261802575107,2069.1494140625,43.12029117915865,10,0.4040798611111111,0.07301219354366159,0.09380084884031734,148.48549946294307
11,14,6,0,ecg_only,2062.7060546875,53.92683956844457,11,0.3859375,0.03959789342960683,0.048684685145416455,155.46558704453443,2065.904296875,43.96579171255608,11,0.37890625,0.020521758650880777,0.028108116074118363,158.35051546391753
11,14,7,0,ecg_only,2056.5107421875,58.729949053744356,11,0.380859375,0.02259217772018946,0.0320799088405076,157.53846153846155,2060.2568359375,47.21060539607291,11,0.38046875,0.018087245160609725,0.028108116074118363,157.700205338809
11,14,8,0,ecg_only,2052.00390625,53.808670598856196,11,0.384375,0.03424157343876739,0.061280972009115066,156.09756097560975,2055.25,43.047212453305264,11,0.39765625,0.05298119322870616,0.07686704241221584,150.88408644400786
11,14,9,0,ecg_only,2053.763671875,53.546989518714625,10,0.3927951388888889,0.0552461272192338,0.05810341711188874,152.75138121546962,2055.369140625,43.26923868580281,10,0.3754340277777778,0.02534514118169519,0.03726325005534944,159.8150289017341
11,14,10,0,ecg_only,2054.96484375,58.78588277841956,11,0.363671875,0.01335571952912403,0.01953125,164.98388829215898,2058.5595703125,47.79744826612472,11,0.363671875,0.012033532656835438,0.01652158533912698,164.98388829215898
11,15,1,0,ecg_only,2051.0771484375,53.5676312564882,10,0.3967013888888889,0.03465162093092374,0.04925593833171286,151.2472647702407,2054.5068359375,41.90008521196536,10,0.4118923611111111,0.06195813037807054,0.09043622580304864,145.6691253951528
11,15,2,0,ecg_only,2049.484375,54.06228097860259,10,0.4214409722222222,0.05583628615567972,0.060056608834069526,142.3686920700309,2052.966796875,42.45826157154212,10,0.3997395833333333,0.04182911042762763,0.0737159158858032,150.09771986970685
11,15,3,0,ecg_only,2054.900390625,53.48104804365199,10,0.4010416666666667,0.034053897996411515,0.06734742050611979,149.6103896103896,2057.9189453125,42.6567682255716,10,0.4010416666666667,0.03755782578608322,0.06935656603345587,149.6103896103896
11,15,4,0,ecg_only,2052.6494140625,53.99321010958625,10,0.40625,0.056426949687553254,0.06007248632511601,147.69230769230768,2055.94140625,43.330291308707594,10,0.3841145833333333,0.021076059969060736,0.03891573993197515,156.20338983050848
11,15,5,0,ecg_only,2054.79296875,58.09950809762957,10,0.4045138888888889,0.09665478006021044,0.11703277546152002,148.3261802575107,2058.3876953125,46.80445822282494,10,0.4045138888888889,0.09621525584926974,0.11494435166415176,148.3261802575107
11,15,6,0,ecg_only,2058.08203125,59.81115389498035,9,0.48681640625,0.14727569464702805,0.16994913317902968,123.24974924774322,2060.271484375,47.64042285689885,9,0.4794921875,0.151650440619659,0.16416875810699444,125.13238289205702
11,15,7,0,ecg_only,2051.869140625,57.52640753014197,9,0.4775390625,0.13473377680742482,0.19675250405410982,125.6441717791411,2053.08203125,46.34735435004919,9,0.4736328125,0.13718878465194356,0.2002772997403716,126.68041237113403
11,15,8,0,ecg_only,2052.6318359375,53.75801359365489,10,0.4127604166666667,0.10047157147843973,0.13421251986413657,145.3627760252366,2053.5,44.450793546066194,10,0.4071180555555556,0.09824954805541924,0.14511731893500104,147.3773987206823
11,15,9,0,ecg_only,2054.0546875,57.27553791674369,11,0.37265625,0.020462188833919995,0.03410364805653332,161.0062893081761,2054.6689453125,46.89783581740616,11,0.37265625,0.02090482525040571,0.03568278543240813,161.0062893081761
11,15,10,0,ecg_only,2052.064453125,53.18599206600059,10,0.4053819444444444,0.07102689206363415,0.08658976542055036,148.00856531049251,2055.4462890625,43.53569214030245,10,0.4053819444444444,0.07258522555682942,0.0930864374593162,148.00856531049251
11,16,1,0,ecg_only,2051.4189453125,52.84888976021762,11,0.3890625,0.041641431160113845,0.08052940675034494,154.21686746987953,2054.9697265625,40.953098906938436,11,0.387109375,0.031027036628610297,0.04837024901303831,154.9949545913219
11,16,2,0,ecg_only,2053.4345703125,49.03119638511785,9,0.46728515625,0.09264356658223574,0.11820613828068381,128.40125391849529,2055.8681640625,38.0527902504939,9,0.46533203125,0.1000762172162764,0.15597073257391225,128.9401888772298
11,16,3,0,ecg_only,2056.513671875,53.83173117994473,10,0.4127604166666667,0.03200053574855341,0.059369859974885406,145.3627760252366,2058.4306640625,42.197534421785484,10,0.4088541666666667,0.04235274991481925,0.07800283417076508,146.7515923566879
11,16,4,0,ecg_only,2054.5087890625,53.56929945992742,10,0.4240451388888889,0.07777942474074712,0.11228345587347507,141.49437052200614,2053.8564453125,41.79953434835365,10,0.4240451388888889,0.07914077305584362,0.10431406400958268,141.49437052200614
11,16,5,0,ecg_only,2052.0009765625,53.77616549744715,10,0.4032118055555556,0.053994172014180504,0.06782716935228647,148.80516684607105,2052.0673828125,41.61306077115789,10,0.3997395833333333,0.044117381109628685,0.06351411149026992,150.09771986970685
11,16,6,0,ecg_only,2052.052734375,53.591655866008594,10,0.4292534722222222,0.09074398850952764,0.11946836325712316,139.77755308392315,2055.40234375,41.70616891728172,10,0.4296875,0.09135021727494991,0.11405313531762838,139.63636363636363
11,16,7,0,ecg_only,2055.4619140625,53.823446500678166,10,0.4105902777777778,0.032705080266986986,0.04964166026226107,146.1310782241015,2058.1259765625,41.376660996486905,10,0.3988715277777778,0.03539389416297763,0.07006793404160976,150.42437431991294
11,16,8,0,ecg_only,2053.9873046875,54.99752156135347,10,0.4205729166666667,0.08282314528015235,0.1133738172442096,142.6625386996904,2055.3681640625,41.99988609253106,10,0.4205729166666667,0.08208290371080461,0.10130865211404237,142.6625386996904
11,16,9,0,ecg_only,2044.9453125,54.71594740020814,11,0.388671875,0.04329598406697929,0.06551950846567252,154.3718592964824,2049.857421875,42.61027952828134,11,0.395703125,0.04402293491838232,0.06368239198248689,151.62882527147087
11,16,10,0,ecg_only,2047.431640625,58.631589572054494,10,0.4075520833333333,0.10582982175112551,0.1702022650705808,147.22044728434506,2050.62109375,46.23993750729677,11,0.366796875,0.02366104331391845,0.02876396098225849,163.57827476038338
11,17,1,0,ecg_only,2046.802734375,54.037766672006285,11,0.3953125,0.02554341050667471,0.042731351774536304,151.77865612648222,2049.5126953125,43.09618415624567,11,0.3875,0.027720617186265895,0.04660294314628459,154.83870967741936
11,17,2,0,ecg_only,2049.26953125,57.4555331574364,11,0.391015625,0.030280367150442956,0.04653012600313968,153.44655344655345,2053.0498046875,46.17232138067787,11,0.391015625,0.03170806855246981,0.05425173608333245,153.44655344655345
11,17,3,0,ecg_only,2045.994140625,54.25716366912045,10,0.3958333333333333,0.037422155893749774,0.04428040644044779,151.57894736842107,2050.376953125,43.05195916089711,11,0.39453125,0.051998629038417926,0.08614440055741193,152.07920792079207
11,17,4,0,ecg_only,2045.046875,54.79603292766161,10,0.4210069444444444,0.047833720730541845,0.08531378776500607,142.51546391752578,2049.0205078125,43.36104523062292,10,0.4192708333333333,0.04916981142838335,0.08669983253682825,143.10559006211182
11,17,5,0,ecg_only,2042.8515625,54.30030283694184,10,0.4079861111111111,0.05016354786624767,0.08639129122889247,147.06382978723406,2044.3525390625,43.121554814812875,10,0.4105902777777778,0.03301465322176495,0.056892623686052766,146.1310782241015
11,17,6,0,ecg_only,2047.833984375,55.15461025664361,10,0.4123263888888889,0.0640834334211519,0.0646156804284112,145.5157894736842,2048.150390625,44.00014248738193,10,0.4088541666666667,0.050294812280802,0.04983340164911357,146.7515923566879
11,17,7,0,ecg_only,2051.9072265625,54.50080800113696,11,0.395703125,0.023440754982308593,0.024324924078475786,151.62882527147087,2052.7998046875,43.00887853425561,11,0.388671875,0.03735527084315713,0.06256778008715606,154.3718592964824
11,17,8,0,ecg_only,2051.5517578125,54.81115713181802,10,0.421875,0.05406390492715285,0.09136993469309428,142.22222222222223,2053.6923828125,43.25474256631814,10,0.4184027777777778,0.052195336746186816,0.08093105216836195,143.40248962655602
11,17,9,0,ecg_only,2055.3486328125,54.343494267709254,9,0.41357421875,0.044471137984623925,0.08277195351725426,145.07674144037782,2057.8798828125,42.728478519001435,9,0.41357421875,0.03145910872625901,0.05396525626668117,145.07674144037782
11,17,10,0,ecg_only,2053.2353515625,54.36580633729742,10,0.4123263888888889,0.06413632452106206,0.06840121487436508,145.5157894736842,2054.583984375,42.660162107049665,10,0.4071180555555556,0.05109006586653528,0.0643049907545091,147.3773987206823
11,18,1,0,ecg_only,2046.359375,52.88301274614916,10,0.4140625,0.10925092168439078,0.18070892601745717,144.9056603773585,2053.3017578125,40.32029668833174,10,0.4240451388888889,0.11261494524337438,0.1850012536908534,141.49437052200614
11,18,2,0,ecg_only,2047.1171875,53.18994135022,10,0.4140625,0.04138085568247579,0.07133586862402216,144.9056603773585,2053.1220703125,40.09592673858912,10,0.41015625,0.037917239006669365,0.06887362375978694,146.28571428571428
11,18,3,0,ecg_only,2050.0400390625,53.44800114654405,10,0.4240451388888889,0.033100131883572255,0.06346905003621844,141.49437052200614,2052.708984375,40.536433233339686,10,0.4244791666666667,0.0643445265656554,0.12176132769829492,141.34969325153372
11,18,4,0,ecg_only,2049.173828125,49.22049658204353,10,0.4292534722222222,0.0757549452405258,0.06569878199825845,139.77755308392315,2053.234375,36.9054131731969,10,0.4270833333333333,0.07527348142080538,0.10113906622949136,140.4878048780488
11,18,5,0,ecg_only,2054.47265625,53.94220028020118,10,0.4110243055555556,0.03487920243552854,0.06406726354240909,145.9767687434002,2057.1669921875,40.7758311095165,10,0.4092881944444444,0.05880395678624982,0.09532370579619086,146.59597030752917
11,18,6,0,ecg_only,2056.185546875,54.16349621615261,10,0.4305555555555556,0.0814146339223192,0.0920873065166116,139.3548387096774,2057.2646484375,40.64284800573194,10,0.4305555555555556,0.08895769635039531,0.10923540198523096,139.3548387096774
11,18,7,0,ecg_only,2056.962890625,53.90626440075668,11,0.380078125,0.03383137253464786,0.05159274155249727,157.8622816032888,2058.8330078125,40.35277111979813,11,0.39453125,0.03714020101251473,0.05436100454465652,152.07920792079207
11,18,8,0,ecg_only,2055.2392578125,57.56974694673981,11,0.390234375,0.02691913617815633,0.03949414293776849,153.75375375375376,2058.189453125,42.470523395802736,11,0.390234375,0.021989793664121203,0.031141304018493226,153.75375375375376
11,18,9,0,ecg_only,2050.7216796875,53.90928142482656,10,0.4071180555555556,0.02827516922726099,0.05122998847110938,147.3773987206823,2053.6728515625,39.69686657769529,10,0.4066840277777778,0.024251241397046864,0.03598735502478179,147.53468516542156
11,18,10,0,ecg_only,2054.77734375,54.157081593216745,9,0.45068359375,0.12042940083437743,0.1458673761817624,133.1310942578548,2056.4306640625,41.41985716450228,10,0.3975694444444444,0.06351652128446776,0.04825839492424155,150.9170305676856
12,1,1,0,ecg_only,2085.0625,47.3253161307455,10,0.4201388888888889,0.04537199425476382,0.080872111768607,142.8099173553719,2083.0,30.627008862685237,10,0.4205729166666667,0.042869993836339396,0.07341775831723633,142.6625386996904
12,1,2,0,ecg_only,2070.6904296875,48.552754675034855,10,0.4227430555555556,0.06844990973512612,0.10127099090377664,141.93018480492813,2073.701171875,32.74556504134123,10,0.4240451388888889,0.06079798150730544,0.07773339352395468,141.49437052200614
12,1,3,0,ecg_only,2084.4560546875,49.98884663161883,10,0.4058159722222222,0.04374862211234081,0.08473051548235884,147.85026737967914,2082.9296875,33.60604335387229,10,0.4040798611111111,0.03988335072104216,0.0777824521552339,148.48549946294307
12,1,4,0,ecg_only,2105.1845703125,43.58477860431602,10,0.4118923611111111,0.07193609437145033,0.09558347111907935,145.6691253951528,2101.548828125,27.829621811825056,10,0.4097222222222222,0.06786951079649958,0.09287104240600579,146.4406779661017
12,1,5,0,ecg_only,2098.9423828125,45.255908632986305,10,0.4045138888888889,0.04412165087795319,0.08426778126876806,148.3261802575107,2098.7724609375,29.63584294250016,10,0.4045138888888889,0.03884972916770876,0.06452706459641325,148.3261802575107
12,1,6,0,ecg_only,2085.970703125,45.63753168109681,10,0.4210069444444444,0.061316313269433015,0.08721528735064886,142.51546391752578,2084.068359375,31.01356203535559,10,0.4210069444444444,0.053931335302114816,0.07314446605888283,142.51546391752578
12,1,7,0,ecg_only,2081.2587890625,43.90889027758081,11,0.3953125,0.036047724984560395,0.06640625,151.77865612648222,2074.9443359375,27.951790024516246,11,0.39453125,0.04185342261243398,0.07643572979916236,152.07920792079207
12,1,8,0,ecg_only,2083.6748046875,42.92240352742642,10,0.4114583333333333,0.06458123316477732,0.08996043713223852,145.8227848101266,2073.396484375,27.02695101912868,10,0.4118923611111111,0.06703165243843048,0.10179697992607793,145.6691253951528
12,1,9,0,ecg_only,2080.810546875,44.946335689224185,10,0.4079861111111111,0.06606353330014045,0.0950030195860571,147.06382978723406,2070.71875,27.983306267978772,10,0.4071180555555556,0.061812016867315106,0.08875443568360752,147.3773987206823
12,1,10,0,ecg_only,2062.880859375,46.68452409403436,10,0.3923611111111111,0.049790383332291625,0.05061194734316382,152.9203539823009,2060.7919921875,29.193198960758632,10,0.3919270833333333,0.05009214599393579,0.05896691070097863,153.08970099667775
12,2,1,0,ecg_only,2108.7666015625,48.55967673756563,11,0.391015625,0.02872886876280765,0.05190398809373632,153.44655344655345,2108.3828125,38.493175347583936,11,0.39296875,0.031014739439498763,0.05717317291692747,152.68389662027835
12,2,2,0,ecg_only,2090.1044921875,46.831707292658585,10,0.4079861111111111,0.05515398486675372,0.07473096277230075,147.06382978723406,2091.2490234375,35.79042593893059,10,0.4079861111111111,0.057883751346522,0.0853026086012596,147.06382978723406
12,2,3,0,ecg_only,2104.7373046875,47.28427922137854,10,0.4136284722222222,0.03855769499047363,0.0742315983944527,145.05771248688353,2110.740234375,35.34670498179524,10,0.4123263888888889,0.03608961198956147,0.06824767660021933,145.5157894736842
12,2,4,0,ecg_only,2118.58203125,39.8902927837591,9,0.47216796875,0.08661041365951591,0.12253427454186033,127.07342295760083,2121.4296875,28.04810560496633,9,0.4697265625,0.07804561396316079,0.09693933275761223,127.73388773388774
12,2,5,0,ecg_only,2124.5400390625,43.69997540043328,11,0.39609375,0.029553562999027713,0.057601553022381936,151.47928994082838,2119.9169921875,29.099270158640817,11,0.396875,0.026848187933499346,0.048684685145416455,151.18110236220474
12,2,6,0,ecg_only,2136.896484375,45.41231492684975,11,0.383984375,0.022980572000129262,0.04324406746201983,156.25635808748729,2131.4326171875,29.621560826644156,11,0.383984375,0.015032719847573326,0.0258456161995823,156.25635808748729
12,2,7,0,ecg_only,2137.9609375,41.787343393318196,10,0.4027777777777778,0.07085162822018007,0.08316276896892097,148.9655172413793,2132.9677734375,27.156410682123834,10,0.4045138888888889,0.07563548927358321,0.09530369452153009,148.3261802575107
12,2,8,0,ecg_only,2137.0849609375,41.7746185883438,10,0.3940972222222222,0.0465645260662026,0.06606068173940532,152.2466960352423,2129.791015625,26.78719809500437,10,0.3958333333333333,0.05149406232626351,0.06765823467065928,151.57894736842107
12,2,9,0,ecg_only,2137.6630859375,44.83897801970948,11,0.38125,0.023901653969966182,0.044021201834315016,157.37704918032787,2132.451171875,29.05657800204988,11,0.380859375,0.027357697335770512,0.04866726976830926,157.53846153846155
12,2,10,0,ecg_only,2135.69140625,42.408915312967636,11,0.380859375,0.028127712542804207,0.04803611131691853,157.53846153846155,2132.5390625,27.26587907295662,11,0.38125,0.029963763923070482,0.04845779704668853,157.37704918032787
12,3,1,0,ecg_only,2062.2861328125,45.41954127439104,11,0.385546875,0.02789893958698296,0.04365378805791721,155.62310030395136,2058.2880859375,29.29807105305936,11,0.3859375,0.023876104359275195,0.04084475818062011,155.46558704453443
12,3,2,0,ecg_only,2054.1171875,43.773118194444905,11,0.38515625,0.027130867740914593,0.048927849552229,155.78093306288034,2055.65234375,27.665486352707337,11,0.380859375,0.02001357571476484,0.03407878210495417,157.53846153846155
12,3,3,0,ecg_only,2044.240234375,44.830419429167385,10,0.3984375,0.053717842043584034,0.06165505514712733,150.58823529411765,2045.095703125,29.720123868969072,10,0.3958333333333333,0.05253708594227087,0.057542655713500916,151.57894736842107
12,3,4,0,ecg_only,2041.4326171875,42.9810249578995,10,0.4006076388888889,0.039283710065919304,0.04843592487358299,149.77248104008666,2046.4990234375,29.339107044545948,10,0.3953993055555556,0.03768301054018792,0.062178739764576586,151.74533479692644
12,3,5,0,ecg_only,2045.328125,43.52719774301322,10,0.4162326388888889,0.0548148044284509,0.06819175878943785,144.15015641293013,2056.1552734375,27.548400438539204,10,0.4144965277777778,0.04782190458624763,0.05833275204323468,144.75392670157066
12,3,6,0,ecg_only,2055.6552734375,44.26358495038113,10,0.4084201388888889,0.05603834816520627,0.09341370346537593,146.90754516471839,2063.626953125,28.33648777025926,10,0.3893229166666667,0.02822849399567552,0.05298695299316616,154.11371237458192
12,3,7,0,ecg_only,2065.974609375,43.026101950631805,10,0.4361979166666667,0.05761626794228538,0.08597078545731938,137.55223880597015,2068.2431640625,27.11456546399386,10,0.4357638888888889,0.0553993572416974,0.07263419524135567,137.68924302788844
12,3,8,0,ecg_only,2070.9619140625,43.43607815398237,9,0.43505859375,0.03595752987161067,0.06869734692351923,137.9124579124579,2066.0654296875,27.280455605038814,9,0.43505859375,0.047998320073294215,0.0905807311827805,137.9124579124579
12,3,9,0,ecg_only,2063.7119140625,42.01280978677949,9,0.4619140625,0.09657111959657877,0.12581694535649515,129.89429175475686,2054.755859375,27.91527648045465,9,0.4609375,0.09566325700201919,0.117484742075453,130.16949152542372
12,3,10,0,ecg_only,2053.640625,43.930940010821246,11,0.398046875,0.03456313926284945,0.0486149862046731,150.7360157016683,2046.919921875,28.04341349798374,11,0.398046875,0.03348683932835592,0.0403855792168511,150.7360157016683
12,4,1,1,ecg_only,2059.6884765625,42.38759980478239,10,0.4301215277777778,0.03601123005675615,0.06941154548405024,139.4954591321897,2063.6484375,27.541790645010607,10,0.4327256944444444,0.0472990719646711,0.09020393155277726,138.65596790371114
12,4,2,1,ecg_only,2057.802734375,42.515003697497114,10,0.4171006944444444,0.040918485240946795,0.0735605061924472,143.85015608740895,2058.5869140625,27.57532766706027,10,0.4157986111111111,0.04243717556104276,0.07170921777611648,144.30062630480168
12,4,3,1,ecg_only,2055.0302734375,39.31535737732117,9,0.4716796875,0.09356161900209385,0.1257649584613525,127.20496894409938,2057.171875,24.950179851243057,9,0.47119140625,0.0912746427522228,0.12632701030407578,127.33678756476684
12,4,4,1,ecg_only,2050.333984375,42.55843612830782,10,0.4201388888888889,0.05080164891805393,0.09507326212399803,142.8099173553719,2053.6162109375,27.776137938309663,10,0.421875,0.01948779888944761,0.03155370004180373,142.22222222222223
12,4,5,1,ecg_only,2048.373046875,42.596208844262804,10,0.4301215277777778,0.034026227643263254,0.06606068173940532,139.4954591321897,2048.6708984375,27.04001109419262,10,0.4288194444444444,0.01725226294648593,0.024433585943743757,139.91902834008098
12,4,6,1,ecg_only,2043.3388671875,42.021100227644396,9,0.4853515625,0.10750618140612819,0.14787841138439184,123.62173038229376,2046.2041015625,26.510838415442183,9,0.4853515625,0.1067405595736947,0.15031994802604734,123.62173038229376
12,4,7,1,ecg_only,2035.025390625,45.431324157360436,10,0.4192708333333333,0.03236927837150014,0.06463043792099335,143.10559006211182,2042.5986328125,30.19765677487739,10,0.4223090277777778,0.027340305118096566,0.05363097741307024,142.0760534429599
12,4,8,1,ecg_only,2036.7705078125,43.84170154400233,10,0.4270833333333333,0.053528137476808506,0.10704835629722438,140.4878048780488,2041.408203125,28.631402311688127,10,0.4266493055555556,0.04266296568466382,0.08464042453132989,140.63072227873855
12,4,9,1,ecg_only,2052.76953125,43.00040435600895,9,0.47314453125,0.11596756784283196,0.1722044326649703,126.81114551083591,2053.81640625,28.997263549082714,9,0.4716796875,0.10786043290215297,0.14523837635212597,127.20496894409938
12,4,10,1,ecg_only,2067.0947265625,43.7034776255375,10,0.4053819444444444,0.053805441726776856,0.09728444847978338,148.00856531049251,2064.1923828125,28.21664064281846,10,0.40625,0.03962271889245557,0.07120205520921166,147.69230769230768
12,5,1,0,ecg_only,2058.9599609375,40.33508764476624,10,0.4344618055555556,0.05272321055229241,0.08896907792133105,138.1018981018981,2059.0546875,26.83276000111326,10,0.4344618055555556,0.06383602885711888,0.10909562534194485,138.1018981018981
12,5,2,0,ecg_only,2060.81640625,45.99050390662143,9,0.4609375,0.05006252194521991,0.09234437318498931,130.16949152542372,2061.376953125,32.68921028170538,9,0.46044921875,0.03947233733171512,0.06437275156440972,130.30752916224813
12,5,3,0,ecg_only,2056.3486328125,46.19858351967675,9,0.45166015625,0.05200367239675505,0.09972146616818338,132.84324324324325,2054.1396484375,32.855820068541945,9,0.45166015625,0.04576057670363239,0.08359740062122147,132.84324324324325
12,5,4,0,ecg_only,2044.3173828125,40.95171330772169,9,0.4716796875,0.07762904099221563,0.09003764016346362,127.20496894409938,2045.5927734375,26.290987095662544,9,0.46728515625,0.06385665946770175,0.08016314628506936,128.40125391849529
12,5,5,0,ecg_only,2037.505859375,39.26293532923544,9,0.46337890625,0.09449850729111557,0.14862828434884842,129.4836670179136,2042.669921875,25.694426407907933,9,0.458984375,0.08675481372856567,0.13066975534123226,130.72340425531914
12,5,6,0,ecg_only,2046.8134765625,43.36283346593905,9,0.43017578125,0.058117777057728526,0.11901477178912649,139.47786606129398,2050.875,28.472162940317688,9,0.43017578125,0.033342852822615315,0.06506323117813383,139.47786606129398
12,5,7,0,ecg_only,2062.1376953125,44.149975060167534,10,0.4396701388888889,0.06447905915296487,0.12881003748480138,136.4659427443238,2067.38671875,29.897593107278695,10,0.4366319444444444,0.027236756058571586,0.05368429737064356,137.41550695825052
12,5,8,0,ecg_only,2067.7041015625,39.63068451405029,9,0.4853515625,0.09247484844656326,0.12851672749744208,123.62173038229376,2073.693359375,26.2769154207091,9,0.482421875,0.08609272203333668,0.11968142410445175,124.37246963562752
12,5,9,0,ecg_only,2062.53515625,42.153744995706916,11,0.394140625,0.04165059097438624,0.07354177732522364,152.22993062438056,2066.2890625,27.87612871698819,11,0.398046875,0.026805528850465252,0.042192322255259505,150.7360157016683
12,5,10,0,ecg_only,2063.67578125,45.436859084361764,11,0.389453125,0.031447132129029276,0.05266601150040803,154.06218655967902,2064.5703125,30.172695281120376,11,0.389453125,0.035888638658573065,0.062418566740660854,154.06218655967902
12,6,1,1,ecg_only,2044.7470703125,40.782070049357245,10,0.4197048611111111,0.0499264022380153,0.09218046517120472,142.95760082730092,2047.392578125,25.94104237093744,10,0.4175347222222222,0.043593331699617086,0.08717153751727108,143.7006237006237
12,6,2,1,ecg_only,2034.52734375,41.604269828280074,10,0.4314236111111111,0.06803584429682709,0.10591989736684569,139.07444668008048,2043.8857421875,26.737322343304736,10,0.4318576388888889,0.0648984016865883,0.09386183108676784,138.93467336683418
12,6,3,1,ecg_only,2032.76953125,42.6857339652872,10,0.4162326388888889,0.053689779958846176,0.10498841721363095,144.15015641293013,2045.71484375,27.19347517628238,10,0.4153645833333333,0.03764800076771083,0.07425728851406398,144.45141065830722
12,6,4,1,ecg_only,2038.296875,42.07454496467401,10,0.4275173611111111,0.060237676873240026,0.0900981452708656,140.3451776649746,2048.2041015625,25.975092162775574,10,0.4262152777777778,0.056108897955528855,0.07456487956570733,140.77393075356414
12,6,5,1,ecg_only,2048.3994140625,43.22847232981033,9,0.42236328125,0.05169097615630035,0.10503382546678712,142.05780346820808,2050.59765625,26.64612268007929,9,0.42236328125,0.05113449478587655,0.0939590303598367,142.05780346820808
12,6,6,1,ecg_only,2062.259765625,40.19844454322914,9,0.45654296875,0.08835462373595658,0.1296565690308715,131.42245989304814,2059.005859375,25.364375177948393,9,0.45458984375,0.06916207018673348,0.07370297759419221,131.98711063372718
12,6,7,1,ecg_only,2065.6455078125,42.05291401884656,10,0.4340277777777778,0.061583020487978986,0.09265514662601891,138.24,2062.736328125,26.575269147599126,10,0.4353298611111111,0.04917364249398801,0.062240060035657,137.82652043868396
12,6,8,1,ecg_only,2060.9150390625,41.518228399723405,10,0.41015625,0.04525559165880929,0.09095147618652384,146.28571428571428,2057.2099609375,26.386583993427873,10,0.4066840277777778,0.037351614538107925,0.06424564141952549,147.53468516542156
12,6,9,1,ecg_only,2046.3681640625,40.21315523134915,9,0.46435546875,0.10551282173815399,0.14637458683377702,129.21135646687696,2045.7626953125,25.268428743647487,9,0.46044921875,0.1008167766082546,0.12401959270615269,130.30752916224813
12,6,10,1,ecg_only,2039.939453125,42.871426669763714,10,0.4036458333333333,0.04621937330546575,0.09044677045717449,148.6451612903226,2040.0537109375,27.135835355626938,10,0.4049479166666667,0.035180354390901815,0.06986347508796845,148.16720257234726
12,7,1,1,ecg_only,2045.3662109375,40.42401812180174,9,0.45361328125,0.048923247189864516,0.06899813176818631,132.2712594187298,2051.28125,26.091841247552846,9,0.46923828125,0.05361096875704949,0.08522431339559151,127.86680541103017
12,7,2,1,ecg_only,2041.16015625,41.88555993687545,10,0.4262152777777778,0.057658756616026444,0.0668356977822995,140.77393075356414,2041.640625,31.113196651250334,9,0.4638671875,0.09251609043699423,0.09696181665742927,129.34736842105264
12,7,3,1,ecg_only,2033.9619140625,43.67240344770213,9,0.42236328125,0.050534160730706074,0.09796825159362854,142.05780346820808,2031.6767578125,29.72418796915603,9,0.42236328125,0.045781412482380185,0.08285092184831784,142.05780346820808
12,7,4,1,ecg_only,2047.078125,44.232801985453904,10,0.4283854166666667,0.04662112966137541,0.08581534286646568,140.06079027355622,2050.0966796875,30.719487985650492,10,0.4231770833333333,0.042472672995573155,0.07810058212161018,141.7846153846154
12,7,5,1,ecg_only,2058.57421875,39.92508071002673,10,0.4210069444444444,0.05396276280439156,0.10503382546678712,142.51546391752578,2066.87890625,25.633896785871457,10,0.4231770833333333,0.04544252178806028,0.07698137568365765,141.7846153846154
12,7,6,1,ecg_only,2056.8837890625,40.64325516405527,9,0.45361328125,0.06676252943308628,0.10290578025249603,132.2712594187298,2063.611328125,27.641632941517475,9,0.4521484375,0.07636568892391542,0.1090056742819824,132.69978401727863
12,7,7,1,ecg_only,2060.0263671875,44.54628351595589,9,0.484375,0.07566941651488483,0.12265873803209049,123.87096774193549,2060.021484375,28.719575058601247,9,0.484375,0.04296875,0.06433888008005235,123.87096774193549
12,7,8,1,ecg_only,2063.7939453125,44.685855765871366,9,0.46044921875,0.07620786159140644,0.14110471253488868,130.30752916224813,2058.3154296875,28.386133488461294,9,0.46044921875,0.03424589012714644,0.05583146624232483,130.30752916224813
12,7,9,1,ecg_only,2057.7138671875,41.62196360788509,9,0.4716796875,0.08397869711911599,0.13099464956358223,127.20496894409938,2054.833984375,25.88533491790778,9,0.46826171875,0.06572599360025842,0.071602745233685,128.13347236704902
12,7,10,1,ecg_only,2053.9833984375,41.535972711321236,9,0.470703125,0.09245937795737988,0.1549401008432948,127.4688796680498,2055.9443359375,26.28055935381981,9,0.47021484375,0.06010224531552689,0.07545666403520254,127.601246105919
12,8,1,1,ecg_only,2050.7412109375,43.455868653251315,10,0.4001736111111111,0.0329461106151881,0.06343899128481138,149.93492407809111,2055.9677734375,29.6916434036779,11,0.396875,0.04160477173654484,0.08252579102859804,151.18110236220474
12,8,2,1,ecg_only,2045.1796875,43.07482290912342,10,0.4131944444444444,0.057639150350812594,0.08117813453367347,145.21008403361344,2048.76953125,28.06760827279862,10,0.4140625,0.05381244354107246,0.07333977873249448,144.9056603773585
12,8,3,1,ecg_only,2046.939453125,42.325979274860586,10,0.40234375,0.04629267925685203,0.0888618216099791,149.126213592233,2052.2548828125,27.5726397800318,11,0.396875,0.04525858861862575,0.08523425963048512,151.18110236220474
12,8,4,1,ecg_only,2038.478515625,40.365995601764006,9,0.46533203125,0.10489640529644574,0.14139792546530822,128.9401888772298,2044.390625,26.648422612499505,9,0.4619140625,0.09639319926605867,0.13295193573394026,129.89429175475686
12,8,5,1,ecg_only,2039.71875,45.36872589198974,10,0.4088541666666667,0.052050771071111154,0.10407609180663054,146.7515923566879,2036.6171875,28.10325439721962,10,0.40625,0.04199092577238828,0.0793483322881714,147.69230769230768
12,8,6,1,ecg_only,2051.6181640625,43.74086625804676,10,0.4318576388888889,0.06171136314991744,0.0920873065166116,138.93467336683418,2040.5,27.694306443292636,10,0.4331597222222222,0.06395985076315501,0.105459707366983,138.51703406813627
12,8,7,1,ecg_only,2062.5234375,43.97530643080948,10,0.4092881944444444,0.036447997873640656,0.07256851641859101,146.59597030752917,2058.4658203125,32.3607111884761,10,0.4092881944444444,0.04091848524094679,0.08221705148378589,146.59597030752917
12,8,8,1,ecg_only,2073.802734375,43.23737794892509,10,0.4127604166666667,0.04920428028044579,0.09689153714697236,145.3627760252366,2075.373046875,28.7231106607389,10,0.4153645833333333,0.044423755492791615,0.08882961946302209,144.45141065830722
12,8,9,1,ecg_only,2069.7939453125,43.06444483159233,10,0.4205729166666667,0.06613763072500153,0.07910759043390092,142.6625386996904,2073.9609375,28.155511878157956,10,0.4197048611111111,0.06026581582538119,0.06785528424234456,142.95760082730092
12,8,10,1,ecg_only,2065.1259765625,43.05645309756948,10,0.4010416666666667,0.04013290366516261,0.07223922659729269,149.6103896103896,2069.1484375,28.31493914541569,10,0.3997395833333333,0.030257682392245445,0.054284930115966,150.09771986970685
12,9,1,1,ecg_only,2049.1708984375,41.01430167833606,10,0.4236111111111111,0.06312381584270084,0.0835060872126248,141.63934426229508,2052.453125,26.268218194414615,9,0.47265625,0.08767334252915407,0.12008145428858905,126.94214876033058
12,9,2,1,ecg_only,2041.3515625,46.04593322225747,10,0.4097222222222222,0.061555483674559416,0.1195082698498309,146.4406779661017,2044.7001953125,30.2503383239238,10,0.4114583333333333,0.0390625,0.06856831906852327,145.8227848101266
12,9,3,1,ecg_only,2034.580078125,45.91640069864902,10,0.4157986111111111,0.059757287428804574,0.10634223076438312,144.30062630480168,2038.822265625,29.035230020906383,10,0.4105902777777778,0.0380263821420304,0.06733325849975859,146.1310782241015
12,9,4,1,ecg_only,2046.140625,45.8227281172714,10,0.4088541666666667,0.06458123316477732,0.12691555934597445,146.7515923566879,2047.0771484375,29.134469109734802,10,0.4283854166666667,0.05285881023485531,0.08666682707942887,140.06079027355622
12,9,5,1,ecg_only,2056.3349609375,45.39068802059349,10,0.4214409722222222,0.06234911377727617,0.1245490523073703,142.3686920700309,2054.1474609375,28.854713067528703,10,0.4214409722222222,0.05047800900714704,0.09791956687582129,142.3686920700309
12,9,6,1,ecg_only,2061.9736328125,43.38886990155336,9,0.46826171875,0.08848405347358478,0.12937886845061872,128.13347236704902,2061.748046875,27.861210786643905,9,0.46240234375,0.08361878777709901,0.11431562849639933,129.75712777191129
12,9,7,1,ecg_only,2066.5693359375,45.679623521081815,10,0.4288194444444444,0.07030714142818259,0.14432655479483086,139.91902834008098,2067.9208984375,29.683924007875206,10,0.4253472222222222,0.044096026066454054,0.083197164545894,141.06122448979593
12,9,8,1,ecg_only,2066.7724609375,44.91432798993587,9,0.4296875,0.06471891221008161,0.12388769902563398,139.63636363636363,2065.1875,29.00101021947339,10,0.4210069444444444,0.053011833670100095,0.08178674498519573,142.51546391752578
12,9,9,1,ecg_only,2062.095703125,41.726141914115004,9,0.47119140625,0.10676177691996512,0.1474207423635421,127.33678756476684,2058.533203125,26.63282732460995,9,0.47021484375,0.10305279602670128,0.14585990404200483,127.601246105919
12,9,10,1,ecg_only,2051.234375,44.89575327477394,10,0.4071180555555556,0.05560300707892637,0.11020022116637147,147.3773987206823,2049.060546875,28.958757144013067,10,0.4184027777777778,0.04237053771481174,0.07602148615636158,143.40248962655602
12,10,1,1,ecg_only,2038.087890625,41.51625822630258,11,0.396484375,0.04244172532812639,0.07555450039793754,151.33004926108376,2048.09375,28.392804848896137,10,0.4036458333333333,0.03836177047566728,0.07467989958712953,148.6451612903226
12,10,2,1,ecg_only,2044.2001953125,39.74658446362848,10,0.4366319444444444,0.09519961755531095,0.14459062336215933,137.41550695825052,2053.6484375,26.851251089262,10,0.4348958333333333,0.08680121516926541,0.12481676022398795,137.96407185628743
12,10,3,1,ecg_only,2047.173828125,39.96574532531527,10,0.4040798611111111,0.05327768318769844,0.10678968805828556,148.48549946294307,2056.2236328125,27.00017701196926,10,0.4097222222222222,0.033976364220105776,0.06134491708804457,146.4406779661017
12,10,4,1,ecg_only,2043.626953125,40.904871253666755,10,0.4253472222222222,0.0769760224950533,0.11219848919019587,141.06122448979593,2053.140625,27.852459882106913,10,0.4244791666666667,0.0727304168946299,0.10490663282809207,141.34969325153372
12,10,5,1,ecg_only,2034.228515625,40.550225985611114,11,0.391796875,0.03524511338580322,0.0541422470997182,153.1405782652044,2044.6005859375,27.24468912639998,11,0.39765625,0.0444969714559317,0.04822984160794827,150.88408644400786
12,10,6,1,ecg_only,2018.373046875,47.29752793253631,11,0.3828125,0.033237574040910385,0.06687690644998051,156.73469387755102,2031.6708984375,32.680270662879465,11,0.3828125,0.025375596513924556,0.049513420161019644,156.73469387755102
12,10,7,1,ecg_only,2005.4033203125,41.54443250049307,11,0.397265625,0.06937416419823106,0.08858952444361486,151.03244837758112,2021.56640625,28.481447572673705,11,0.39609375,0.06122229124520333,0.08430423987624294,151.47928994082838
12,10,8,1,ecg_only,2016.5947265625,40.67178569817604,10,0.4027777777777778,0.04696332984279159,0.07255537351955746,148.9655172413793,2030.048828125,27.221701881297008,10,0.4027777777777778,0.04527223892501839,0.061824967934939114,148.9655172413793
12,10,9,1,ecg_only,2029.259765625,39.503991372012884,10,0.4262152777777778,0.0904258101228912,0.13578784641269792,140.77393075356414,2040.39453125,26.725138296513517,10,0.4231770833333333,0.07775520118142508,0.09463087144824721,141.7846153846154
12,10,10,1,ecg_only,2037.3359375,40.191052981305354,10,0.4105902777777778,0.05550127556647841,0.08779291443616229,146.1310782241015,2048.380859375,27.37563257052656,10,0.4114583333333333,0.04345916476114228,0.06019935549774391,145.8227848101266
12,11,1,0,ecg_only,2030.546875,37.75633419023058,9,0.474609375,0.08418852368067307,0.12638738988296488,126.41975308641975,2037.6796875,26.861023573243514,9,0.47412109375,0.07318194136778826,0.10051615883221925,126.54994850669414
12,11,2,0,ecg_only,2047.203125,42.39905002897323,11,0.394140625,0.0353488647105975,0.058824776031648526,152.22993062438056,2053.197265625,29.941090474015695,11,0.3921875,0.032597884445351666,0.050244222347850885,152.98804780876492
12,11,3,0,ecg_only,2059.87109375,44.11852582168528,11,0.387109375,0.0399680200529514,0.06740718284137909,154.9949545913219,2064.4111328125,30.16646383192743,11,0.387109375,0.035692524410976104,0.06730649991312544,154.9949545913219
12,11,4,0,ecg_only,2066.1884765625,39.96854994114608,10,0.4088541666666667,0.047947793332088456,0.09488248282414936,146.7515923566879,2068.3349609375,26.632666670516663,10,0.4053819444444444,0.04062741119387695,0.07856322406687018,148.00856531049251
12,11,5,0,ecg_only,2069.9716796875,39.168508390317854,10,0.4171006944444444,0.06380946433118699,0.0923148617038787,143.85015608740895,2072.0107421875,26.44036039926286,10,0.4175347222222222,0.0542968576527639,0.07435996023750575,143.7006237006237
12,11,6,0,ecg_only,2063.3251953125,39.79253706188169,10,0.40234375,0.044385574346508624,0.08747732686155739,149.126213592233,2067.7265625,27.553276473653614,10,0.4006076388888889,0.01992750049175173,0.033687867794258475,149.77248104008666
12,11,7,0,ecg_only,2049.986328125,40.1258251545041,10,0.4032118055555556,0.05772732610475949,0.060389159506798074,148.80516684607105,2054.625,28.551762204809705,10,0.4027777777777778,0.05644030201847549,0.06303179516837862,148.9655172413793
12,11,8,0,ecg_only,2037.771484375,40.228941105678274,10,0.4066840277777778,0.07465025431781533,0.0953537148338605,147.53468516542156,2042.576171875,28.21008066224659,10,0.4066840277777778,0.07375918675780556,0.09991527783147393,147.53468516542156
12,11,9,0,ecg_only,2019.5478515625,42.13925082661017,10,0.4010416666666667,0.055701170927623535,0.0667500292602932,149.6103896103896,2029.560546875,28.789040172883983,10,0.3980034722222222,0.04824546260968838,0.061204842249970304,150.752453653217
12,11,10,0,ecg_only,2023.0625,45.70350694284849,11,0.386328125,0.02359646611021712,0.042731351774536304,155.30839231547017,2034.9375,32.231856572729406,11,0.384765625,0.025270146858806044,0.04973549285100073,155.93908629441626
12,12,1,0,ecg_only,2049.4892578125,40.06856771810552,9,0.47900390625,0.06785352740300443,0.07506565671517407,125.25993883792049,2053.3662109375,26.64380334593309,8,0.5016741071428571,0.05359467501581683,0.08874727200179404,119.5995550611791
12,12,2,0,ecg_only,2049.4326171875,39.0196684001361,10,0.4366319444444444,0.09850805207343444,0.15493834222870118,137.41550695825052,2053.1982421875,25.465984451766147,10,0.4388020833333333,0.07971472846361441,0.10102585082136001,136.7359050445104
12,12,3,0,ecg_only,2053.0947265625,42.25334920530983,10,0.4058159722222222,0.052648124052451145,0.10289651238376443,147.85026737967914,2054.90234375,27.288108286977973,10,0.4079861111111111,0.032739621815357826,0.06301666330039718,147.06382978723406
12,12,4,0,ecg_only,2056.107421875,43.01934729619653,10,0.4318576388888889,0.043424473744030426,0.0841205291693673,138.93467336683418,2058.966796875,27.62006586120841,10,0.4283854166666667,0.04592497939726145,0.08844227916084062,140.06079027355622
12,12,5,0,ecg_only,2053.7958984375,39.897235458608975,9,0.462890625,0.07352160244030746,0.10140140039031055,129.62025316455697,2059.6455078125,26.019229655228102,9,0.4658203125,0.07249620098815415,0.08184502671780064,128.80503144654088
12,12,6,0,ecg_only,2056.8642578125,39.79591653041845,10,0.4279513888888889,0.04702345960559815,0.05823457623388896,140.20283975659228,2060.4755859375,26.787236598397982,10,0.4296875,0.04636586930928348,0.06108006160590582,139.63636363636363
12,12,7,0,ecg_only,2059.529296875,43.43924368233309,9,0.4677734375,0.056022693395560416,0.10572678422133965,128.26722338204593,2060.9541015625,29.180219293571717,9,0.4677734375,0.03207825723761102,0.046006651971966434,128.26722338204593
12,12,8,0,ecg_only,2053.064453125,43.53112376702074,9,0.462890625,0.036643873123620545,0.05008972836098021,129.62025316455697,2053.34765625,28.996333186401966,9,0.462890625,0.02561499423555469,0.03231311091920408,129.62025316455697
12,12,9,0,ecg_only,2046.126953125,39.35532117489391,9,0.46875,0.08126032836997937,0.11763308145533964,128.0,2047.2177734375,25.12691295040876,9,0.46923828125,0.07781769394296252,0.10150882853823778,127.86680541103017
12,12,10,0,ecg_only,2049.45703125,42.62804824803176,10,0.4340277777777778,0.0692053174583151,0.08721528735064886,138.24,2051.53125,27.928427637668754,10,0.4409722222222222,0.08751016117146723,0.1334071590761659,136.06299212598427
12,13,1,1,ecg_only,2038.9296875,39.46946675789203,10,0.4079861111111111,0.050365926841592565,0.07279158263118837,147.06382978723406,2040.1328125,27.05914271720085,10,0.3967013888888889,0.03618344618171239,0.07416733416424814,151.2472647702407
12,13,2,1,ecg_only,2032.9794921875,41.10472250535364,10,0.42578125,0.05172402100531564,0.08158827568048993,140.91743119266056,2035.287109375,27.914867612650202,10,0.4253472222222222,0.04778643862271266,0.08197310066966138,141.06122448979593
12,13,3,1,ecg_only,2035.8583984375,38.04467033876095,10,0.4353298611111111,0.049824422870620715,0.054407766707750466,137.82652043868396,2041.6826171875,26.400717811507125,10,0.4340277777777778,0.0515415981297637,0.05078125,138.24
12,13,4,1,ecg_only,2053.1611328125,40.98914220137128,9,0.431640625,0.06899813176818631,0.13861881215659494,139.00452488687782,2055.2373046875,27.147156398926768,9,0.43115234375,0.04049791853465618,0.07708572128701453,139.16194790486975
12,13,5,1,ecg_only,2067.375,40.801707033836216,10,0.4353298611111111,0.06285465540756963,0.11295244576760086,137.82652043868396,2064.53515625,26.932364910328353,10,0.4270833333333333,0.03919249203982399,0.06975418526729911,140.4878048780488
12,13,6,1,ecg_only,2067.056640625,40.64428286167194,10,0.43359375,0.07040888455518633,0.08826958233184896,138.3783783783784,2064.8310546875,27.300980344923225,10,0.4348958333333333,0.06730649991312544,0.07200120543424517,137.96407185628743
12,13,7,1,ecg_only,2062.734375,39.20399062416191,10,0.4027777777777778,0.03793710656842389,0.07366414908455511,148.9655172413793,2060.17578125,26.60379803152453,10,0.4019097222222222,0.030170394439206192,0.05669111435039059,149.28725701943844
12,13,8,1,ecg_only,2058.27734375,39.49652914901936,10,0.4136284722222222,0.05718635101389099,0.07218640083037628,145.05771248688353,2057.734375,26.538697975491846,10,0.4131944444444444,0.05828267476248097,0.08077771767543053,145.21008403361344
12,13,9,1,ecg_only,2047.44921875,40.049741525566034,10,0.4001736111111111,0.032635887494978234,0.049909891949924366,149.93492407809111,2050.10546875,27.22918157910321,10,0.3971354166666667,0.03340040452703297,0.055723994600340256,151.08196721311475
12,13,10,1,ecg_only,2040.24609375,39.27352977504328,10,0.4019097222222222,0.045904465267771734,0.05811982818893168,149.28725701943844,2042.5087890625,26.236713916330686,10,0.4001736111111111,0.039627472953171275,0.06108006160590582,149.93492407809111
12,14,1,0,ecg_only,2044.35546875,41.43364199346678,11,0.3609375,0.01121304694875572,0.020914555213813815,166.23376623376623,2048.7568359375,28.27688937633007,10,0.4010416666666667,0.11007033440316696,0.1283724744152733,149.6103896103896
12,14,2,0,ecg_only,2044.98828125,38.66765266564417,10,0.3988715277777778,0.07993655856403707,0.09795851658574505,150.42437431991294,2049.4091796875,26.560359356959715,10,0.3975694444444444,0.07729107392205578,0.09779287318062536,150.9170305676856
12,14,3,0,ecg_only,2045.28125,37.94245488647908,11,0.391015625,0.030380983367735568,0.06041722790687594,153.44655344655345,2048.3896484375,25.874198551020935,11,0.398046875,0.039699878113989534,0.06373561588812718,150.7360157016683
12,14,4,0,ecg_only,2042.7431640625,38.32773264868023,9,0.45263671875,0.09630782929122682,0.1341353500450065,132.5566343042071,2046.2822265625,26.01020376179163,10,0.4279513888888889,0.0803947861412417,0.09929292564431674,140.20283975659228
12,14,5,0,ecg_only,2044.6943359375,39.59242212587399,10,0.4045138888888889,0.04392910044749998,0.08573751588924988,148.3261802575107,2048.771484375,26.767965041895337,10,0.4058159722222222,0.03748753972515483,0.0684290939115424,147.85026737967914
12,14,6,0,ecg_only,2051.2275390625,39.41037576784237,10,0.4240451388888889,0.052021809727335507,0.10283161391475143,141.49437052200614,2053.91015625,26.435943629849607,10,0.4205729166666667,0.04146271700023609,0.08136588415602812,142.6625386996904
12,14,7,0,ecg_only,2050.5712890625,40.202572939981934,10,0.4205729166666667,0.04388619673529354,0.08050571814658183,142.6625386996904,2052.951171875,27.64167268707176,10,0.421875,0.0321590860292408,0.04580484140452568,142.22222222222223
12,14,8,0,ecg_only,2051.9873046875,41.0395059639677,10,0.4127604166666667,0.047770667520427454,0.09018278422355622,145.3627760252366,2052.4375,27.86830777289859,10,0.4114583333333333,0.036551220957339065,0.062102004279627525,145.8227848101266
12,14,9,0,ecg_only,2051.8759765625,38.579681760603606,9,0.46630859375,0.10708287240212437,0.1572859075833889,128.67015706806282,2054.88671875,25.838229824881548,9,0.4658203125,0.10282697674246818,0.1513028196953641,128.80503144654088
12,14,10,0,ecg_only,2051.841796875,41.62896906627932,10,0.4053819444444444,0.047477957188453046,0.09365840251843231,148.00856531049251,2055.3818359375,28.463067183709022,10,0.4092881944444444,0.026797480972974186,0.04969926035156044,146.59597030752917
12,15,1,1,ecg_only,2057.751953125,38.10841078748631,10,0.4053819444444444,0.03468422400001224,0.06684996519580012,148.00856531049251,2058.9423828125,26.99279418793476,10,0.4040798611111111,0.027811665527084712,0.05030955809527835,148.48549946294307
12,15,2,1,ecg_only,2056.8681640625,38.262115143090085,10,0.4192708333333333,0.06730649991312544,0.0910772156145628,143.10559006211182,2058.822265625,26.902160191924057,10,0.4166666666666667,0.05471849320169452,0.0708933258315685,144.0
12,15,3,1,ecg_only,2049.7978515625,38.194367673083896,10,0.3997395833333333,0.03400407514895989,0.06720566614877052,150.09771986970685,2051.0908203125,27.17101787950421,10,0.4014756944444444,0.03952751760426206,0.07936035021058611,149.44864864864866
12,15,4,1,ecg_only,2045.9736328125,38.13824421704444,10,0.4240451388888889,0.061270211927157266,0.09239747009777242,141.49437052200614,2046.748046875,26.586294417853775,10,0.4240451388888889,0.056819524438752454,0.08460661569254092,141.49437052200614
12,15,5,1,ecg_only,2046.7841796875,38.70818439012882,10,0.4110243055555556,0.058630711079056534,0.10790905153563492,145.9767687434002,2046.4921875,26.760839244871296,9,0.41845703125,0.046648112196100294,0.09454877346436638,143.38389731621936
12,15,6,1,ecg_only,2044.7265625,35.86772353117206,9,0.47265625,0.10001068058196959,0.14681324689647632,126.94214876033058,2044.8388671875,24.478913380279685,9,0.4697265625,0.0948171280980484,0.1392464047809481,127.73388773388774
12,15,7,1,ecg_only,2044.513671875,38.66229753364166,10,0.4197048611111111,0.050835011309205966,0.09873428412818258,142.95760082730092,2045.3857421875,27.004640657251535,10,0.4210069444444444,0.04460572543637472,0.08377972886534069,142.51546391752578
12,15,8,1,ecg_only,2054.2490234375,40.35471988522626,10,0.4275173611111111,0.05910113395299045,0.11356712312583306,140.3451776649746,2053.8603515625,28.371954515003083,10,0.42578125,0.0409276917851607,0.07350862994749537,140.91743119266056
12,15,9,1,ecg_only,2060.8994140625,36.74713848936645,9,0.46337890625,0.10163641953912682,0.15220775752534052,129.4836670179136,2060.2451171875,25.306084750053536,9,0.46337890625,0.09759641721747025,0.1447497744724372,129.4836670179136
12,15,10,1,ecg_only,2058.060546875,39.898947624917724,10,0.4131944444444444,0.05361604710653562,0.10533302899409241,145.21008403361344,2057.419921875,27.32625214411769,10,0.4136284722222222,0.0310018601187996,0.04829790241749312,145.05771248688353
12,16,1,0,ecg_only,2046.86328125,36.639886844576885,9,0.46533203125,0.10668135204154983,0.15954259614052582,128.9401888772298,2049.794921875,24.781485134322487,9,0.462890625,0.08899051367105092,0.1231730326903696,129.62025316455697
12,16,2,0,ecg_only,2044.29296875,40.36218001497842,10,0.4066840277777778,0.05057867059707367,0.0991583692995626,147.53468516542156,2046.0224609375,27.702882355790827,10,0.4088541666666667,0.047271184532998306,0.09105627110109406,146.7515923566879
12,16,3,0,ecg_only,2041.6982421875,41.8393476590529,10,0.4375,0.06059935561572966,0.1029891535408963,137.14285714285714,2045.3408203125,28.600153888608492,10,0.4305555555555556,0.05112324004071732,0.09681276352651351,139.3548387096774
12,16,4,0,ecg_only,2042.798828125,39.39806564733488,10,0.4157986111111111,0.06312381584270084,0.10145915715838104,144.30062630480168,2048.2822265625,27.20551552038519,10,0.4375,0.05992413280731172,0.05391474117907133,137.14285714285714
12,16,5,0,ecg_only,2052.8681640625,42.566941789939335,10,0.4262152777777778,0.06097433794734703,0.11649371451911446,140.77393075356414,2054.59375,29.662374235932294,10,0.4253472222222222,0.0565603311517205,0.10160943927319972,141.06122448979593
12,16,6,0,ecg_only,2060.19921875,42.34006394674728,10,0.4322916666666667,0.05172402100531564,0.09579276732854594,138.79518072289156,2060.744140625,29.03128304700336,10,0.4309895833333333,0.04318521862441927,0.07915579737952907,139.21450151057402
12,16,7,0,ecg_only,2060.126953125,39.471576701204285,9,0.47998046875,0.11271473206544458,0.16004732794370433,125.00508646998983,2061.5751953125,26.662279688072022,9,0.47705078125,0.10482364740388359,0.14619577224579597,125.77277379733879
12,16,8,0,ecg_only,2056.5087890625,42.37723446471443,10,0.4066840277777778,0.048804488878022904,0.09334221207303532,147.53468516542156,2055.828125,29.58544547551,10,0.4071180555555556,0.03736674175352584,0.0700543220096131,147.3773987206823
12,16,9,0,ecg_only,2053.5556640625,41.09515001356177,10,0.4327256944444444,0.0854979640780815,0.13158613486485526,138.65596790371114,2053.0654296875,28.6388581392222,10,0.4318576388888889,0.07760484634924826,0.10951442006934521,138.93467336683418
12,16,10,0,ecg_only,2051.5732421875,40.044561443558976,10,0.3997395833333333,0.04533045621231565,0.08984375,150.09771986970685,2054.173828125,27.705677205366392,10,0.4006076388888889,0.04171185339143737,0.0808956930817685,149.77248104008666
12,17,1,0,ecg_only,2043.4736328125,38.30211533514074,9,0.4560546875,0.06414908164029294,0.07870875656097612,131.56316916488223,2045.724609375,25.795097414599194,9,0.45361328125,0.06011811075375362,0.06801171158665564,132.2712594187298
12,17,2,0,ecg_only,2039.2900390625,40.36799545468816,10,0.4296875,0.0451806030544205,0.0922735297735759,139.63636363636363,2045.751953125,28.622799384805163,10,0.4314236111111111,0.02799395051492552,0.05316663120631328,139.07444668008048
12,17,3,0,ecg_only,2053.623046875,42.81756922650506,10,0.4188368055555556,0.04786915166306332,0.08249496907008935,143.2538860103627,2058.65234375,30.258170293440347,10,0.4197048611111111,0.03932684475720241,0.07004070733219182,142.95760082730092
12,17,4,0,ecg_only,2061.3525390625,37.93808861516236,9,0.4462890625,0.07164934643955131,0.10468042020303477,134.44201312910283,2063.6552734375,26.42411214515271,9,0.4443359375,0.054223407468366173,0.060425245054988044,135.03296703296704
12,17,5,0,ecg_only,2056.5810546875,39.881162245007786,10,0.4322916666666667,0.03141233875472609,0.050005340290984794,138.79518072289156,2057.8486328125,28.18212147420858,10,0.4375,0.02484216670356629,0.03596084499906634,137.14285714285714
12,17,6,0,ecg_only,2057.826171875,40.807702850172284,9,0.44677734375,0.04715644269111352,0.09221445202261064,134.29508196721312,2056.912109375,28.525312392908813,9,0.44677734375,0.030000502264268817,0.04938852521579351,134.29508196721312
12,17,7,0,ecg_only,2051.728515625,39.26692170242188,9,0.46484375,0.08026844760950984,0.09946976823903224,129.07563025210084,2051.314453125,27.279061805387986,9,0.46044921875,0.06676252943308628,0.06896653198096989,130.30752916224813
12,17,8,0,ecg_only,2042.5625,37.75553560406738,9,0.48681640625,0.10142977919137715,0.1314763407644264,123.24974924774322,2042.59765625,26.118162875800355,9,0.4833984375,0.09274259355694107,0.12202621971523608,124.12121212121212
12,17,9,0,ecg_only,2045.70703125,40.75949023615879,9,0.43701171875,0.05094765029595291,0.09889835079040753,137.29608938547486,2044.8818359375,28.610509128060507,9,0.43701171875,0.040709305365419356,0.06673369897766099,137.29608938547486
12,17,10,0,ecg_only,2047.3896484375,41.578233984654204,10,0.43359375,0.04574002101627681,0.08559279232875168,138.3783783783784,2048.421875,28.519417556015675,10,0.4305555555555556,0.0224606754044021,0.03558763116853242,139.3548387096774
12,18,1,0,ecg_only,2055.88671875,39.58378252811874,8,0.5167410714285714,0.04100708274748624,0.05040424961157789,116.11231101511879,2056.0732421875,27.54966230998976,8,0.5334821428571429,0.07168967344978448,0.061577667072009554,112.46861924686192
12,18,2,0,ecg_only,2057.341796875,40.01713952978449,8,0.5050223214285714,0.06591911286091386,0.09063285705882737,118.80662983425415,2054.9189453125,27.484304335841106,8,0.5251116071428571,0.05519760276284928,0.09087105157487128,114.2614240170032
12,18,3,0,ecg_only,2059.5556640625,39.187709667855636,9,0.4482421875,0.07925813978493293,0.10477408466297515,133.8562091503268,2055.998046875,26.89232719216213,8,0.5228794642857143,0.05873972038812843,0.08917607433091522,114.74919957310566
12,18,4,0,ecg_only,2052.5380859375,39.20073683250565,9,0.4892578125,0.08637473112691058,0.14305319276346623,122.63473053892216,2051.630859375,26.847778089145006,9,0.4794921875,0.06918447364866606,0.10164831539342611,125.13238289205702
12,18,5,0,ecg_only,2046.822265625,39.23740408388332,9,0.47998046875,0.06797990378579236,0.10374963021663877,125.00508646998983,2048.3896484375,26.850670860476722,9,0.4912109375,0.06622649153588271,0.10745484477814224,122.14711729622266
12,18,6,0,ecg_only,2041.8935546875,38.282785651098415,10,0.4110243055555556,0.0681022639458665,0.09716674190494336,145.9767687434002,2046.4052734375,26.65653962920463,9,0.46435546875,0.07275062912082332,0.10162686833856277,129.21135646687696
12,18,7,0,ecg_only,2040.2158203125,37.95450226132879,9,0.47265625,0.0637688582707598,0.07351048330091381,126.94214876033058,2045.208984375,26.30851508838927,9,0.47314453125,0.05948019246176063,0.06206250337181691,126.81114551083591
12,18,8,0,ecg_only,2043.9111328125,39.67552615984425,9,0.4619140625,0.06163184892769398,0.08627925147734576,129.89429175475686,2047.9228515625,27.097460553178987,9,0.4599609375,0.07100757784095894,0.08998920678708998,130.44585987261146
12,18,9,0,ecg_only,2046.3603515625,39.59243079729892,8,0.5385044642857143,0.07813695699315729,0.10496116283237815,111.41968911917098,2050.1865234375,27.083265957870797,8,0.5373883928571429,0.05503941074079443,0.07887014437972817,111.65109034267911
12,18,10,0,ecg_only,2050.3994140625,37.29291309141963,9,0.47509765625,0.08692914853272188,0.13809890115824988,126.28982528263104,2052.1025390625,24.781431931047923,9,0.49267578125,0.06005462385253392,0.07273541194404307,121.78394449950446
13,1,1,0,ecg_only,2050.8642578125,69.79387992955424,9,0.49462890625,0.10564831177373185,0.17662249099357868,121.30306021717671,2044.0615234375,61.58861378273697,10,0.4401041666666667,0.09285963192539287,0.13473023765464293,136.33136094674555
13,1,2,0,ecg_only,2049.4462890625,68.09593019325892,9,0.494140625,0.09899473357401709,0.15790142915162295,121.42292490118577,2045.9697265625,60.763437794297666,9,0.49560546875,0.08972558253097308,0.15257251596650104,121.06403940886699
13,1,3,0,ecg_only,2048.8525390625,63.625926544997455,10,0.4370659722222222,0.08301625150003633,0.0841318654040619,137.27904667328698,2043.48046875,54.241571290203915,10,0.4331597222222222,0.07873986437811505,0.07489667769067973,138.51703406813627
13,1,4,0,ecg_only,2054.662109375,67.31536589944035,10,0.4088541666666667,0.04968433340713258,0.07433430560150416,146.7515923566879,2042.13671875,55.247320878332175,10,0.4079861111111111,0.05029855765909075,0.0841318654040619,147.06382978723406
13,1,5,0,ecg_only,2046.068359375,71.19491576033256,9,0.43994140625,0.09647602245918878,0.1354533275122903,136.38179800221977,2040.892578125,63.41820968709044,9,0.43994140625,0.09490132678504302,0.13216260372187227,136.38179800221977
13,1,6,0,ecg_only,2033.341796875,62.75571415633193,10,0.4353298611111111,0.06703165243843048,0.07752454799605211,137.82652043868396,2032.0771484375,55.62521862029929,10,0.4401041666666667,0.08255660147993416,0.09128639644962339,136.33136094674555
13,1,7,0,ecg_only,2044.646484375,66.57772733206565,9,0.46142578125,0.10612565786923872,0.1877904186864879,130.03174603174602,2035.7900390625,57.03363743631669,10,0.4071180555555556,0.05575525631085001,0.08639129122889247,147.3773987206823
13,1,8,0,ecg_only,2053.490234375,72.99666825621269,9,0.44384765625,0.07292084454874442,0.11484830530324244,135.18151815181517,2044.7890625,63.98442221838917,9,0.44775390625,0.06709027019515124,0.09835686181261072,134.0021810250818
13,1,9,0,ecg_only,2051.2490234375,72.85475905536354,8,0.4916294642857143,0.08705714850709403,0.16455005679551207,122.04313280363223,2045.068359375,62.685671200608915,9,0.47705078125,0.09416488398212049,0.15982926114336488,125.77277379733879
13,1,10,0,ecg_only,2059.8642578125,71.64257345929886,8,0.4838169642857143,0.10310530984719568,0.20520519376828444,124.01384083044982,2053.953125,63.63284079572729,8,0.48325892857142855,0.06980578469246379,0.12234734190129551,124.15704387990763
13,2,1,0,ecg_only,1963.0146484375,102.98940318419065,9,0.44189453125,0.11123278366774603,0.16884246392056668,135.77900552486187,1970.0302734375,96.72995220629173,9,0.44189453125,0.11881097934478198,0.17652372954544646,135.77900552486187
13,2,2,0,ecg_only,2083.224609375,81.87903341594026,11,0.38515625,0.031014739439498763,0.041666666666666664,155.78093306288034,2080.4267578125,72.96063597041196,11,0.38828125,0.03619135881843897,0.054314202121391174,154.5271629778672
13,2,3,0,ecg_only,2125.748046875,70.27797066113821,10,0.4140625,0.0990610760500533,0.13641148507995488,144.9056603773585,2116.763671875,63.56198383973186,11,0.37265625,0.020684691085740198,0.02846772279827532,161.0062893081761
13,2,4,0,ecg_only,2116.2353515625,71.12074542603254,8,0.5212053571428571,0.13677226540095094,0.28077488080561314,115.11777301927197,2108.787109375,63.53528170498488,9,0.45556640625,0.11726783541960269,0.18894186123044096,131.70418006430867
13,2,5,0,ecg_only,2096.4375,69.29993123192837,9,0.45703125,0.12507627067644816,0.1775579849799325,131.28205128205127,2090.8173828125,62.85381764976834,8,0.5178571428571429,0.14263899359439708,0.2399192335073844,115.86206896551722
13,2,6,0,ecg_only,1913.6455078125,192.1989130740637,9,0.48486328125,0.12485400256858993,0.21114924061813736,123.74622356495469,1919.564453125,181.17482208710646,9,0.4580078125,0.1218278842721586,0.19207132086573245,131.00213219616205
13,2,7,0,ecg_only,1856.486328125,148.64115571555152,10,0.4244791666666667,0.0938042377829577,0.10577573956289847,141.34969325153372,1867.4453125,141.51985746230932,11,0.39140625,0.03422374392782736,0.0521971412834048,153.29341317365268
13,2,8,0,ecg_only,2025.7724609375,97.37603288624227,9,0.4345703125,0.09441394936898477,0.1603534826479345,138.06741573033707,2025.7744140625,88.69403434376126,9,0.43212890625,0.08214597399940866,0.12075124373157907,138.84745762711864
13,2,9,0,ecg_only,2055.9892578125,83.54687869270107,10,0.4071180555555556,0.07076383351731559,0.10690572018284382,147.3773987206823,2050.8974609375,75.704427771288,10,0.4071180555555556,0.09237962886107955,0.1553072142900866,147.3773987206823
13,2,10,0,ecg_only,1946.6025390625,121.16976740348915,10,0.4032118055555556,0.06815203620274486,0.10141214832614977,148.80516684607105,1949.0576171875,111.94245348033607,10,0.3997395833333333,0.09291438945266288,0.15324876415756283,150.09771986970685
13,3,1,1,ecg_only,1989.48828125,89.95753044935093,9,0.46044921875,0.12547878125519105,0.19204294614502898,130.30752916224813,1990.73828125,79.96506719840795,9,0.45751953125,0.11186543684849093,0.168719770357828,131.1419423692636
13,3,2,1,ecg_only,2006.7392578125,73.06389929848501,10,0.4175347222222222,0.0601343880629097,0.08634712389920154,143.7006237006237,2009.1552734375,65.62733858573809,9,0.47021484375,0.08907486679148557,0.15225071564017828,127.601246105919
13,3,3,1,ecg_only,2061.3115234375,76.17292226218177,9,0.4599609375,0.09179168037163944,0.10940489068605108,130.44585987261146,2064.25390625,71.64912868270773,9,0.46044921875,0.11040664243479913,0.1595084350378195,130.30752916224813
13,3,4,1,ecg_only,2092.767578125,67.3623066341409,9,0.47021484375,0.1174466129521022,0.18388441087405968,127.601246105919,2096.0810546875,59.71516270345526,8,0.5318080357142857,0.11872922918507749,0.19538410145880494,112.82266526757608
13,3,5,1,ecg_only,2078.08984375,61.44426887920944,10,0.4266493055555556,0.08238757303961577,0.11349992363880966,140.63072227873855,2073.2724609375,52.18284956262006,9,0.4755859375,0.11685744536237772,0.17260902513494397,126.16016427104722
13,3,6,1,ecg_only,2061.2265625,59.89849354373275,9,0.46630859375,0.09849130280337079,0.16670517249572778,128.67015706806282,2055.119140625,50.85938666324511,9,0.4638671875,0.08308819637267885,0.12470319114479961,129.34736842105264
13,3,7,1,ecg_only,2052.8857421875,62.689366496358716,9,0.4501953125,0.0870127599720249,0.13909760792785045,133.2754880694143,2052.0419921875,56.715893474348874,9,0.4501953125,0.08479239748578123,0.1397854402576882,133.2754880694143
13,3,8,1,ecg_only,2055.7666015625,56.66888491365321,10,0.4340277777777778,0.07339049093002865,0.10069491214570502,138.24,2055.30859375,47.82459492010843,9,0.45361328125,0.05873802225287051,0.09233256972444578,132.2712594187298
13,3,9,1,ecg_only,2077.8291015625,61.506486992524295,9,0.46435546875,0.06693372483208641,0.10427356865733384,129.21135646687696,2073.2646484375,50.73659844867439,9,0.4580078125,0.056766764177084456,0.08541592942117956,131.00213219616205
13,3,10,1,ecg_only,2084.58984375,63.37527531972217,9,0.427734375,0.08012574803424224,0.11440140454385664,140.27397260273972,2079.3037109375,55.017491411631475,9,0.42724609375,0.06237589913066102,0.07345115279625102,140.43428571428572
13,4,1,1,ecg_only,1986.4521484375,119.92748319652576,10,0.4262152777777778,0.06878758354725117,0.1153749804264271,140.77393075356414,1987.419921875,109.69751304721495,10,0.4240451388888889,0.08191979678752796,0.14078766633546952,141.49437052200614
13,4,2,1,ecg_only,2057.28125,108.24232705918466,9,0.4697265625,0.08696890825702004,0.11230529405892099,127.73388773388774,2059.2783203125,104.21949343208856,9,0.46923828125,0.1248234455655916,0.1905787963619454,127.86680541103017
13,4,3,1,ecg_only,2125.13671875,64.07838872610171,9,0.48583984375,0.10492367649875145,0.15419971794200163,123.49748743718592,2124.033203125,55.285205757756664,10,0.4301215277777778,0.09812292045350882,0.1350272031149823,139.4954591321897
13,4,4,1,ecg_only,2116.623046875,66.3515472933115,9,0.451171875,0.09415602182182774,0.14387368514355123,132.98701298701297,2113.2802734375,55.178603486657146,9,0.44775390625,0.086378871450045,0.13784611723523574,134.0021810250818
13,4,5,1,ecg_only,2111.3447265625,70.93961527355225,9,0.44921875,0.08111937366130932,0.12098569487735052,133.56521739130434,2109.697265625,63.228026632959164,9,0.44921875,0.07746301568379664,0.10107843088833648,133.56521739130434
13,4,6,1,ecg_only,2102.9189453125,62.50776727095709,9,0.4521484375,0.08207193001737771,0.13696565715112413,132.69978401727863,2101.880859375,55.60805100667955,9,0.45166015625,0.0905192317023482,0.14416882648524934,132.84324324324325
13,4,7,1,ecg_only,2093.46484375,61.78904015105014,8,0.5262276785714286,0.11606069661924703,0.2279055022783566,114.01908801696712,2091.25,54.495609771567835,8,0.5262276785714286,0.11589153728199562,0.22171768557414215,114.01908801696712
13,4,8,1,ecg_only,2088.330078125,70.59023227176262,8,0.5396205357142857,0.1089442364687442,0.2199384106054134,111.18924508790073,2084.10546875,61.75394257225828,8,0.5396205357142857,0.10735191657509864,0.21787048823079982,111.18924508790073
13,4,9,1,ecg_only,2075.875,63.67529323646653,9,0.4755859375,0.1079841463674146,0.14721358674649515,126.16016427104722,2074.98828125,54.096718392115974,9,0.4755859375,0.10605936338679259,0.15770804092333085,126.16016427104722
13,4,10,1,ecg_only,2036.32421875,88.48576619831096,9,0.462890625,0.08182171900645864,0.10302221947945606,129.62025316455697,2036.8046875,81.99168056060532,9,0.46240234375,0.08258595699244756,0.11717819903566137,129.75712777191129
13,5,1,1,ecg_only,1965.7998046875,90.94107574564066,9,0.47607421875,0.13175181778118836,0.21815128525619226,126.03076923076924,1973.0703125,87.90028384426493,9,0.47607421875,0.1443785814774086,0.2116544940710947,126.03076923076924
13,5,2,1,ecg_only,2045.89453125,78.27374969916653,9,0.4794921875,0.10604137807830533,0.15913217890396403,125.13238289205702,2048.0947265625,68.1495928340064,9,0.486328125,0.09536371574791955,0.15167694041030808,123.37349397590361
13,5,3,1,ecg_only,2094.375,67.21846670093717,9,0.47607421875,0.10834893823375398,0.18243842413080189,126.03076923076924,2088.5595703125,57.59961112175905,9,0.47607421875,0.0895766558856887,0.13122741089625947,126.03076923076924
13,5,4,1,ecg_only,2097.5791015625,72.60346599297316,8,0.5318080357142857,0.11522592984014281,0.22591614878656216,112.82266526757608,2093.408203125,63.555550344432866,8,0.5306919642857143,0.09722961654693901,0.19496062052293406,113.05993690851734
13,5,5,1,ecg_only,2095.65625,71.73431203711024,8,0.5329241071428571,0.10074051690285588,0.20372507516258279,112.58638743455498,2095.583984375,64.81924067936738,8,0.5306919642857143,0.10946322516819035,0.22132161218944574,113.05993690851734
13,5,6,1,ecg_only,2091.5087890625,71.52268216011883,9,0.4521484375,0.12373860008058254,0.15712644813374035,132.69978401727863,2093.265625,66.50625374436133,9,0.46337890625,0.12033433592177005,0.19191236839468462,129.4836670179136
13,5,7,1,ecg_only,2013.6171875,98.25148067377836,10,0.4327256944444444,0.11465400545728742,0.15008593322998537,138.65596790371114,2019.8134765625,92.44222950007622,11,0.390234375,0.08065152936834567,0.08669372136311096,153.75375375375376
13,5,8,1,ecg_only,1995.2431640625,82.79771361004607,10,0.4275173611111111,0.09969420596470037,0.1573023642971604,140.3451776649746,2002.1533203125,76.15458251605267,11,0.3921875,0.047367207472575376,0.04882378452930384,152.98804780876492
13,5,9,1,ecg_only,2074.73046875,71.80368479249707,9,0.435546875,0.09206659179213028,0.11669352734739312,137.7578475336323,2074.1748046875,63.37655408259215,9,0.47509765625,0.11388473244709274,0.17887286221518783,126.28982528263104
13,5,10,1,ecg_only,2105.0859375,71.25925404199158,8,0.5385044642857143,0.09894084946694058,0.19762948600089805,111.41968911917098,2103.7890625,64.13767264444581,9,0.4638671875,0.119456388679663,0.18129978341860734,129.34736842105264
13,6,1,1,ecg_only,2077.5478515625,114.44265270039386,9,0.4619140625,0.1173623370245134,0.1507977299469155,129.89429175475686,2084.93359375,106.97908621354438,9,0.46142578125,0.1192276433624873,0.15369705688710805,130.03174603174602
13,6,2,1,ecg_only,2129.150390625,71.74223362695723,9,0.49560546875,0.12709483527157964,0.1749733417992632,121.06403940886699,2133.0234375,64.52117383122066,8,0.5396205357142857,0.12024342454523156,0.2385052737886523,111.18924508790073
13,6,3,1,ecg_only,2109.6689453125,67.97823046282085,9,0.482421875,0.1015249329559924,0.16396946767043247,124.37246963562752,2109.103515625,59.5796885231484,10,0.4275173611111111,0.09977920080358202,0.1465689859805518,140.3451776649746
13,6,4,1,ecg_only,2100.24609375,67.02585194155469,8,0.49051339285714285,0.11243831128253785,0.1970108451633543,122.32081911262799,2097.7294921875,59.84279592366049,8,0.4921875,0.10780926496181645,0.186022553638637,121.9047619047619
13,6,5,1,ecg_only,2100.5244140625,71.67383117867045,8,0.5318080357142857,0.11314509542874178,0.22988870332830352,112.82266526757608,2098.80078125,65.1126679735952,8,0.53125,0.11064315831601544,0.22473105852410474,112.94117647058823
13,6,6,1,ecg_only,2090.78515625,72.34548954695161,7,0.55078125,0.10307862751570199,0.20647773885003923,108.93617021276596,2088.0869140625,65.73386256818657,8,0.5217633928571429,0.12595299981844538,0.20605237335785834,114.9946524064171
13,6,7,1,ecg_only,2077.58984375,70.45736281592993,8,0.5552455357142857,0.10690426373140634,0.21177976135057933,108.06030150753769,2080.1142578125,65.67747627965605,9,0.47216796875,0.11432769464169633,0.16290915822539062,127.07342295760083
13,6,8,1,ecg_only,2082.5625,65.27521363906058,8,0.5530133928571429,0.11269005877317227,0.21310255601824774,108.49646821392533,2084.77734375,57.390139907211726,9,0.482421875,0.11817616802660816,0.15999283910803075,124.37246963562752
13,6,9,1,ecg_only,2089.7734375,66.58935371970954,8,0.5145089285714286,0.11773892373107561,0.2091941849843107,116.61605206073752,2090.23828125,58.0618765051208,8,0.5139508928571429,0.11401695257080484,0.2018943086096246,116.74267100977198
13,6,10,1,ecg_only,2096.6337890625,73.36782380060592,8,0.5362723214285714,0.1048097443445328,0.20601534354834775,111.88345473465141,2098.046875,66.3116587334714,8,0.5357142857142857,0.10257540430453976,0.19762305180689005,112.0
13,7,1,0,ecg_only,1927.9912109375,133.52387763735325,11,0.372265625,0.024892959322429405,0.03708080954660974,161.17523609653725,1925.0439453125,131.24438612421488,11,0.38046875,0.045157331301932585,0.06268959956880585,157.700205338809
13,7,2,0,ecg_only,2076.6044921875,92.51117341371663,10,0.4118923611111111,0.05493838505621435,0.08263357734885227,145.6691253951528,2078.0947265625,89.79287043839203,10,0.4114583333333333,0.05381244354107246,0.0828870905231365,145.8227848101266
13,7,3,0,ecg_only,2130.4814453125,67.69973088553286,10,0.3997395833333333,0.05192031780566897,0.0731966003962637,150.09771986970685,2131.3564453125,60.106179628651304,9,0.45068359375,0.09005447222731167,0.13198105026233203,133.1310942578548
13,7,4,0,ecg_only,2088.609375,85.04688361197825,8,0.5340401785714286,0.12877452492047833,0.1876491377364393,112.35109717868337,2084.73046875,78.32775944567975,8,0.5334821428571429,0.1316562249469548,0.18949003613797985,112.46861924686192
13,7,5,0,ecg_only,2070.83203125,81.71358796659233,10,0.4210069444444444,0.10314896373272879,0.14990791037099035,142.51546391752578,2066.99609375,74.81432736108246,9,0.4697265625,0.12907999063345796,0.21183979473369138,127.73388773388774
13,7,6,0,ecg_only,2115.8642578125,74.33598065116941,11,0.3765625,0.03071813008021484,0.047735163489123336,159.33609958506224,2114.189453125,68.221128036983,9,0.46630859375,0.11942744516061948,0.15324254098385182,128.67015706806282
13,7,7,0,ecg_only,2129.9697265625,64.40434753924988,10,0.4236111111111111,0.08544506782797087,0.0930556972622781,141.63934426229508,2128.2646484375,56.778311359990525,9,0.47900390625,0.10998257412298447,0.16351017786214084,125.25993883792049
13,7,8,0,ecg_only,2141.1123046875,66.37052778131017,9,0.4833984375,0.11173428514146505,0.17868387224306728,124.12121212121212,2137.1025390625,56.29246863305216,9,0.482421875,0.10595590617202222,0.1668228144559103,124.37246963562752
13,7,9,0,ecg_only,2142.697265625,72.58450188847613,8,0.53125,0.11493368380986986,0.2241134697663868,112.94117647058823,2137.0966796875,64.80434366402861,8,0.5290178571428571,0.12032368090108753,0.23439670038428798,113.41772151898735
13,7,10,0,ecg_only,2014.513671875,143.98644890867277,8,0.4760044642857143,0.12326906617388912,0.201434017109072,126.04923798358733,2012.4990234375,138.22782512819668,10,0.4092881944444444,0.09232455416880786,0.12168297923918299,146.59597030752917
13,8,1,1,ecg_only,2090.7890625,72.32638450797948,8,0.5306919642857143,0.09858771337724637,0.15641267573380468,113.05993690851734,2092.1708984375,66.53924984763925,8,0.5357142857142857,0.10421979937436386,0.17976532508485774,112.0
13,8,2,1,ecg_only,2094.236328125,66.01861722947804,9,0.47607421875,0.10758931375355064,0.14699872495878638,126.03076923076924,2095.3544921875,58.05826410255048,8,0.54296875,0.10416899178952645,0.20301228844041067,110.50359712230215
13,8,3,1,ecg_only,2098.38671875,67.45331762028758,8,0.49888392857142855,0.09399879296439266,0.1452071050357543,120.26845637583894,2101.001953125,57.854342932793756,8,0.5022321428571429,0.10953147971896492,0.18574208481201157,119.46666666666665
13,8,4,1,ecg_only,2025.603515625,128.14332577534182,9,0.47705078125,0.10562122767105678,0.1712269642027484,125.77277379733879,2029.169921875,124.67110807663657,9,0.48193359375,0.09806433290479023,0.1450731876371556,124.4984802431611
13,8,5,1,ecg_only,1972.0263671875,113.97374238485338,10,0.3702256944444444,0.012043782053395492,0.019918044974971814,162.06330597889803,1975.8291015625,106.77402527493079,10,0.3697916666666667,0.021076059969060736,0.029100907081545585,162.25352112676055
13,8,6,1,ecg_only,2043.103515625,98.43942968021189,10,0.4110243055555556,0.09585629002413643,0.09307619185503012,145.9767687434002,2050.76171875,92.33808601165555,10,0.4088541666666667,0.10116106562268246,0.09877291256633033,146.7515923566879
13,8,7,1,ecg_only,2069.5771484375,69.9957999944896,10,0.4361979166666667,0.09675802189145467,0.15453156597541,137.55223880597015,2074.9755859375,64.01870751402322,10,0.4318576388888889,0.10346625052678282,0.16877305615062457,138.93467336683418
13,8,8,1,ecg_only,2084.349609375,74.81917550524673,9,0.44140625,0.08903336968782408,0.1128378019953942,135.92920353982302,2082.63671875,65.48281366975917,9,0.47705078125,0.10696703244300594,0.1782808391756879,125.77277379733879
13,8,9,1,ecg_only,2110.1611328125,72.78321844889271,8,0.5390625,0.09488248282414936,0.1909872646380021,111.30434782608695,2109.880859375,65.10228929259304,9,0.4716796875,0.10805477618209071,0.15794283867962666,127.20496894409938
13,8,10,1,ecg_only,2110.7919921875,72.39506612979532,7,0.5553385416666666,0.10800426094848997,0.21331129596056322,108.042203985932,2112.2080078125,64.6008681244876,8,0.47544642857142855,0.12185128628532305,0.18482246196801044,126.19718309859155
13,9,1,0,ecg_only,1991.3154296875,128.68872599969566,9,0.48486328125,0.11189953242009083,0.220165422347708,123.74622356495469,1998.658203125,122.71233340070688,9,0.4814453125,0.1259689920205905,0.2530893452071147,124.62474645030426
13,9,2,0,ecg_only,2098.255859375,80.10040674665906,8,0.5178571428571429,0.1224427513562721,0.21105200402968913,115.86206896551722,2101.9326171875,75.7475656489638,9,0.4931640625,0.13881965607082122,0.25312379436441274,121.66336633663366
13,9,3,0,ecg_only,2004.48828125,179.34744414695712,9,0.44580078125,0.11174602042329891,0.18605282288045433,134.58926615553122,2013.791015625,173.57390828702052,9,0.44140625,0.12405034772031576,0.21277412236556753,135.92920353982302
13,9,4,0,ecg_only,2005.646484375,178.90259556132182,10,0.4383680555555556,0.11586021755779063,0.13754632342911674,136.87128712871285,2015.8779296875,173.58809830249396,11,0.39296875,0.07487783018440772,0.0933149628498381,152.68389662027835
13,9,5,0,ecg_only,2074.2626953125,85.0372524925711,9,0.45556640625,0.131265948098694,0.21137623849905393,131.70418006430867,2073.7734375,80.38301523446103,10,0.4010416666666667,0.10231094416959997,0.1511749030704481,149.6103896103896
13,9,6,0,ecg_only,1990.546875,97.3406738578965,10,0.390625,0.035943160786047555,0.04958399326088322,153.6,1991.11328125,84.35883444315952,10,0.3897569444444444,0.03612091713813052,0.044943099605483795,153.9420935412027
13,9,7,0,ecg_only,1971.9384765625,128.9919189723881,10,0.4184027777777778,0.09078134794463597,0.12659956777779077,143.40248962655602,1980.8310546875,124.61002359729687,10,0.4184027777777778,0.08682942380190059,0.1238426031559629,143.40248962655602
13,9,8,0,ecg_only,2071.744140625,140.26724271807095,9,0.46337890625,0.12427980853677126,0.15754209064139246,129.4836670179136,2081.92578125,136.1037502044016,9,0.4638671875,0.11260150992158628,0.12629249472684573,129.34736842105264
13,9,9,0,ecg_only,2124.296875,74.13269188326683,8,0.5541294642857143,0.10706726313909841,0.2206138047501882,108.27794561933534,2135.859375,67.27884597133318,8,0.5546875,0.10160541675661644,0.2073994367571607,108.16901408450704
13,9,10,0,ecg_only,2073.9033203125,79.65864323537356,8,0.5362723214285714,0.12373301618921528,0.24665630971799185,111.88345473465141,2085.6533203125,71.93236792558531,8,0.53125,0.11236350847011803,0.22166032748611106,112.94117647058823
13,10,1,1,ecg_only,2021.0361328125,68.80595495018844,9,0.470703125,0.08423382286268681,0.15392381154338872,127.4688796680498,2019.09765625,59.9641676399901,9,0.47021484375,0.09761595848503536,0.1854131919735284,127.601246105919
13,10,2,1,ecg_only,2021.8359375,69.45796304507564,9,0.45849609375,0.0782698242620657,0.12734956987139207,130.8626198083067,2019.0517578125,59.937436920228286,9,0.45849609375,0.10290462181455165,0.17860455886863782,130.8626198083067
13,10,3,1,ecg_only,2025.4853515625,70.42108130150572,8,0.48604910714285715,0.08338480287657522,0.16626436635138983,123.4443168771527,2031.1748046875,59.17668946581693,8,0.4838169642857143,0.0959659195176329,0.18706546870904137,124.01384083044982
13,10,4,1,ecg_only,2021.978515625,71.7587206654817,8,0.47879464285714285,0.06411342239439764,0.12176393844537539,125.31468531468532,2029.24609375,59.707751672133924,8,0.47879464285714285,0.08506704921369979,0.17362684390519562,125.31468531468532
13,10,5,1,ecg_only,2009.4482421875,70.34450144559165,9,0.4638671875,0.07671456319723764,0.13520365859278735,129.34736842105264,2016.685546875,58.76991638889048,9,0.4638671875,0.09156282496476037,0.1619899920781594,129.34736842105264
13,10,6,1,ecg_only,2011.7861328125,69.91579871004558,9,0.4677734375,0.05564692718714209,0.09918447101887796,128.26722338204593,2019.7939453125,58.902739637289024,9,0.46875,0.06433464489062736,0.11580283139426502,128.0
13,10,7,1,ecg_only,2014.0869140625,69.88755802185565,9,0.46240234375,0.0758943637730408,0.12348234662272724,129.75712777191129,2037.677734375,58.610403069693554,9,0.4619140625,0.08253542053015689,0.14615103441471453,129.89429175475686
13,10,8,1,ecg_only,2016.255859375,69.67726217429345,9,0.46533203125,0.06575500689686554,0.11341586828873418,128.9401888772298,2044.6376953125,61.14933201291667,9,0.46533203125,0.074665531774252,0.1479962897700962,128.9401888772298
13,10,9,1,ecg_only,2031.908203125,74.32768565335356,9,0.49267578125,0.08444725051478488,0.16150482961459475,121.78394449950446,2036.97265625,67.28429970427229,9,0.4931640625,0.1065796171071882,0.20908474517300993,121.66336633663366
13,10,10,1,ecg_only,2033.9306640625,73.31962665934184,9,0.4697265625,0.08508432132796173,0.1763631242363374,127.73388773388774,2030.9306640625,64.76939318914661,9,0.47021484375,0.07362368094488364,0.14722839324255943,127.601246105919
13,11,1,0,ecg_only,2053.1328125,66.52021791974109,9,0.49169921875,0.09919563084178953,0.19257569136031108,122.025819265144,2059.564453125,58.84976358422927,9,0.48486328125,0.10072213738474073,0.19441198653327038,123.74622356495469
13,11,2,0,ecg_only,2043.4189453125,67.73155647582325,9,0.486328125,0.0920251483546074,0.1589540023418444,123.37349397590361,2040.7880859375,59.1029541900624,9,0.4892578125,0.10249254897413199,0.19568045696706476,122.63473053892216
13,11,3,0,ecg_only,2028.6181640625,68.01356785417401,9,0.49560546875,0.10363417261110394,0.2037090247607435,121.06403940886699,2027.14453125,58.81218956957625,9,0.49853515625,0.09856873498715388,0.19677466086769965,120.35259549461313
13,11,4,0,ecg_only,2021.6279296875,68.75434106472882,9,0.49609375,0.08564848417687773,0.16962174592559828,120.94488188976378,2035.0419921875,61.059294906416085,9,0.49609375,0.08871144491543566,0.17529073426127562,120.94488188976378
13,11,5,0,ecg_only,2032.3017578125,69.17641733755872,9,0.49169921875,0.0656679285512339,0.12690375070093193,122.025819265144,2048.4970703125,58.4232435084011,9,0.49462890625,0.06858048782224084,0.13628758543271782,121.30306021717671
13,11,6,0,ecg_only,2033.025390625,68.31722693392321,9,0.49169921875,0.09143123448274165,0.17564478830117924,122.025819265144,2045.0400390625,58.12667469360323,9,0.48779296875,0.08403971423514948,0.1626480266721891,123.003003003003
13,11,7,0,ecg_only,2023.623046875,68.79999954645024,9,0.4970703125,0.09348003937328261,0.18251607148535284,120.70726915520629,2036.1630859375,59.518311952410826,9,0.49658203125,0.09406355239431523,0.179814832601311,120.8259587020649
13,11,8,0,ecg_only,2030.4404296875,67.83735407301694,9,0.4677734375,0.11771933355103238,0.19134360308608253,128.26722338204593,2041.6728515625,60.248811947517616,8,0.5401785714285714,0.0977502736144978,0.17876518273952519,111.07438016528926
13,11,9,0,ecg_only,2038.998046875,67.41560114272737,9,0.470703125,0.12829816328058588,0.18167812352948945,127.4688796680498,2055.4169921875,59.84684998772337,8,0.5407366071428571,0.09708217745235377,0.1609561452589325,110.95975232198144
13,11,10,0,ecg_only,2036.7333984375,68.41934846166961,9,0.47314453125,0.10551282173815399,0.1573898158378244,126.81114551083591,2048.75,59.8820128982819,8,0.5390625,0.10433626446537793,0.20282429665229953,111.30434782608695
13,12,1,0,ecg_only,2061.6669921875,67.7726513415206,10,0.4162326388888889,0.07963197427036446,0.14186734216667873,144.15015641293013,2061.646484375,58.27281295619665,10,0.4162326388888889,0.0935528727408784,0.14204201434044303,144.15015641293013
13,12,2,0,ecg_only,2037.5546875,66.31290452206376,10,0.4266493055555556,0.07300445277779843,0.12448778109357385,140.63072227873855,2040.568359375,54.25233303274477,10,0.4131944444444444,0.07872550845146291,0.13074271852484032,145.21008403361344
13,12,3,0,ecg_only,2031.1611328125,67.18857857481609,10,0.4266493055555556,0.07930484484138632,0.14582534041526035,140.63072227873855,2031.3701171875,51.92624281569982,10,0.4188368055555556,0.06785285502035696,0.10819149023638741,143.2538860103627
13,12,4,0,ecg_only,2032.9716796875,68.61945118384727,10,0.38671875,0.04833518539914215,0.05386164934819405,155.15151515151516,2035.33984375,56.65487738249537,9,0.4345703125,0.08461225143713952,0.09723121791751461,138.06741573033707
13,12,5,0,ecg_only,2028.982421875,63.46903221559725,10,0.4045138888888889,0.059330184313218105,0.0774753260558543,148.3261802575107,2033.853515625,51.86739427812892,10,0.4079861111111111,0.031147352635432557,0.037314400731528904,147.06382978723406
13,12,6,0,ecg_only,2058.2275390625,70.61807200117076,9,0.42041015625,0.06579850285458837,0.08830198871451027,142.7177700348432,2057.3720703125,59.13637279306244,10,0.4105902777777778,0.06878758354725119,0.09253155144433337,146.1310782241015
13,12,7,0,ecg_only,2063.486328125,65.74404239134398,10,0.4184027777777778,0.06495932963149204,0.08931143254041934,143.40248962655602,2065.9453125,54.7478143961231,10,0.421875,0.09714274715413795,0.14647135358791152,142.22222222222223
13,12,8,0,ecg_only,2047.275390625,61.87909029917668,11,0.388671875,0.031310975667737106,0.05021046740796573,154.3718592964824,2051.1611328125,52.45254936277393,11,0.38828125,0.028662400512256474,0.0416463166451028,154.5271629778672
13,12,9,0,ecg_only,2051.388671875,69.42307813633434,10,0.4149305555555556,0.0624396892651196,0.0897587913521567,144.60251046025104,2048.470703125,58.70156847728275,10,0.4149305555555556,0.0758295096588922,0.12016878337997534,144.60251046025104
13,12,10,0,ecg_only,2047.412109375,68.12987432278176,9,0.43798828125,0.0695333759111449,0.1179384421805427,136.98996655518394,2043.4658203125,58.26294789464366,9,0.43798828125,0.07715307294222772,0.1307031149933819,136.98996655518394
13,13,1,1,ecg_only,2074.0634765625,65.61243089471319,10,0.4231770833333333,0.06931683153232378,0.12268206087901946,141.7846153846154,2074.48828125,54.717686841604504,10,0.421875,0.051362195112802135,0.07930024238539761,142.22222222222223
13,13,2,1,ecg_only,2047.412109375,69.700391813734,9,0.44287109375,0.1037904940712101,0.18126972260305715,135.47960308710034,2044.8798828125,60.095011245100594,9,0.447265625,0.08050571814658183,0.12527000693412924,134.14847161572052
13,13,3,1,ecg_only,2028.3193359375,75.51179916821954,9,0.453125,0.12902456691338862,0.21333684191770452,132.41379310344828,2026.93359375,66.35635246217925,9,0.453125,0.10814740781177444,0.1539592117902962,132.41379310344828
13,13,4,1,ecg_only,2041.7763671875,75.61948448434222,9,0.46826171875,0.09215847787010678,0.12342054585194824,128.13347236704902,2047.81640625,68.60269363942615,10,0.4171006944444444,0.06300732082715751,0.09220115431189195,143.85015608740895
13,13,5,1,ecg_only,2066.6796875,71.434567261952,10,0.4309895833333333,0.05983919423477113,0.07762289823920959,139.21450151057402,2075.89453125,62.20111824330631,10,0.4327256944444444,0.06159219668995526,0.0687211409599968,138.65596790371114
13,13,6,1,ecg_only,2065.0625,68.60120261336532,10,0.4197048611111111,0.07074785913880197,0.10667352972204198,142.95760082730092,2069.11328125,57.94654105711055,9,0.47119140625,0.08057528360182574,0.13514721790629838,127.33678756476684
13,13,7,1,ecg_only,2033.24609375,72.73174159018338,9,0.4580078125,0.0851067355331261,0.14790788978822983,131.00213219616205,2034.6767578125,60.66039565009216,9,0.4580078125,0.07063051995505268,0.12066094891320028,131.00213219616205
13,13,8,1,ecg_only,2026.8662109375,75.39837344183398,11,0.39140625,0.04359627008844909,0.06206445462402597,153.29341317365268,2030.056640625,65.94196308091381,11,0.391796875,0.04631995606731644,0.054718493201694515,153.1405782652044
13,13,9,1,ecg_only,2055.400390625,74.25919187529858,10,0.4357638888888889,0.07939743109221614,0.11403641075777343,137.68924302788844,2056.59765625,64.79268497104312,10,0.43359375,0.08740461691061673,0.1361245457945533,138.3783783783784
13,13,10,1,ecg_only,2066.87109375,71.68675746383505,8,0.50390625,0.12191005104943152,0.24758250906631696,119.06976744186046,2068.64453125,60.91028726818462,8,0.5061383928571429,0.10580627916215703,0.21187580659875965,118.54465270121278
13,14,1,0,ecg_only,2113.283203125,69.02031991823125,9,0.478515625,0.10129923812414016,0.18861276941319294,125.38775510204081,2111.5966796875,58.24242531147741,9,0.47705078125,0.09230323896914093,0.16597787123240038,125.77277379733879
13,14,2,0,ecg_only,2098.3896484375,68.62082701817032,9,0.49560546875,0.10673497536051602,0.18786585400642264,121.06403940886699,2097.09375,58.12882211895834,9,0.49609375,0.1088505843210373,0.1939966837581297,120.94488188976378
13,14,3,0,ecg_only,2094.26171875,68.39152179397603,9,0.4765625,0.0960810459081941,0.1905044353070337,125.90163934426229,2094.3876953125,57.8040119187861,9,0.47900390625,0.07483139159041745,0.13643145835635223,125.25993883792049
13,14,4,0,ecg_only,2094.0751953125,68.25727704137104,9,0.47509765625,0.10998257412298447,0.21678807696111888,126.28982528263104,2095.5546875,57.814230865136864,9,0.48388671875,0.08403971423514948,0.16508899749115302,123.99596367305752
13,14,5,0,ecg_only,2093.775390625,68.32808276527787,9,0.46630859375,0.1057024591598347,0.1996996122388529,128.67015706806282,2095.0947265625,58.51693975094611,9,0.46630859375,0.09264356658223574,0.16454012109784305,128.67015706806282
13,14,6,0,ecg_only,2104.6220703125,68.03476493281804,9,0.47021484375,0.10042818902944232,0.18720330879165742,127.601246105919,2106.2216796875,58.134900691655524,9,0.474609375,0.11865937639909403,0.22470276591046337,126.41975308641975
13,14,7,0,ecg_only,2110.607421875,68.52488843873276,9,0.4677734375,0.11671045480688724,0.22114836371160748,128.26722338204593,2113.0654296875,58.63198432718693,9,0.46435546875,0.10134512306527735,0.18441708433142404,129.21135646687696
13,14,8,0,ecg_only,2103.2890625,67.35318551576528,8,0.47879464285714285,0.08706787886090217,0.16196419829687028,125.31468531468532,2105.1513671875,57.04433529753019,8,0.4765625,0.09888732963354593,0.19045389135712854,125.90163934426229
13,14,9,0,ecg_only,2090.3935546875,68.37630252887652,9,0.45947265625,0.08582506627636692,0.1380752223249678,130.5844845908608,2090.048828125,56.83781028781993,9,0.462890625,0.08078952296854076,0.13361430762880525,129.62025316455697
13,14,10,0,ecg_only,2075.6201171875,69.67587645204951,8,0.49888392857142855,0.0990572338537815,0.19067408862484872,120.26845637583894,2075.0849609375,58.2025994808359,8,0.4994419642857143,0.09466233374392868,0.18166512491581063,120.1340782122905
13,15,1,0,ecg_only,2032.4345703125,77.01138572611191,9,0.48046875,0.08000663729790641,0.13765622466352936,124.8780487804878,2038.9541015625,69.66826277901535,9,0.48046875,0.08500021541792556,0.14867960753763323,124.8780487804878
13,15,2,0,ecg_only,2050.76171875,71.42831209626124,9,0.45947265625,0.09771360620343655,0.16562947475424195,130.5844845908608,2054.3798828125,63.451778146764866,9,0.45654296875,0.09523237018180497,0.15645912344848367,131.42245989304814
13,15,3,0,ecg_only,2061.9365234375,69.4833955689308,9,0.45947265625,0.10368017397724673,0.15599868181391333,130.5844845908608,2062.197265625,61.027386849251485,9,0.4599609375,0.10271562180312371,0.15620814171465722,130.44585987261146
13,15,4,0,ecg_only,2063.09765625,70.26077426812799,9,0.46240234375,0.08355032960745666,0.14698389532697476,129.75712777191129,2063.2421875,61.960577952556605,9,0.45458984375,0.08461647799925866,0.12523520004072766,131.98711063372718
13,15,5,0,ecg_only,2060.4248046875,70.96212547489667,8,0.5172991071428571,0.10664761846788914,0.2042300171432783,115.98705501618124,2063.4912109375,62.219887302030536,8,0.5139508928571429,0.0929527377524515,0.18209159407510414,116.74267100977198
13,15,6,0,ecg_only,2043.64453125,72.23602677226076,9,0.46044921875,0.09222054616587258,0.1393950428013467,130.30752916224813,2048.255859375,63.98682241079193,9,0.458984375,0.08730272124463676,0.13205535230133073,130.72340425531914
13,15,7,0,ecg_only,2048.84375,72.77805649928074,8,0.5262276785714286,0.1065219873690332,0.19719793083544576,114.01908801696712,2048.5908203125,63.63133528220068,8,0.5212053571428571,0.08943904245379096,0.16441090238855435,115.11777301927197
13,15,8,0,ecg_only,2053.755859375,71.58134962478162,9,0.46630859375,0.09665379032886669,0.14925760292611562,128.67015706806282,2054.5966796875,62.73258620356748,9,0.462890625,0.09075203246475737,0.1292187095137266,129.62025316455697
13,15,9,0,ecg_only,2053.1416015625,71.73547917477792,9,0.4970703125,0.11272002003850279,0.18850872632202884,120.70726915520629,2056.8486328125,63.15759939557589,9,0.49658203125,0.10553089712692243,0.169383833619144,120.8259587020649
13,15,10,0,ecg_only,2053.9072265625,70.83505947552945,9,0.45654296875,0.11320440382462198,0.17444307107088794,131.42245989304814,2054.3994140625,62.27956156492415,8,0.5206473214285714,0.09988995160395929,0.17205246519957218,115.24115755627011
13,16,1,0,ecg_only,2084.892578125,72.47368988926789,9,0.4326171875,0.1195840556868336,0.20325373667712554,138.69074492099324,2083.708984375,66.32486393149259,9,0.43505859375,0.09449850729111557,0.16113323525377443,137.9124579124579
13,16,2,0,ecg_only,2063.974609375,70.63681690302276,10,0.3997395833333333,0.06616326049954428,0.10539638721275033,150.09771986970685,2062.5908203125,64.03945891827817,10,0.3962673611111111,0.059728908903770174,0.10058119679362292,151.41292442497263
13,16,3,0,ecg_only,2058.2646484375,70.70165419929741,10,0.3771701388888889,0.023946378861343265,0.03069576883887053,159.0794016110472,2058.2158203125,63.755141518392165,9,0.42431640625,0.08866708885417421,0.08791852235826483,141.40391254315304
13,16,4,0,ecg_only,2049.2109375,64.43122876172775,10,0.4001736111111111,0.06572906119760277,0.0625762474359406,149.93492407809111,2051.7939453125,56.915297558330124,9,0.47021484375,0.08956600879256747,0.1267490633330423,127.601246105919
13,16,5,0,ecg_only,2040.6640625,64.27995439187161,10,0.4240451388888889,0.08364020465587434,0.13233052481514446,141.49437052200614,2044.2373046875,56.022607522970496,10,0.4366319444444444,0.08296177293034976,0.1307208338458992,137.41550695825052
13,16,6,0,ecg_only,2050.9580078125,71.67295783692542,10,0.42578125,0.08880933804677049,0.15126949972764359,140.91743119266056,2054.0537109375,63.900649555170354,10,0.4305555555555556,0.08620888686206843,0.13659313425707706,139.3548387096774
13,16,7,0,ecg_only,2059.01171875,72.08065591003525,9,0.4267578125,0.06611118961333129,0.1145061546760931,140.5949656750572,2061.33984375,64.82336075810622,9,0.42724609375,0.045885449458906886,0.06568011609817422,140.43428571428572
13,16,8,0,ecg_only,2057.98828125,71.3617398158558,10,0.4279513888888889,0.0789262538052938,0.10522432614883577,140.20283975659228,2062.2255859375,64.20317549621126,10,0.4288194444444444,0.06356988406555437,0.07435996023750575,139.91902834008098
13,16,9,0,ecg_only,2054.6142578125,64.46427844281112,10,0.42578125,0.07851465329000695,0.14402227738039675,140.91743119266056,2057.990234375,56.41680045325655,10,0.4318576388888889,0.06665118002269885,0.10146855631141045,138.93467336683418
13,16,10,0,ecg_only,2056.3984375,66.04991481870809,9,0.4482421875,0.07377411011818759,0.1233145296154744,133.8562091503268,2056.7275390625,56.70809114204989,9,0.45556640625,0.09131642680305196,0.15897457136761797,131.70418006430867
13,17,1,0,ecg_only,1996.216796875,108.38323512132764,10,0.4227430555555556,0.10309964206094091,0.18401402196115466,141.93018480492813,2003.375,99.40514479894891,10,0.4353298611111111,0.09863418524056955,0.18625993740530078,137.82652043868396
13,17,2,0,ecg_only,1991.533203125,98.38927822393805,10,0.4262152777777778,0.11287559739410294,0.1984513405606334,140.77393075356414,2003.1796875,92.51437249774948,9,0.4775390625,0.14281537944136294,0.24008120661578092,125.6441717791411
13,17,3,0,ecg_only,2076.287109375,71.61789333910757,10,0.4188368055555556,0.05648034007176226,0.0749984741055714,143.2538860103627,2082.4775390625,63.01191513222945,10,0.4149305555555556,0.09659629238109863,0.15817298131034124,144.60251046025104
13,17,4,0,ecg_only,2090.587890625,71.86660338076398,9,0.45751953125,0.09686077382627906,0.1369497410907426,131.1419423692636,2090.2724609375,65.60766871887033,9,0.45751953125,0.12700475963174063,0.19575285180542162,131.1419423692636
13,17,5,0,ecg_only,2020.0205078125,107.2021061902103,10,0.4379340277777778,0.11478209034885799,0.18280248369996235,137.00693756194252,2014.095703125,103.0681122500401,10,0.4409722222222222,0.11021571183204808,0.16972532634043508,136.06299212598427
13,17,6,0,ecg_only,1994.9189453125,103.70240941849005,10,0.4045138888888889,0.06730929869475183,0.10961016849766238,148.3261802575107,1990.908203125,98.1843141346098,10,0.4053819444444444,0.0558464066196765,0.08251808661827191,148.00856531049251
13,17,7,0,ecg_only,2062.2041015625,82.1131337910671,10,0.4388020833333333,0.08371899690457557,0.13800317423390235,136.7359050445104,2066.060546875,75.4157114744728,10,0.4327256944444444,0.07404213676016383,0.11417849143018766,138.65596790371114
13,17,8,0,ecg_only,2098.296875,65.85443338518961,10,0.43359375,0.08243329057991883,0.1088943820873938,138.3783783783784,2100.8359375,56.447538883427804,10,0.4240451388888889,0.07117790899551465,0.08541433439714796,141.49437052200614
13,17,9,0,ecg_only,2100.0322265625,72.69562734364543,9,0.45361328125,0.061498243229283274,0.08151142694870632,132.2712594187298,2103.2060546875,64.5362174424428,9,0.4541015625,0.08297333842950227,0.11920693046633386,132.1290322580645
13,17,10,0,ecg_only,2090.5234375,67.61101574953295,10,0.4344618055555556,0.06962866191026207,0.10847319353563954,138.1018981018981,2089.99609375,59.47232142762893,9,0.45458984375,0.06748711074403133,0.11886815667736671,131.98711063372718
13,18,1,1,ecg_only,2030.9892578125,66.57088328836345,10,0.41796875,0.09327861816964747,0.16130731554653102,143.55140186915887,2033.044921875,58.3110759270925,10,0.4153645833333333,0.09780370811569751,0.17272737858965245,144.45141065830722
13,18,2,1,ecg_only,2051.5927734375,72.76483946137238,10,0.4079861111111111,0.09326246043209864,0.13412722432335467,147.06382978723406,2053.3486328125,66.41007002311132,11,0.366796875,0.019952488733003333,0.028318441628817116,163.57827476038338
13,18,3,1,ecg_only,2074.5439453125,65.64154570037569,10,0.3923611111111111,0.06990407786558417,0.09326044051807283,152.9203539823009,2077.57421875,56.95446337054848,9,0.44287109375,0.11676253512477643,0.18810936137241416,135.47960308710034
13,18,4,1,ecg_only,2061.8359375,65.88198520173093,11,0.391796875,0.06517821309985895,0.08753060910551203,153.1405782652044,2063.837890625,55.69317354869928,9,0.49072265625,0.13075639458914484,0.24599629589663757,122.26865671641791
13,18,5,1,ecg_only,2059.9765625,65.32288671521333,10,0.4296875,0.07086492095931134,0.10348798274796059,139.63636363636363,2064.7109375,55.71946365832225,10,0.4088541666666667,0.059498227389561786,0.09134905729428568,146.7515923566879
13,18,6,1,ecg_only,2054.5693359375,60.10772456101438,10,0.4309895833333333,0.09282310896157091,0.11618221152316761,139.21450151057402,2058.5029296875,49.94895823655315,10,0.4348958333333333,0.09039872373807178,0.08996043713223852,137.96407185628743
13,18,7,1,ecg_only,2058.7890625,61.98031155936612,10,0.3971354166666667,0.0666737870546464,0.08312835916027507,151.08196721311475,2059.3759765625,49.9948068496814,10,0.4032118055555556,0.049471551558246556,0.06744647128840628,148.80516684607105
13,18,8,1,ecg_only,2071.6279296875,67.03680222642676,10,0.4097222222222222,0.07713004559350507,0.13494948961034922,146.4406779661017,2073.6484375,55.87960898828475,10,0.4036458333333333,0.05817267683252259,0.07192168999813268,148.6451612903226
13,18,9,1,ecg_only,2062.72265625,67.7539150331502,9,0.41748046875,0.0795868481031333,0.09711905821018822,143.71929824561403,2063.990234375,56.86782151078559,9,0.41748046875,0.0675577298296887,0.05647200115156625,143.71929824561403
13,18,10,1,ecg_only,2048.7080078125,59.32408750035637,9,0.48876953125,0.09111778190920646,0.14576273136857304,122.75724275724276,2049.0908203125,48.430448616891184,9,0.48828125,0.0843017259957314,0.11924349701028175,122.88
14,1,1,0,ecg_only,1987.2763671875,52.0363340992635,9,0.46337890625,0.06992998981804693,0.09752222946567289,129.4836670179136,2029.2529296875,45.55565675644114,9,0.4736328125,0.06582205116397995,0.08994074732919406,126.68041237113403
14,1,2,0,ecg_only,2008.0283203125,56.31088873519401,10,0.4266493055555556,0.04825717504262072,0.0733917743283435,140.63072227873855,2047.63671875,48.66919243585616,10,0.4275173611111111,0.05941585055085974,0.0955734932004636,140.3451776649746
14,1,3,0,ecg_only,2006.3916015625,58.27230970112432,9,0.4482421875,0.08766790356748569,0.09171669655768985,133.8562091503268,2045.9873046875,49.95639539029553,9,0.4482421875,0.08909226305044236,0.09430638470659647,133.8562091503268
14,1,4,0,ecg_only,1984.3681640625,47.265769133545085,9,0.48046875,0.09796825159362854,0.16065226978077304,124.8780487804878,2025.0869140625,39.894358357520176,8,0.5457589285714286,0.08483244171924129,0.11434263900685555,109.93865030674846
14,1,5,0,ecg_only,1990.2861328125,47.120038315202066,9,0.48388671875,0.07407566130668332,0.11240230132764187,123.99596367305752,2028.7705078125,40.544235455220715,9,0.47900390625,0.10129806131388769,0.19087595088756504,125.25993883792049
14,1,6,0,ecg_only,2011.3046875,52.03678590576424,9,0.484375,0.07719169080222463,0.10048362406560156,123.87096774193549,2047.517578125,44.39906569692116,9,0.4794921875,0.09076779395486922,0.14753898641091687,125.13238289205702
14,1,7,0,ecg_only,2016.5341796875,56.64402622297397,9,0.4794921875,0.053622085598798226,0.09033976046807171,125.13238289205702,2051.9638671875,49.06195922359156,9,0.47900390625,0.09470013121904992,0.13994908243794676,125.25993883792049
14,1,8,0,ecg_only,2012.6259765625,56.89722907823105,9,0.46435546875,0.04084962221528904,0.055400328776744896,129.21135646687696,2053.4267578125,49.397092632886505,9,0.4638671875,0.08269702850132657,0.15422092106591648,129.34736842105264
14,1,9,0,ecg_only,2008.73046875,51.40688268393906,8,0.5061383928571429,0.10984944020663798,0.21093147175028099,118.54465270121278,2049.359375,44.11966316433496,8,0.5055803571428571,0.11081751919523707,0.18007628908138604,118.67549668874173
14,1,10,0,ecg_only,2007.5478515625,52.21129374573059,10,0.4205729166666667,0.06531216772908569,0.08645749991754438,142.6625386996904,2046.4296875,45.122348189698016,10,0.4184027777777778,0.08223652483288375,0.12156536187183933,143.40248962655602
14,2,1,0,ecg_only,2039.154296875,49.06761140864068,9,0.4765625,0.08613701980937478,0.15350547210610394,125.90163934426229,2053.4775390625,44.200730464906194,9,0.46533203125,0.09273616644423287,0.1846297234077574,128.9401888772298
14,2,2,0,ecg_only,2043.587890625,47.031240550702435,9,0.48486328125,0.08353891445836387,0.1430227137617858,123.74622356495469,2054.6240234375,41.682700354127135,9,0.48193359375,0.10865656730511172,0.2021245106397027,124.4984802431611
14,2,3,0,ecg_only,2039.2958984375,50.0982759064839,9,0.46484375,0.05869132500514344,0.10388610841303739,129.07563025210084,2048.701171875,45.27980025493387,9,0.4619140625,0.07811889624593779,0.15002964271835226,129.89429175475686
14,2,4,0,ecg_only,2022.083984375,52.17661541940753,10,0.4288194444444444,0.037727975368230436,0.045575241756164196,139.91902834008098,2035.65234375,48.04508619002401,10,0.4296875,0.03983608994994363,0.050233676365670644,139.63636363636363
14,2,5,0,ecg_only,2013.154296875,48.95076469626767,9,0.45947265625,0.06740227017527135,0.12874550312881944,130.5844845908608,2029.828125,44.960222762563966,9,0.45458984375,0.07393390807377576,0.14775306255512827,131.98711063372718
14,2,6,0,ecg_only,2024.8818359375,50.60924428962394,9,0.47802734375,0.07063558313526122,0.12932831337146916,125.51583248212462,2040.9951171875,44.26472847647032,9,0.470703125,0.12792596010791263,0.20512196597717,127.4688796680498
14,2,7,0,ecg_only,2039.1328125,53.17600435313699,9,0.46728515625,0.05894871322094549,0.11179949941389017,128.40125391849529,2054.939453125,47.22004513128855,9,0.466796875,0.09928332052452214,0.19978691739073173,128.53556485355648
14,2,8,0,ecg_only,2033.6787109375,53.49968326332239,9,0.4638671875,0.0827200895805538,0.139074099135041,129.34736842105264,2050.052734375,48.08313065369905,9,0.45458984375,0.07819668342211052,0.14696906419880756,131.98711063372718
14,2,9,0,ecg_only,2033.1904296875,49.920951832338076,9,0.49267578125,0.06781134960411742,0.10864512530872342,121.78394449950446,2047.5927734375,42.920406742763916,9,0.486328125,0.09196294817963714,0.16648927967150232,123.37349397590361
14,2,10,0,ecg_only,2042.8935546875,50.74300865348789,9,0.44873046875,0.04656626436518943,0.07628982968809989,133.71055495103374,2057.017578125,44.71838621875259,9,0.45947265625,0.058363398115805626,0.09334221207303532,130.5844845908608
14,3,1,1,ecg_only,2034.2041015625,51.37443299920385,8,0.5228794642857143,0.09413121367238513,0.18243344560913966,114.74919957310566,2041.296875,43.53235764473796,8,0.51953125,0.11934399723630547,0.16802173340712628,115.48872180451127
14,3,2,1,ecg_only,2041.8271484375,51.88115932253096,8,0.5189732142857143,0.10176466339334703,0.1682410583387346,115.61290322580645,2048.2724609375,43.77179126275319,9,0.4482421875,0.12633186330082602,0.20770401135679917,133.8562091503268
14,3,3,1,ecg_only,2048.8740234375,51.803591184330074,8,0.5256696428571429,0.10923255118854526,0.20154761128796692,114.14012738853502,2057.169921875,43.683838741362884,8,0.5223214285714286,0.10221959237528733,0.14526839048271134,114.87179487179486
14,3,4,1,ecg_only,2050.0361328125,52.72016394708348,8,0.5262276785714286,0.11634208228329401,0.21001922035058282,114.01908801696712,2059.46484375,44.08575111686412,8,0.5072544642857143,0.10880408577637447,0.20055465082802243,118.28382838283828
14,3,5,1,ecg_only,2053.765625,53.33949117079553,9,0.4765625,0.10358930161075093,0.15942641852625036,125.90163934426229,2062.1689453125,44.228850132508356,9,0.47119140625,0.11746285196259507,0.1934115076726905,127.33678756476684
14,3,6,1,ecg_only,2053.951171875,54.62063375171702,9,0.484375,0.10613576694682442,0.18238464890513675,123.87096774193549,2061.453125,45.77669292592438,9,0.482421875,0.11485305021866529,0.1575835945957392,124.37246963562752
14,3,7,1,ecg_only,2047.7822265625,49.136632255552676,9,0.44873046875,0.09547240804353808,0.15148280074975862,133.71055495103374,2056.4052734375,40.254595180281676,9,0.47119140625,0.13442463512573327,0.20115697543645128,127.33678756476684
14,3,8,1,ecg_only,2043.751953125,46.221665688265745,8,0.5234375,0.09082106254490592,0.155065497229363,114.6268656716418,2050.3544921875,38.32231622992668,9,0.4638671875,0.09034654655337465,0.12346469241624303,129.34736842105264
14,3,9,1,ecg_only,2086.0869140625,71.19145939828906,8,0.49497767857142855,0.08015537665614052,0.14750943428515004,121.21758737316799,2093.787109375,67.9400269039304,9,0.46728515625,0.10002855846784593,0.17173543440654165,128.40125391849529
14,3,10,1,ecg_only,2093.693359375,69.07568959773113,9,0.42822265625,0.10000948860927972,0.12828754389031974,140.11402508551882,2102.5087890625,65.1441904374625,9,0.42822265625,0.07943091878333429,0.08304801416198945,140.11402508551882
14,4,1,0,ecg_only,2025.23046875,56.55483036205018,9,0.49365234375,0.1146525549596024,0.13805153943025228,121.54302670623146,2029.755859375,48.520764772468546,9,0.49462890625,0.09983769596950354,0.09190663555803909,121.30306021717671
14,4,2,0,ecg_only,2027.2275390625,51.894235735171364,7,0.6171875,0.062009796353076345,0.10437804074912022,97.21518987341773,2036.283203125,44.79783005057266,7,0.5826822916666666,0.0565807274287177,0.06761311413568377,102.97206703910615
14,4,3,0,ecg_only,2042.1220703125,49.53374147135774,9,0.43701171875,0.0684552201971567,0.09735444435063778,137.29608938547486,2049.203125,41.77987972229426,9,0.43359375,0.09252124439317977,0.13441133229754104,138.3783783783784
14,4,4,0,ecg_only,2035.9541015625,57.331434668477776,9,0.46875,0.09087804784478001,0.09903050900187095,128.0,2043.337890625,48.62416742783918,10,0.4244791666666667,0.08875204785391652,0.14220305975990152,141.34969325153372
14,4,5,0,ecg_only,2045.0029296875,53.22456654219395,8,0.5345982142857143,0.13250733999692704,0.16997050908417416,112.23382045929019,2053.24609375,43.86300121248215,10,0.4348958333333333,0.0983396228567667,0.1334071590761659,137.96407185628743
14,4,6,0,ecg_only,2050.03125,50.440142821095385,9,0.46044921875,0.10162703591122092,0.12021752396883088,130.30752916224813,2054.41015625,42.824607484781296,9,0.46142578125,0.09622857784320407,0.11851002243914557,130.03174603174602
14,4,7,0,ecg_only,2039.2373046875,56.98212211889612,9,0.46533203125,0.08262059270095341,0.10507532441169627,128.9401888772298,2042.7119140625,49.0978178479463,8,0.5161830357142857,0.10270283098506555,0.14524212845764223,116.23783783783784
14,4,8,0,ecg_only,2042.1806640625,56.328708623436604,9,0.47021484375,0.10455947563325932,0.14081088904347663,127.601246105919,2048.8486328125,47.69621826111634,8,0.5329241071428571,0.08855729653963113,0.14074250010084166,112.58638743455498
14,4,9,0,ecg_only,2049.826171875,55.37784856698533,9,0.45166015625,0.07273751912763297,0.08073216680293197,132.84324324324325,2055.0537109375,47.690367356235505,8,0.546875,0.1141534312203317,0.20113710763483783,109.71428571428571
14,4,10,0,ecg_only,2055.4208984375,50.739373048135015,9,0.47900390625,0.09374872842562132,0.11826144802633576,125.25993883792049,2059.89453125,43.20749140881444,10,0.4066840277777778,0.09375803720692463,0.15677402362133172,147.53468516542156
14,5,1,1,ecg_only,2046.33984375,53.175965758513364,8,0.5452008928571429,0.09853084131403232,0.17843768242839478,110.05117707267144,2054.2763671875,47.283416466454426,8,0.5396205357142857,0.12415009213156271,0.23186590980609534,111.18924508790073
14,5,2,1,ecg_only,2046.0166015625,53.03434100609361,9,0.47119140625,0.0806935549709069,0.14135166912293354,127.33678756476684,2051.1796875,47.633600534731194,9,0.4677734375,0.09769042370814728,0.1726532199152342,128.26722338204593
14,5,3,1,ecg_only,2047.7451171875,48.50171625895719,9,0.4541015625,0.09670927577536756,0.12670606110505894,132.1290322580645,2052.8671875,43.32787355115462,8,0.5172991071428571,0.12721011322441655,0.19204294614502898,115.98705501618124
14,5,4,1,ecg_only,2047.6015625,49.257191709014364,8,0.5318080357142857,0.11754833901735828,0.1056494401273322,112.82266526757608,2052.4169921875,40.78788193603664,10,0.4184027777777778,0.09359514924807835,0.08482051074456431,143.40248962655602
14,5,5,1,ecg_only,2051.9375,53.36109303603141,9,0.4873046875,0.10332658889254,0.1442897354709502,123.12625250501002,2055.4384765625,45.776078249088116,9,0.49365234375,0.11076022746306952,0.17194474031530657,121.54302670623146
14,5,6,1,ecg_only,2049.3349609375,53.998518031589064,9,0.47314453125,0.10400161382450075,0.14805519376835694,126.81114551083591,2055.4697265625,47.58958515020888,10,0.4236111111111111,0.09902874261743623,0.15406801658797184,141.63934426229508
14,5,7,1,ecg_only,2060.09375,56.75480947406572,9,0.49072265625,0.11985788035738262,0.10066784871302718,122.26865671641791,2065.728515625,49.06272419677826,8,0.5412946428571429,0.08926827396632031,0.17027695777838062,110.84536082474226
14,5,8,1,ecg_only,2065.4267578125,50.93288425057008,10,0.4149305555555556,0.082098967126046,0.11677172335791128,144.60251046025104,2070.8681640625,41.78298194508242,9,0.48193359375,0.08719204798495975,0.1261802538958227,124.4984802431611
14,5,9,1,ecg_only,2052.208984375,48.9035769771088,11,0.374609375,0.027646206686282024,0.020422379090310055,160.16684045881127,2055.5703125,41.90480442953223,8,0.5658482142857143,0.10394754003534913,0.17844480839163432,106.03550295857988
14,5,10,1,ecg_only,2051.4091796875,55.19804147721944,10,0.4140625,0.064764740184614,0.07302702771812468,144.9056603773585,2055.6826171875,49.44919120003713,8,0.49330357142857145,0.06755229190236817,0.10063175281430392,121.6289592760181
14,6,1,1,ecg_only,2046.19140625,52.34501383152421,9,0.4736328125,0.07241722906821255,0.10039681314307598,126.68041237113403,2052.44140625,46.481121045511166,9,0.4892578125,0.1285914420642679,0.1980390051092028,122.63473053892216
14,6,2,1,ecg_only,2057.0537109375,52.0368526065681,9,0.45654296875,0.08453754732998431,0.1291680917500111,131.42245989304814,2060.603515625,45.96354520313224,9,0.45703125,0.121361221741453,0.2113195118887764,131.28205128205127
14,6,3,1,ecg_only,2054.3115234375,52.657331443118046,8,0.5050223214285714,0.10099675631599285,0.16461958988832404,118.80662983425415,2058.4287109375,46.24236419123235,8,0.5189732142857143,0.11804796764121751,0.22513242992204424,115.61290322580645
14,6,4,1,ecg_only,2046.580078125,51.767994244696176,8,0.5,0.08092095114876882,0.12086251443616972,120.0,2049.6259765625,45.51838730700705,8,0.5050223214285714,0.09877074504391781,0.13149430078647104,118.80662983425415
14,6,5,1,ecg_only,2053.0478515625,52.779970152421136,9,0.48974609375,0.1052685002175937,0.18729643898026332,122.5124626121635,2057.0078125,47.30219853072205,10,0.4214409722222222,0.10959867450881651,0.18453155595074128,142.3686920700309
14,6,6,1,ecg_only,2048.8984375,53.984132484079005,8,0.5334821428571429,0.12021493360427227,0.1788505189761015,112.46861924686192,2054.423828125,47.56293177565339,11,0.3734375,0.030668416291235186,0.05064752692389772,160.66945606694563
14,6,7,1,ecg_only,2040.03515625,53.61243965641823,8,0.5329241071428571,0.10648397669475719,0.17797388280935938,112.58638743455498,2046.3251953125,46.72023105889169,9,0.47412109375,0.1176575452675009,0.21954574653458575,126.54994850669414
14,6,8,1,ecg_only,2046.400390625,48.640761422107815,9,0.49267578125,0.11083769271040521,0.19060167084997856,121.78394449950446,2053.9453125,41.36507312821221,8,0.5133928571428571,0.10681100953092479,0.1360381123115948,116.86956521739131
14,6,9,1,ecg_only,2048.7919921875,47.22447531405128,9,0.45166015625,0.09449850729111557,0.12021752396883088,132.84324324324325,2054.5908203125,39.54518718878237,8,0.5323660714285714,0.1318523970498095,0.2042798202330007,112.70440251572327
14,6,10,1,ecg_only,2054.2041015625,55.39196571696734,8,0.5133928571428571,0.1026907019232004,0.18684782411095935,116.86956521739131,2057.5703125,46.60424866524879,9,0.4404296875,0.13463464536267622,0.19525668845435415,136.23059866962305
14,7,1,1,ecg_only,2036.091796875,52.549970369484896,9,0.482421875,0.061917451109950616,0.09068895911128047,124.37246963562752,2041.998046875,46.46789882472956,9,0.482421875,0.07511283016808364,0.1126444540089445,124.37246963562752
14,7,2,1,ecg_only,2035.9423828125,52.602333306823994,9,0.4765625,0.0405008620182182,0.06770654473370197,125.90163934426229,2041.79296875,46.344014553516224,9,0.466796875,0.06194824815294416,0.07613251615926714,128.53556485355648
14,7,3,1,ecg_only,2046.38671875,52.63450830238085,9,0.4677734375,0.08983844243833534,0.1579980345012241,128.26722338204593,2052.666015625,46.29777702614086,10,0.41796875,0.0710083239814374,0.0937093010616809,143.55140186915887
14,7,4,1,ecg_only,2047.7431640625,46.83149493784828,9,0.4833984375,0.09772946474225976,0.13563023309110775,124.12121212121212,2052.5654296875,39.715880799826074,10,0.4075520833333333,0.06365576334156414,0.09366858443970155,147.22044728434506
14,7,5,1,ecg_only,2048.78515625,48.53949678780246,9,0.47509765625,0.06832972292162393,0.07667459450874427,126.28982528263104,2051.71484375,40.90352519542889,9,0.46923828125,0.13333475986353374,0.2467792677180286,127.86680541103017
14,7,6,1,ecg_only,2051.2412109375,54.29211913432861,9,0.4833984375,0.09183322917103846,0.14179818168917804,124.12121212121212,2054.5673828125,46.739651998400454,10,0.4131944444444444,0.10779453632327425,0.13367852984238088,145.21008403361344
14,7,7,1,ecg_only,2050.134765625,53.181288216357814,9,0.46240234375,0.0832759341606394,0.11483881488424486,129.75712777191129,2054.025390625,46.06130574100307,9,0.4609375,0.08228661887867537,0.11436328979865623,130.16949152542372
14,7,8,1,ecg_only,2047.2900390625,54.13352323911426,8,0.5206473214285714,0.09148382424697844,0.1585603926331515,115.24115755627011,2052.4287109375,46.297935419622846,8,0.5217633928571429,0.12506724514577985,0.24251280236287698,114.9946524064171
14,7,9,1,ecg_only,2045.6103515625,54.69099569428823,8,0.5094866071428571,0.09667717107243508,0.16678360968913433,117.76560788608982,2050.1513671875,47.01983393512836,8,0.5256696428571429,0.1154796901316771,0.2074423493112253,114.14012738853502
14,7,10,1,ecg_only,2040.1220703125,53.96101150739584,8,0.5608258928571429,0.07363957353554847,0.1353728394622145,106.98507462686567,2045.8935546875,46.68218047695444,9,0.45703125,0.0899074163006555,0.07480384971323095,131.28205128205127
14,8,1,1,ecg_only,2055.7919921875,63.25701460559484,10,0.4127604166666667,0.04640242104480589,0.07560637441736684,145.3627760252366,2063.138671875,58.69761884106615,10,0.4127604166666667,0.04117549036677577,0.05833275204323468,145.3627760252366
14,8,2,1,ecg_only,2034.0478515625,56.924589089781456,9,0.47265625,0.07039383316773476,0.12372043184816495,126.94214876033058,2042.4208984375,53.79886580303352,9,0.47314453125,0.08869935000760976,0.17065312431738752,126.81114551083591
14,8,3,1,ecg_only,2041.685546875,55.2963495674188,9,0.46533203125,0.07342912342103666,0.125842930750464,128.9401888772298,2048.1123046875,52.17000160383998,9,0.46533203125,0.08337893827593669,0.13207185818881487,128.9401888772298
14,8,4,1,ecg_only,2052.107421875,50.393725036365105,9,0.4541015625,0.10404401552000646,0.1077283574345015,132.1290322580645,2056.306640625,47.17832811156092,9,0.458984375,0.08815065700309967,0.14892864001208167,130.72340425531914
14,8,5,1,ecg_only,2057.396484375,56.317312392730365,10,0.4327256944444444,0.06380946433118699,0.09251093619367219,138.65596790371114,2062.9619140625,51.55764669061094,10,0.4283854166666667,0.06473855674300028,0.09195257739322923,140.06079027355622
14,8,6,1,ecg_only,2052.62890625,52.996692338330995,9,0.47607421875,0.062482831504246716,0.0759605298338152,126.03076923076924,2060.2119140625,46.8207291524557,10,0.4175347222222222,0.0650115081366416,0.09543369280123078,143.7006237006237
14,8,7,1,ecg_only,2052.94140625,46.17623429479131,8,0.5066964285714286,0.10852898018877874,0.16640197079787447,118.41409691629956,2058.6435546875,39.52677713653994,9,0.44384765625,0.10199235767830976,0.1515187713058541,135.18151815181517
14,8,8,1,ecg_only,2051.7587890625,51.88877284125277,9,0.47216796875,0.10401995181390064,0.16060477264593287,127.07342295760083,2054.646484375,44.87780748686238,9,0.47265625,0.1116360872065878,0.1769492445766582,126.94214876033058
14,8,9,1,ecg_only,2052.5732421875,53.80486395840036,8,0.5022321428571429,0.07172007343383435,0.10822968048081434,119.46666666666665,2054.9609375,46.218596153183775,8,0.5033482142857143,0.10565312446333423,0.18794705818311574,119.20177383592018
14,8,10,1,ecg_only,2053.5498046875,53.85225973780583,8,0.55078125,0.037175399441844795,0.05756474926613436,108.93617021276596,2058.7626953125,46.48806272095871,8,0.5574776785714286,0.05214574279564137,0.08000663729790641,107.62762762762762
14,9,1,0,ecg_only,2033.45703125,53.343174328460464,9,0.45849609375,0.07904578231958141,0.09474453874903745,130.8626198083067,2037.11328125,45.84732709475437,9,0.46142578125,0.06056065556381747,0.0807861502036837,130.03174603174602
14,9,2,0,ecg_only,2038.93359375,54.241354117130605,9,0.4609375,0.0933626437712275,0.12266762344903372,130.16949152542372,2042.748046875,45.44541923008085,9,0.462890625,0.08677679645126196,0.09645466123576994,129.62025316455697
14,9,3,0,ecg_only,2040.0439453125,53.37510083477135,8,0.50390625,0.08804240366863003,0.10226121831287428,119.06976744186046,2044.1865234375,44.6281443003713,9,0.4404296875,0.09439374522807957,0.1682410583387346,136.23059866962305
14,9,4,0,ecg_only,2044.23046875,49.82758955669312,8,0.54296875,0.11185797705684651,0.20133930633644703,110.50359712230215,2050.0458984375,40.71929972256319,9,0.4736328125,0.13991451923539278,0.2553402158631765,126.68041237113403
14,9,5,0,ecg_only,2042.7275390625,49.614204818026025,10,0.4262152777777778,0.0810737865392491,0.12036702295414534,140.77393075356414,2048.3486328125,39.88685827405498,11,0.3796875,0.024569039364869358,0.032888882657070545,158.02469135802468
14,9,6,0,ecg_only,2033.064453125,53.35785133342306,9,0.45654296875,0.09561215183485419,0.1309197455359785,131.42245989304814,2038.3876953125,44.264641435429766,11,0.398046875,0.04750391893784264,0.06663563323918742,150.7360157016683
14,9,7,0,ecg_only,2031.2978515625,54.963145991284165,9,0.43701171875,0.07368841930071567,0.11721539846486376,137.29608938547486,2037.8193359375,45.857004060819555,9,0.4453125,0.07192168999813268,0.10502344816839033,134.73684210526315
14,9,8,0,ecg_only,2043.9423828125,55.41682957885812,10,0.3806423611111111,0.0257872409331822,0.04016985117422487,157.62827822120866,2048.30078125,45.78944422587643,9,0.42822265625,0.09459937297137412,0.06793153743219556,140.11402508551882
14,9,9,0,ecg_only,2052.9833984375,55.06731248277532,9,0.44140625,0.07940840371193798,0.10087334869864573,135.92920353982302,2055.2373046875,45.67334056151127,8,0.5161830357142857,0.10830206706792916,0.2062929051017327,116.23783783783784
14,9,10,0,ecg_only,2050.0478515625,56.150681896264324,8,0.5122767857142857,0.05903585337249194,0.11276372445109878,117.12418300653596,2054.91796875,46.031887612002436,8,0.5078125,0.10819274947031537,0.18967783602167276,118.15384615384616
14,10,1,0,ecg_only,2040.1865234375,55.70283681572926,9,0.41015625,0.04423731114416455,0.05842609944179179,146.28571428571428,2042.9072265625,41.70410775962956,10,0.4118923611111111,0.05533811614760148,0.07583308069655147,145.6691253951528
14,10,2,0,ecg_only,2046.958984375,56.660690646986524,10,0.4262152777777778,0.08948343442049331,0.13821033448196696,140.77393075356414,2046.259765625,42.9381698267412,11,0.38359375,0.03253228564633908,0.048141879029521224,156.41547861507127
14,10,3,0,ecg_only,2053.5341796875,55.12008201303734,10,0.4214409722222222,0.08900850512922631,0.12711077951359864,142.3686920700309,2054.3857421875,41.73707032006778,9,0.4765625,0.1057577060209444,0.09736563902029483,125.90163934426229
14,10,4,0,ecg_only,2052.5419921875,55.30132473916144,10,0.4266493055555556,0.07281842753915173,0.07530303769006641,140.63072227873855,2053.20703125,41.74653930940292,8,0.5323660714285714,0.05878741379519123,0.07390971847040821,112.70440251572327
14,10,5,0,ecg_only,2060.029296875,54.239064287818564,9,0.474609375,0.0891832035689912,0.12105774234234994,126.41975308641975,2056.4375,40.92032082291144,9,0.47412109375,0.08982119069694953,0.11885898722800087,126.54994850669414
14,10,6,0,ecg_only,2063.5517578125,49.64447092077672,9,0.4619140625,0.09776849018645958,0.1504866199891503,129.89429175475686,2062.1640625,36.63095138159933,9,0.45361328125,0.10231910001035345,0.15026918508294065,132.2712594187298
14,10,7,0,ecg_only,2063.3212890625,49.25350257114531,9,0.44970703125,0.05198533056657629,0.07560096836291658,133.42019543973942,2065.3662109375,36.808436624458196,9,0.44970703125,0.08711545093369967,0.1595972386958194,133.42019543973942
14,10,8,0,ecg_only,2059.8251953125,54.09597689993895,10,0.4040798611111111,0.09135227942642878,0.14524869440906882,148.48549946294307,2062.302734375,40.65184392371634,9,0.4599609375,0.12325982936329244,0.1686874677459875,130.44585987261146
14,10,9,0,ecg_only,2052.0166015625,56.77638013800829,10,0.4396701388888889,0.10433110573940592,0.1701854546935719,136.4659427443238,2050.4814453125,42.697194720187085,10,0.4366319444444444,0.09525302991883847,0.15850424660369908,137.41550695825052
14,10,10,0,ecg_only,2048.025390625,56.09713029372503,9,0.4453125,0.11857897841141046,0.19673588480634566,134.73684210526315,2047.3017578125,42.32890372617858,9,0.447265625,0.130859375,0.21785131084846118,134.14847161572052
14,11,1,0,ecg_only,2058.07421875,53.44335091666828,9,0.47265625,0.098782567315639,0.17379206839126543,126.94214876033058,2056.638671875,41.60369561542681,9,0.47265625,0.10876293587754574,0.19445683100339758,126.94214876033058
14,11,2,0,ecg_only,2053.8916015625,54.43831593616988,9,0.466796875,0.10849956572133711,0.14728020425654026,128.53556485355648,2054.689453125,42.26069167250375,9,0.4638671875,0.10896879788991994,0.1572928369358862,129.34736842105264
14,11,3,0,ecg_only,2052.0732421875,54.42484700501665,9,0.46875,0.09233552073103761,0.14218198085834777,128.0,2053.0576171875,42.25667477537962,9,0.46435546875,0.1126300907318148,0.14886276019464323,129.21135646687696
14,11,4,0,ecg_only,2046.6064453125,55.84141885751514,9,0.458984375,0.05298695299316616,0.05472734517832797,130.72340425531914,2047.0048828125,43.94884472566534,9,0.45263671875,0.07329913150954594,0.09319029350512546,132.5566343042071
14,11,5,0,ecg_only,2042.7001953125,53.86545521562825,8,0.5184151785714286,0.11316986298936044,0.19888017593895682,115.73735199138858,2044.3662109375,42.00508794166196,9,0.45556640625,0.09293135203361619,0.12445822883781701,131.70418006430867
14,11,6,0,ecg_only,2051.4208984375,54.9441974797413,9,0.46826171875,0.09809350352576852,0.16396946767043247,128.13347236704902,2052.099609375,43.024155640725965,9,0.466796875,0.055000499376284075,0.06727050520499837,128.53556485355648
14,11,7,0,ecg_only,2046.9990234375,58.277463005512054,8,0.5128348214285714,0.11361201490793711,0.21931892163700978,116.99673558215453,2048.37890625,45.36586280650585,8,0.5139508928571429,0.08573070550503073,0.1379409654922623,116.74267100977198
14,11,8,0,ecg_only,2046.3837890625,56.352096328734795,8,0.5373883928571429,0.11472215423445412,0.20237868705785303,111.65109034267911,2049.4384765625,43.2771334236296,8,0.5345982142857143,0.06368945485524,0.10608184073437711,112.23382045929019
14,11,9,0,ecg_only,2058.828125,56.14611718195101,9,0.46826171875,0.11195065630728493,0.1637765897338996,128.13347236704902,2059.6240234375,42.591058804189764,9,0.46630859375,0.08191345476571767,0.10324414789062242,128.67015706806282
14,11,10,0,ecg_only,2059.1904296875,50.57246373370214,8,0.53515625,0.11892315852654003,0.2189301248728071,112.11678832116789,2060.9228515625,37.712974719333545,8,0.52734375,0.10762713749536605,0.18260064959652503,113.77777777777777
14,12,1,0,ecg_only,2033.333984375,51.81937696882563,9,0.4716796875,0.09222700921111637,0.15580992714983696,127.20496894409938,2036.6455078125,40.47684908502021,9,0.45166015625,0.09401284564289086,0.15060969376142663,132.84324324324325
14,12,2,0,ecg_only,2041.212890625,58.87580935818876,9,0.484375,0.08635816784935213,0.17062118773540721,123.87096774193549,2046.4658203125,46.34315790787203,9,0.48388671875,0.06627507437029465,0.10405383584158834,123.99596367305752
14,12,3,0,ecg_only,2047.2626953125,55.01819953647421,8,0.5223214285714286,0.10151343006115307,0.17807388018287637,114.87179487179486,2052.61328125,42.8785400708606,8,0.5212053571428571,0.07033906810977111,0.111482212443987,115.11777301927197
14,12,4,0,ecg_only,2049.1494140625,48.00854558175479,9,0.46875,0.07260793084156682,0.10780926496181645,128.0,2053.91796875,36.29247389609895,9,0.4619140625,0.09902844538618925,0.1633100837494154,129.89429175475686
14,12,5,0,ecg_only,2052.45703125,48.54936788915509,9,0.4345703125,0.09615546005068351,0.14978971728026522,138.06741573033707,2055.6181640625,35.57948987484691,9,0.46826171875,0.12674919769213763,0.2065146857482235,128.13347236704902
14,12,6,0,ecg_only,2067.591796875,55.470355356115576,9,0.45068359375,0.08686329934343473,0.1265941869504396,133.1310942578548,2067.736328125,42.16602241013888,8,0.5267857142857143,0.0920944921690904,0.18312217805703973,113.89830508474576
14,12,7,0,ecg_only,2064.236328125,56.391062780526966,8,0.5122767857142857,0.09544205397231391,0.18916765971770363,117.12418300653596,2065.8388671875,43.31221154627452,8,0.5184151785714286,0.09903522567624562,0.19691400696578928,115.73735199138858
14,12,8,0,ecg_only,2045.0693359375,55.217556908697716,8,0.4927455357142857,0.04951761283812281,0.08769509500251425,121.76670441676104,2048.7373046875,42.520862698330696,8,0.4994419642857143,0.08186975417452369,0.14742320674853343,120.1340782122905
14,12,9,0,ecg_only,2042.1826171875,55.58391082993648,8,0.4966517857142857,0.07924500116010344,0.15877676990907838,120.80898876404495,2044.9853515625,42.5727637711105,8,0.49832589285714285,0.08796455578231265,0.17670475003489813,120.40313549832027
14,12,10,0,ecg_only,2048.4873046875,56.59254929497381,9,0.4697265625,0.09613562191140684,0.16811792586683866,127.73388773388774,2049.3720703125,42.80802030864142,9,0.47509765625,0.0932591622686259,0.1577564102055365,126.28982528263104
14,13,1,0,ecg_only,2067.517578125,53.687915485093306,9,0.470703125,0.0858708903788305,0.1447497744724372,127.4688796680498,2067.3408203125,42.817883485782986,9,0.4677734375,0.07538531190798937,0.10536535937618784,128.26722338204593
14,13,2,0,ecg_only,2068.330078125,53.615496987171504,8,0.5055803571428571,0.1143415042398723,0.2211491851145351,118.67549668874173,2067.205078125,43.39616888865475,8,0.5066964285714286,0.10114772545379871,0.18924830530601303,118.41409691629956
14,13,3,0,ecg_only,2050.7880859375,54.11057305063046,8,0.5111607142857143,0.0838168899799937,0.13895126637452188,117.37991266375545,2054.6396484375,43.24972938717541,8,0.5094866071428571,0.06752462732190184,0.07479899279346391,117.76560788608982
14,13,4,0,ecg_only,2039.857421875,53.44862076895223,9,0.46728515625,0.0790699083076506,0.08485262877772892,128.40125391849529,2047.76953125,42.54482481489698,8,0.52734375,0.06710829010224019,0.10412189793173313,113.77777777777777
14,13,5,0,ecg_only,2044.986328125,54.14841266676092,9,0.45751953125,0.07683101977701184,0.0868709451134884,131.1419423692636,2050.1552734375,42.19317452025987,9,0.4580078125,0.11773553494576242,0.198016989767563,131.00213219616205
14,13,6,0,ecg_only,2048.435546875,54.20692185546674,8,0.5279017857142857,0.09284882560621907,0.15075797262033525,113.65750528541227,2050.31640625,42.66735757824664,8,0.5256696428571429,0.08904823328267274,0.1615003305595172,114.14012738853502
14,13,7,0,ecg_only,2046.5126953125,54.50818669662421,8,0.5323660714285714,0.07061301991130883,0.13130075593504625,112.70440251572327,2047.3935546875,42.530898665211,8,0.5290178571428571,0.06800713275259877,0.12820397400947803,113.41772151898735
14,13,8,0,ecg_only,2047.6298828125,55.03059097406657,9,0.49072265625,0.09586118763249037,0.12139938388379931,122.26865671641791,2049.484375,42.57025156561064,9,0.48779296875,0.12755921279133206,0.1886936521556549,123.003003003003
14,13,9,0,ecg_only,2059.1611328125,57.38072218440821,9,0.4775390625,0.07604030102762017,0.09875497981340702,125.6441717791411,2061.8486328125,45.54178560851614,9,0.47802734375,0.07439682327789791,0.12358821890278418,125.51583248212462
14,13,10,0,ecg_only,2068.5576171875,55.9943374001756,8,0.5340401785714286,0.10209156253708117,0.1807177214795794,112.35109717868337,2070.8623046875,44.29345042936276,8,0.5345982142857143,0.12684238940134865,0.20478960358934545,112.23382045929019
14,14,1,0,ecg_only,2061.9609375,52.09432585820738,9,0.490234375,0.0656261625641072,0.10992170445590385,122.39043824701196,2064.650390625,42.1974159624723,9,0.48681640625,0.049600819728599484,0.09812388036781618,123.24974924774322
14,14,2,0,ecg_only,2053.6630859375,51.53306702232063,9,0.46630859375,0.05373534601637012,0.100797686920961,128.67015706806282,2058.236328125,42.03505801283417,10,0.4244791666666667,0.05253708594227087,0.05844708206033204,141.34969325153372
14,14,3,0,ecg_only,2048.0673828125,52.59003023263135,10,0.4375,0.0852044174426192,0.14271183798540285,137.14285714285714,2052.9814453125,43.01138393392,10,0.4370659722222222,0.08712181970079823,0.14148365241739835,137.27904667328698
14,14,4,0,ecg_only,2046.4150390625,51.907074124237624,9,0.46484375,0.11134525635733769,0.1757006263518899,129.07563025210084,2051.494140625,41.84441472637327,9,0.4677734375,0.11379781870704055,0.1959086882866744,128.26722338204593
14,14,5,0,ecg_only,2048.5927734375,51.660278375549765,8,0.4921875,0.08684584878330603,0.1488139415266874,121.9047619047619,2052.6806640625,41.98956549544805,8,0.49330357142857145,0.09320699996328394,0.12293832017075168,121.6289592760181
14,14,6,0,ecg_only,2046.072265625,53.44819567983042,9,0.49267578125,0.1103202302725908,0.20690486371361166,121.78394449950446,2048.5537109375,42.47449885090103,9,0.48046875,0.0948422698607733,0.16001327459581283,124.8780487804878
14,14,7,0,ecg_only,2048.4482421875,54.287116990395106,9,0.4873046875,0.08740643539654543,0.1454558384825467,123.12625250501002,2052.04296875,42.768295031910306,9,0.48828125,0.10240411506967445,0.14704320488061493,122.88
14,14,8,0,ecg_only,2056.607421875,54.5340900370197,8,0.5223214285714286,0.038142873863024694,0.062009796353076345,114.87179487179486,2061.3134765625,42.45731282279018,8,0.49888392857142855,0.09348722207002355,0.12476581252594966,120.26845637583894
14,14,9,0,ecg_only,2060.4716796875,53.11716099068078,8,0.53515625,0.04779601139590147,0.09498963416583062,112.11678832116789,2064.6533203125,42.004021486124095,8,0.5206473214285714,0.09480696688212188,0.16025943068567888,115.24115755627011
14,14,10,0,ecg_only,2054.330078125,53.81152396031352,8,0.5345982142857143,0.09135779229671151,0.1448125078675728,112.23382045929019,2057.923828125,43.64827524909156,9,0.47509765625,0.12507531758004464,0.1704678088555924,126.28982528263104
14,15,1,0,ecg_only,2039.9453125,55.51063504435293,9,0.47216796875,0.09281839987758334,0.1463373518132479,127.07342295760083,2041.0009765625,45.00417731287648,9,0.46875,0.08802073702534179,0.14360070857925558,128.0
14,15,2,0,ecg_only,2044.703125,47.223721094216785,8,0.5061383928571429,0.1188655369068687,0.2078281635700914,118.54465270121278,2047.9345703125,37.011856950084166,9,0.478515625,0.1316441023279599,0.15265107508775178,125.38775510204081
14,15,3,0,ecg_only,2056.7138671875,52.67162389703882,9,0.486328125,0.09183842144928708,0.15597073257391225,123.37349397590361,2058.646484375,41.8010777950507,9,0.482421875,0.12524390267094843,0.20120031655743612,124.37246963562752
14,15,4,0,ecg_only,2059.5087890625,56.76168245064077,9,0.45703125,0.062132709846042446,0.12308451450955792,131.28205128205127,2060.904296875,46.06566539638677,9,0.45703125,0.08591530253094833,0.14780468965321142,131.28205128205127
14,15,5,0,ecg_only,2058.44921875,56.689699510930986,10,0.42578125,0.04506788619759578,0.07732747224542638,140.91743119266056,2059.7392578125,45.71580627309506,10,0.4279513888888889,0.03678753489655745,0.0725422282393482,140.20283975659228
14,15,6,0,ecg_only,2053.9111328125,52.66769082948754,9,0.44140625,0.07012235574615719,0.09683809060700606,135.92920353982302,2053.974609375,42.55510375167898,10,0.4253472222222222,0.053637123978386825,0.05017668976041066,141.06122448979593
14,15,7,0,ecg_only,2047.8896484375,56.70192183445067,10,0.41796875,0.025315393353155705,0.031310975667737106,143.55140186915887,2048.3994140625,46.58690257834467,10,0.4188368055555556,0.028335067263801153,0.04338839822563098,143.2538860103627
14,15,8,0,ecg_only,2043.6767578125,56.09468145845665,10,0.4331597222222222,0.027892828147672966,0.050706074163074884,138.51703406813627,2043.8564453125,45.88906776661732,10,0.4327256944444444,0.05210864546960964,0.10352483744383971,138.65596790371114
14,15,9,0,ecg_only,2044.6611328125,50.49332231807227,9,0.4619140625,0.06082189304304696,0.08425969717534212,129.89429175475686,2046.5224609375,41.23145278341871,9,0.46240234375,0.08441336430689396,0.14792999473613838,129.75712777191129
14,15,10,0,ecg_only,2047.6640625,50.13010842793075,10,0.4361979166666667,0.04978659972475302,0.07893863428891101,137.55223880597015,2051.908203125,40.61912663184353,10,0.4322916666666667,0.06190033502085788,0.09634866784703584,138.79518072289156
14,16,1,0,ecg_only,2045.7783203125,52.468951744614166,9,0.46533203125,0.05995926745943834,0.11665616150354456,128.9401888772298,2051.7978515625,44.20821600756715,9,0.4638671875,0.06187893325172222,0.12237406404683668,129.34736842105264
14,16,2,0,ecg_only,2045.3203125,53.26737298668242,10,0.4292534722222222,0.035297961130811566,0.05941803025459475,139.77755308392315,2049.515625,44.51000315501421,10,0.4270833333333333,0.033854166666666664,0.047461339375870576,140.4878048780488
14,16,3,0,ecg_only,2046.6181640625,54.44530029997386,9,0.470703125,0.05380850513264027,0.07863948896280008,127.4688796680498,2048.0927734375,44.31556524266383,9,0.46923828125,0.05883535799139482,0.10484687694932447,127.86680541103017
14,16,4,0,ecg_only,2052.67578125,54.359196332839105,8,0.515625,0.10720097010321981,0.17652475859531835,116.36363636363636,2053.6650390625,44.207585918401485,9,0.49658203125,0.07246166136346661,0.11315610390273442,120.8259587020649
14,16,5,0,ecg_only,2064.025390625,55.24209272322295,9,0.47705078125,0.11466087260873895,0.14387368514355123,125.77277379733879,2062.0419921875,44.31220462630684,9,0.47314453125,0.1031915161164574,0.1324262371542375,126.81114551083591
14,16,6,0,ecg_only,2065.953125,55.749174513927784,9,0.45703125,0.09677335267060543,0.10159468926709106,131.28205128205127,2066.1767578125,44.527477985376855,9,0.45703125,0.09659580483498624,0.11015941611458077,131.28205128205127
14,16,7,0,ecg_only,2067.49609375,49.580210269483636,9,0.48828125,0.09212872199274028,0.125,122.88,2068.3916015625,39.45512640682764,9,0.490234375,0.09614058182999194,0.14091921107975053,122.39043824701196
14,16,8,0,ecg_only,2064.1806640625,51.45776842041463,9,0.44189453125,0.09725380944486486,0.1534131422512484,135.77900552486187,2063.90625,40.25961890110859,9,0.46826171875,0.11318755385651932,0.1583356890586816,128.13347236704902
14,16,9,0,ecg_only,2055.625,57.008137439974305,9,0.47314453125,0.09267444348349542,0.11745690758533076,126.81114551083591,2055.7734375,45.37389630953676,9,0.47021484375,0.12369523965716213,0.20494654579925137,127.601246105919
14,16,10,0,ecg_only,2055.6376953125,57.214325888503794,9,0.4931640625,0.11444962531978793,0.20203282095290234,121.66336633663366,2056.0595703125,45.480908664409604,9,0.453125,0.11165317131215978,0.17567581163156956,132.41379310344828
14,17,1,0,ecg_only,2049.4541015625,55.429377247840655,9,0.4580078125,0.07372238418010651,0.04827250845506833,131.00213219616205,2051.7041015625,46.84942367630775,8,0.515625,0.10115388267343332,0.20557665100906805,116.36363636363636
14,17,2,0,ecg_only,2044.3681640625,57.02716768050631,9,0.46533203125,0.07620786159140644,0.07184587919388875,128.9401888772298,2046.6279296875,47.498655832244935,8,0.5318080357142857,0.09486935393480686,0.17896423732742667,112.82266526757608
14,17,3,0,ecg_only,2050.9931640625,56.57876969175327,9,0.48046875,0.10390184436148739,0.11629121533199685,124.8780487804878,2053.0048828125,47.97615960266768,9,0.47900390625,0.1131285592040877,0.13866598013124534,125.25993883792049
14,17,4,0,ecg_only,2049.6474609375,50.15000675121502,9,0.4677734375,0.08635264605083315,0.08419499648456381,128.26722338204593,2053.4248046875,42.13955852331605,10,0.4327256944444444,0.08603170692176178,0.1395357117147793,138.65596790371114
14,17,5,0,ecg_only,2043.34375,50.40485506439335,10,0.4266493055555556,0.06852417579795163,0.10593790329937983,140.63072227873855,2047.9208984375,41.349909697668146,10,0.4262152777777778,0.06665965855815274,0.09792930575563809,140.77393075356414
14,17,6,0,ecg_only,2045.8701171875,57.043035816324824,8,0.49832589285714285,0.11779709644606036,0.1860703963096024,120.40313549832027,2050.29296875,47.56114597874534,8,0.49832589285714285,0.11134735389343062,0.1372107961190175,120.40313549832027
14,17,7,0,ecg_only,2047.0,50.857586854126296,9,0.46826171875,0.08433424353830839,0.106548294507702,128.13347236704902,2050.908203125,41.7502265512864,9,0.49072265625,0.10575657882247042,0.1638364727035663,122.26865671641791
14,17,8,0,ecg_only,2051.7744140625,51.09229632534931,9,0.48974609375,0.07483139159041745,0.09171669655768985,122.5124626121635,2053.0654296875,41.882888904879685,9,0.486328125,0.07995894332210438,0.11215962583981272,123.37349397590361
14,17,9,0,ecg_only,2055.9697265625,57.68152445286516,8,0.5334821428571429,0.04026373662398983,0.058853590520778765,112.46861924686192,2056.7470703125,48.12734867656519,8,0.5161830357142857,0.09944628568051454,0.1811955512684546,116.23783783783784
14,17,10,0,ecg_only,2057.0625,56.97696903135512,8,0.5329241071428571,0.0771664731646848,0.1381528211281879,112.58638743455498,2057.9228515625,47.96598022615707,9,0.46728515625,0.0905192317023482,0.1446066405689994,128.40125391849529
14,18,1,1,ecg_only,2053.435546875,54.443507006526296,9,0.47607421875,0.04307681280163913,0.0816583787514331,126.03076923076924,2054.0986328125,45.41872288776731,9,0.46435546875,0.08110614659809212,0.14701355309469527,129.21135646687696
14,18,2,1,ecg_only,2051.48046875,55.46137811378539,9,0.4736328125,0.05095934814706933,0.09383134491768995,126.68041237113403,2053.3623046875,45.77691516338683,9,0.47607421875,0.056890528309233614,0.09489396911228831,126.03076923076924
14,18,3,1,ecg_only,2051.7109375,56.28280673079563,8,0.4799107142857143,0.10932373981023948,0.16968598928885525,125.02325581395348,2053.759765625,45.75376630612029,8,0.4799107142857143,0.0995558235651727,0.12726823873160087,125.02325581395348
14,18,4,1,ecg_only,2052.8359375,48.86777077989228,9,0.4736328125,0.09047312671569853,0.11458227644263656,126.68041237113403,2055.001953125,39.675884078811684,9,0.47265625,0.09026734381477612,0.11068255413649693,126.94214876033058
14,18,5,1,ecg_only,2050.2353515625,49.0519522924881,9,0.4404296875,0.08825337467819484,0.11165317131215978,136.23059866962305,2052.4140625,39.84700277776352,9,0.45849609375,0.0958412885819358,0.1567236125687739,130.8626198083067
14,18,6,1,ecg_only,2046.974609375,55.97250423481302,10,0.4392361111111111,0.0816710658773547,0.11942844332976912,136.600790513834,2047.8876953125,45.44268029446179,10,0.4305555555555556,0.07083567364053245,0.0993313368355579,139.3548387096774
14,18,7,1,ecg_only,2050.099609375,56.50483801054041,8,0.5290178571428571,0.06532594029759775,0.11599874491396268,113.41772151898735,2051.515625,45.84081822169381,9,0.4609375,0.09443919846669205,0.11525565405831817,130.16949152542372
14,18,8,1,ecg_only,2054.1708984375,55.92450174374878,8,0.5474330357142857,0.056314624158673506,0.09537704866874638,109.60244648318043,2056.220703125,45.643661862909454,8,0.5390625,0.06229038509989208,0.12852096778407893,111.30434782608695
14,18,9,1,ecg_only,2052.03125,49.74706531859442,9,0.486328125,0.0705021314366408,0.09955738751894916,123.37349397590361,2052.951171875,40.156937720202336,9,0.4794921875,0.07701234039899364,0.09717515424571536,125.13238289205702
14,18,10,1,ecg_only,2053.0185546875,49.81470203199124,9,0.47998046875,0.07905784623392836,0.10770812105648235,125.00508646998983,2053.3896484375,40.28251707512396,9,0.47021484375,0.07493327669614414,0.08062409156464959,127.601246105919
15,1,1,0,ecg_only,2053.451171875,52.49396876250841,10,0.4396701388888889,0.07217139387289884,0.11044226775485887,136.4659427443238,2057.251953125,48.65606932462591,10,0.4309895833333333,0.07667933262674717,0.12390419341373322,139.21450151057402
15,1,2,0,ecg_only,2074.279296875,54.45667466096893,10,0.4309895833333333,0.024910320924100247,0.031127690333025836,139.21450151057402,2074.26171875,54.22299028245213,10,0.4270833333333333,0.04975253430870521,0.09420665150867301,140.4878048780488
15,1,3,0,ecg_only,2076.3701171875,54.067040322224194,9,0.44921875,0.057807221042768524,0.10413759825067814,133.56521739130434,2078.734375,53.66568377682684,9,0.44970703125,0.05038295953687453,0.08767023459237544,133.42019543973942
15,1,4,0,ecg_only,2060.294921875,49.76355160117339,8,0.50390625,0.08201796235919039,0.14394058640760285,119.06976744186046,2063.2880859375,48.625080481219925,8,0.4921875,0.06797965327161187,0.10458493498732063,121.9047619047619
15,1,5,0,ecg_only,2044.755859375,47.86450363113802,9,0.4814453125,0.07475010247367035,0.08486547258750168,124.62474645030426,2049.0146484375,46.93813228054328,9,0.4765625,0.09934093731273062,0.10988203584961173,125.90163934426229
15,1,6,0,ecg_only,2038.6572265625,48.71964887043055,10,0.4253472222222222,0.04538444825406184,0.059466161514212225,141.06122448979593,2042.1328125,47.599955864893865,9,0.4873046875,0.09625458941726736,0.12970699616794276,123.12625250501002
15,1,7,0,ecg_only,2048.62109375,55.999415667073805,10,0.4331597222222222,0.050377146279676766,0.07104114640419223,138.51703406813627,2053.8974609375,55.54376295254186,10,0.43359375,0.05669672150280532,0.07945642815159372,138.3783783783784
15,1,8,0,ecg_only,2053.49609375,55.21516846384887,9,0.4521484375,0.0460436532583058,0.07781747509912906,132.69978401727863,2054.8330078125,55.06069488684114,9,0.4521484375,0.058715693420146146,0.10208698707321859,132.69978401727863
15,1,9,0,ecg_only,2041.8251953125,50.26218087323438,8,0.5033482142857143,0.07038775026548458,0.1071433415477641,119.20177383592018,2040.50390625,47.84527047280861,8,0.4966517857142857,0.08864516322580202,0.1441436243477462,120.80898876404495
15,1,10,0,ecg_only,2049.2841796875,51.612800311237834,9,0.4794921875,0.040677081249333065,0.0630382791427303,125.13238289205702,2050.2099609375,49.40287838747074,9,0.48876953125,0.09591091719650889,0.14419906323610304,122.75724275724276
15,2,1,0,ecg_only,2065.4736328125,50.32000417722979,10,0.40234375,0.05365468171363676,0.0742444445654227,149.126213592233,2073.0615234375,50.47120857037345,9,0.4521484375,0.09835201366168664,0.16337013771592845,132.69978401727863
15,2,2,0,ecg_only,2062.6455078125,49.24663217522089,9,0.46826171875,0.09000150679280645,0.1717925431265395,128.13347236704902,2068.9462890625,50.72003084775967,9,0.455078125,0.10124273580230028,0.1836827766672652,131.84549356223175
15,2,3,0,ecg_only,2048.65625,53.575707604403135,9,0.462890625,0.0642753229371263,0.1308697856999536,129.62025316455697,2052.638671875,56.190127064156776,9,0.462890625,0.1038467581098316,0.19364804164927207,129.62025316455697
15,2,4,0,ecg_only,2035.4765625,47.348787247495515,10,0.4092881944444444,0.039052853747229145,0.0557582125922664,146.59597030752917,2040.759765625,48.110924304622,9,0.45703125,0.07836876034272999,0.12474688379571279,131.28205128205127
15,2,5,0,ecg_only,2045.1259765625,55.01756421446883,10,0.4275173611111111,0.05582616385699141,0.06081405264429791,140.3451776649746,2049.3095703125,53.11590791875932,10,0.4205729166666667,0.047271184532998306,0.07273915800600028,142.6625386996904
15,2,6,0,ecg_only,2063.359375,55.11022114462411,10,0.4149305555555556,0.0284544850747982,0.051267206048463625,144.60251046025104,2060.93359375,52.75601162033537,10,0.41015625,0.04271150902827272,0.06002484125245824,146.28571428571428
15,2,7,0,ecg_only,2061.3076171875,50.617747364224485,8,0.5234375,0.12475562048961962,0.21924353736971453,114.6268656716418,2060.2958984375,47.006807838622535,8,0.51171875,0.07370297759419221,0.13614089190216386,117.25190839694656
15,2,8,0,ecg_only,2055.8271484375,50.0267546121557,8,0.5524553571428571,0.11645712018522841,0.23757044767958216,108.60606060606061,2059.3447265625,47.05506365057439,8,0.5301339285714286,0.08941118416236486,0.1579336375005865,113.17894736842105
15,2,9,0,ecg_only,2053.1826171875,50.31640950053302,9,0.490234375,0.09718636956738069,0.1562988204979887,122.39043824701196,2055.1376953125,48.347735220363894,10,0.4309895833333333,0.0911830281250604,0.13141933598263686,139.21450151057402
15,2,10,0,ecg_only,2045.041015625,50.38077934186316,9,0.47021484375,0.06249809262226247,0.10905565625273311,127.601246105919,2047.18359375,48.260052834460936,9,0.45849609375,0.07447369606538706,0.1036550400463428,130.8626198083067
15,3,1,1,ecg_only,2036.0087890625,49.64259882464737,9,0.46044921875,0.06413978938535315,0.10884557773987323,130.30752916224813,2035.3232421875,48.59550847738626,9,0.47509765625,0.07495872633447372,0.12174901913655932,126.28982528263104
15,3,2,1,ecg_only,2051.6123046875,53.608162101560296,10,0.4401041666666667,0.0380065612482459,0.0629712458795059,136.33136094674555,2049.5,51.9984975744492,10,0.4401041666666667,0.02737473442920396,0.039740214744874616,136.33136094674555
15,3,3,1,ecg_only,2064.5263671875,51.984121750265466,9,0.4658203125,0.06297881772416496,0.09735444435063778,128.80503144654088,2062.2529296875,50.6356614083462,9,0.4658203125,0.09864248096176904,0.17016063633989564,128.80503144654088
15,3,4,1,ecg_only,2049.515625,51.65206000475078,9,0.4736328125,0.053085851269245636,0.08065112395151637,126.68041237113403,2051.5048828125,49.91694249483979,9,0.48046875,0.06712046983374836,0.11214990789794639,124.8780487804878
15,3,5,1,ecg_only,2039.2392578125,49.333154556663594,9,0.484375,0.07699376306416807,0.13801205890797316,123.87096774193549,2043.791015625,48.05987148761434,9,0.484375,0.07437278423695223,0.12830453449285636,123.87096774193549
15,3,6,1,ecg_only,2040.2587890625,50.30328352015036,9,0.46337890625,0.06286324799601432,0.0964659603234015,129.4836670179136,2044.2587890625,48.506990685968454,9,0.4638671875,0.08579867160008857,0.1469913103298967,129.34736842105264
15,3,7,1,ecg_only,2042.810546875,50.22384703144939,9,0.46826171875,0.036089897445571055,0.06620900327716282,128.13347236704902,2047.96875,47.884372042844,9,0.46533203125,0.069834461661292,0.12852520793082078,128.9401888772298
15,3,8,1,ecg_only,2042.853515625,49.50649053233203,9,0.494140625,0.06935656603345587,0.12029909190129735,121.42292490118577,2047.9658203125,47.73426814340472,9,0.494140625,0.046875,0.07243509929924215,121.42292490118577
15,3,9,1,ecg_only,2037.275390625,50.162415312698634,9,0.49169921875,0.09190978552987414,0.1603330905218715,122.025819265144,2041.16015625,48.74002035648514,8,0.5345982142857143,0.08698199896606569,0.16362789658755217,112.23382045929019
15,3,10,1,ecg_only,2044.7744140625,51.265288207980475,9,0.470703125,0.07691940885748132,0.11696407272336114,127.4688796680498,2047.7265625,49.835407192663666,9,0.470703125,0.09602147307251449,0.15323542847585403,127.4688796680498
15,4,1,1,ecg_only,2077.330078125,54.25416200906984,9,0.4599609375,0.06212503487722235,0.1179384421805427,130.44585987261146,2070.115234375,52.84075060182074,9,0.4599609375,0.056934515027923474,0.10483648114572454,130.44585987261146
15,4,2,1,ecg_only,2063.7724609375,56.67118342387546,9,0.46533203125,0.036405616067106815,0.0630382791427303,128.9401888772298,2057.392578125,53.850634205093364,9,0.46484375,0.05764201001317854,0.0940633713474117,129.07563025210084
15,4,3,1,ecg_only,2051.4248046875,51.160327513513614,9,0.4482421875,0.05322937529262361,0.060928198694901174,133.8562091503268,2049.1259765625,49.052574125556355,8,0.5055803571428571,0.09222289401836428,0.1477936282218173,118.67549668874173
15,4,4,1,ecg_only,2037.3994140625,53.253517706290324,9,0.48974609375,0.11435271666201638,0.14923569462505684,122.5124626121635,2043.0302734375,49.44028576936507,9,0.48779296875,0.11217192390293108,0.14425196229941603,123.003003003003
15,4,5,1,ecg_only,2035.6923828125,46.805136484722,9,0.486328125,0.10888562394348714,0.1456205931276794,123.37349397590361,2047.1796875,44.356806762348704,9,0.486328125,0.12085725394066392,0.18618165617477503,123.37349397590361
15,4,6,1,ecg_only,2051.7099609375,44.910249673985604,9,0.47509765625,0.07408853451550566,0.13152607020228782,126.28982528263104,2054.044921875,43.68240239387191,9,0.466796875,0.08102526762770133,0.1512379740828589,128.53556485355648
15,4,7,1,ecg_only,2060.1474609375,50.78492038080213,9,0.478515625,0.07331376710595101,0.13550964070210755,125.38775510204081,2059.0830078125,50.05414982187355,9,0.4755859375,0.08849078941907863,0.14963683716155687,126.16016427104722
15,4,8,1,ecg_only,2049.9228515625,55.150795633935246,9,0.4765625,0.08926871001583156,0.17615906817165883,125.90163934426229,2050.041015625,53.433116389496746,9,0.47705078125,0.11616476728582266,0.2276375356927104,125.77277379733879
15,4,9,1,ecg_only,2035.0361328125,52.87388872101579,9,0.47021484375,0.07460164134901975,0.1294294037829738,127.601246105919,2036.7470703125,50.823602446458686,9,0.47021484375,0.07741221470619332,0.12107574750974963,127.601246105919
15,4,10,1,ecg_only,2046.1884765625,51.05162277071012,9,0.4853515625,0.07084622733248463,0.11512318712703239,123.62173038229376,2048.9794921875,49.54900676721105,9,0.4853515625,0.0960165070011361,0.18440526386002573,123.62173038229376
15,5,1,1,ecg_only,2059.7373046875,54.15954381718231,10,0.43359375,0.028586586458463736,0.03460946317708857,138.3783783783784,2058.1845703125,52.01857124251149,10,0.4322916666666667,0.05811435834484739,0.11167879257030378,138.79518072289156
15,5,2,1,ecg_only,2053.8212890625,55.947365539749214,9,0.42822265625,0.0271292859044709,0.041863837798015745,140.11402508551882,2053.404296875,53.64365043075336,9,0.4287109375,0.026762089074306095,0.04008157314253468,139.95444191343964
15,5,3,1,ecg_only,2047.423828125,51.032695350338486,9,0.46533203125,0.06661953054454517,0.09523791358567125,128.9401888772298,2048.724609375,48.33267225054561,9,0.4462890625,0.06907410951275789,0.09559202279180294,134.44201312910283
15,5,4,1,ecg_only,2045.630859375,50.7705321847622,10,0.4418402777777778,0.08758762284884623,0.12217573572682354,135.79567779960706,2048.85546875,47.55441588425594,10,0.4379340277777778,0.10110145830182754,0.16243261260502864,137.00693756194252
15,5,5,1,ecg_only,2049.142578125,50.94393348553164,10,0.4401041666666667,0.08813863542067941,0.13564027761734113,136.33136094674555,2050.23828125,47.50314400959055,10,0.4388020833333333,0.0900981452708656,0.1377264758618339,136.7359050445104
15,5,6,1,ecg_only,2046.6552734375,51.19871015376859,8,0.5279017857142857,0.08665559786823071,0.16059233059874128,113.65750528541227,2048.0654296875,48.05913325548531,9,0.46533203125,0.10125097768806031,0.1485696075663213,128.9401888772298
15,5,7,1,ecg_only,2038.7509765625,45.05441045436147,9,0.49267578125,0.08440206588096992,0.1239404733407116,121.78394449950446,2043.486328125,42.413397617437276,10,0.4301215277777778,0.06591794642346444,0.07180225173692109,139.4954591321897
15,5,8,1,ecg_only,2055.935546875,47.74052738679871,8,0.5200892857142857,0.07712610779436269,0.12435747952915317,115.36480686695279,2060.0263671875,45.4286903435915,9,0.46875,0.10004881620988826,0.13736295930594142,128.0
15,5,9,1,ecg_only,2065.9150390625,50.768234951361066,8,0.5262276785714286,0.11667884933583372,0.24240791381406568,114.01908801696712,2065.4560546875,49.83629472517504,9,0.44970703125,0.11011256440665598,0.17021187025489629,133.42019543973942
15,5,10,1,ecg_only,2050.3603515625,51.71400120072806,8,0.4849330357142857,0.06423473456038693,0.12494912701755029,123.72842347525892,2047.50390625,48.93781912786072,9,0.45751953125,0.11090650528453555,0.2102232450967729,131.1419423692636
15,6,1,1,ecg_only,2053.92578125,48.612168528848294,9,0.455078125,0.07104114640419223,0.11000099875256815,131.84549356223175,2054.896484375,47.5956790004658,9,0.4423828125,0.08714418271774066,0.14971693669325625,135.6291390728477
15,6,2,1,ecg_only,2049.5810546875,49.175757735774994,9,0.45751953125,0.06676252943308628,0.11013962640524753,131.1419423692636,2051.310546875,46.7229538879278,9,0.45947265625,0.08373276034886017,0.15376795363744755,130.5844845908608
15,6,3,1,ecg_only,2045.232421875,48.783909316464396,8,0.4921875,0.07214864445934815,0.13746078394362457,121.9047619047619,2046.98046875,45.82882137400299,8,0.4921875,0.07848688506516323,0.15668883687602797,121.9047619047619
15,6,4,1,ecg_only,2053.1162109375,49.07349768159496,8,0.51953125,0.08858542336153763,0.17596200197577577,115.48872180451127,2053.74609375,46.50850460255856,8,0.5234375,0.08167172489498081,0.1544410257548101,114.6268656716418
15,6,5,1,ecg_only,2055.291015625,49.43117134492168,8,0.52734375,0.123243801459604,0.20085242131908587,113.77777777777777,2058.68359375,47.00550047159333,10,0.41015625,0.07614683081882002,0.0991006463669716,146.28571428571428
15,6,6,1,ecg_only,2050.392578125,43.29150582003093,8,0.5412946428571429,0.09963086565389201,0.1930269923070724,110.84536082474226,2055.9931640625,40.7272625425213,9,0.4873046875,0.09307106862993444,0.1369417823668602,123.12625250501002
15,6,7,1,ecg_only,2050.91015625,43.87635475088588,9,0.45751953125,0.10226316118295892,0.14571038077969697,131.1419423692636,2053.1181640625,40.86941741011038,8,0.5189732142857143,0.10559121055661416,0.17401455943262692,115.61290322580645
15,6,8,1,ecg_only,2054.4423828125,50.115049282971924,8,0.5474330357142857,0.10729098298689116,0.21586523264612248,109.60244648318043,2053.3876953125,47.369836923480804,9,0.47998046875,0.10569343652187543,0.16537263877080108,125.00508646998983
15,6,9,1,ecg_only,2056.6455078125,49.86421326940295,8,0.5251116071428571,0.07349141800515326,0.13868562871934947,114.2614240170032,2054.525390625,47.28722223356075,9,0.4599609375,0.10178292636351685,0.15582391681784719,130.44585987261146
15,6,10,1,ecg_only,2055.6904296875,50.0734115977144,8,0.5200892857142857,0.08247986839834102,0.11611926312300283,115.36480686695279,2051.7216796875,47.87744444141886,8,0.5217633928571429,0.10758372836862402,0.17065738207675538,114.9946524064171
15,7,1,0,ecg_only,2059.505859375,54.36427664415967,9,0.4580078125,0.044096960565920454,0.08449220942927857,131.00213219616205,2061.3720703125,52.33481492032867,9,0.45849609375,0.01862522570582095,0.0332769007050794,130.8626198083067
15,7,2,0,ecg_only,2046.0634765625,55.73777957802511,9,0.47607421875,0.07222437325559208,0.1283385089498249,126.03076923076924,2046.912109375,52.65811467250833,9,0.4755859375,0.07035995577361347,0.11999065544438539,126.16016427104722
15,7,3,0,ecg_only,2036.208984375,44.43854689940937,9,0.45849609375,0.08304657872345433,0.11528402002635708,130.8626198083067,2038.79296875,40.612523437192664,8,0.5145089285714286,0.08666278473101464,0.13886888147993987,116.61605206073752
15,7,4,0,ecg_only,2044.701171875,44.09279276283947,9,0.47314453125,0.0909501654859886,0.1229338873252684,126.81114551083591,2045.236328125,40.4692785751406,9,0.46044921875,0.11665630748715684,0.14719137420970385,130.30752916224813
15,7,5,0,ecg_only,2053.947265625,49.207797911872596,9,0.486328125,0.108569860231932,0.17698619753614564,123.37349397590361,2052.71484375,46.143085190666284,9,0.486328125,0.1343971411628029,0.19685219007601418,123.37349397590361
15,7,6,0,ecg_only,2055.302734375,49.862684024711236,9,0.47802734375,0.08165691888464442,0.1566610107637723,125.51583248212462,2055.666015625,46.56388187278049,9,0.478515625,0.0998388899932192,0.1775948112760829,125.38775510204081
15,7,7,0,ecg_only,2049.62109375,51.875423420476395,9,0.49072265625,0.10124155833527688,0.1931690418748286,122.26865671641791,2051.8466796875,47.23564316349757,9,0.48828125,0.1276573018622515,0.24043504793766177,122.88
15,7,8,0,ecg_only,2040.7138671875,51.07842051273816,8,0.5251116071428571,0.10309322813754004,0.20274905113064032,114.2614240170032,2043.08203125,46.70256941137204,8,0.546875,0.12494767319940947,0.2315805632855803,109.71428571428571
15,7,9,0,ecg_only,2047.8701171875,50.882425417746326,8,0.5139508928571429,0.07947651139901754,0.15194258077169315,116.74267100977198,2047.3759765625,47.1858676148055,8,0.5206473214285714,0.1074794749330669,0.187811698382926,115.24115755627011
15,7,10,0,ecg_only,2047.79296875,51.423601833803154,8,0.5061383928571429,0.10901281596657218,0.22517196300422726,118.54465270121278,2046.30859375,47.69387330829255,8,0.5066964285714286,0.1357942961987065,0.2658690285310255,118.41409691629956
15,8,1,1,ecg_only,2058.67578125,49.51611913384518,9,0.4736328125,0.09569814240856099,0.1372041765002332,126.68041237113403,2058.732421875,47.05316851788008,9,0.4736328125,0.1290652133019117,0.22236725449250777,126.68041237113403
15,8,2,1,ecg_only,2056.017578125,50.01200718711979,9,0.46484375,0.06385852626668678,0.10255566936098831,129.07563025210084,2054.486328125,47.416969048061624,9,0.45458984375,0.0964957906170602,0.14734679164789632,131.98711063372718
15,8,3,1,ecg_only,2054.9931640625,50.70153312358965,10,0.4292534722222222,0.08912271897458492,0.12900978323337295,139.77755308392315,2056.150390625,48.184671202675155,8,0.5412946428571429,0.10923255118854529,0.19477791423155716,110.84536082474226
15,8,4,1,ecg_only,2049.81640625,45.464846099321186,10,0.4314236111111111,0.09068168858101573,0.11433707854102655,139.07444668008048,2052.5625,42.97830575563676,9,0.47900390625,0.09716551504439615,0.14930870979387806,125.25993883792049
15,8,5,1,ecg_only,2047.2197265625,44.6055144074164,9,0.46875,0.0844147765038059,0.1257476247201825,128.0,2048.31640625,42.09118037320836,10,0.4136284722222222,0.07089947041747488,0.10377326428738462,145.05771248688353
15,8,6,1,ecg_only,2057.28125,50.63122068262329,8,0.5150669642857143,0.1035904289068104,0.18938263830511562,116.48970747562296,2058.6572265625,48.38413074483249,11,0.39375,0.06430024482360079,0.08251551832163989,152.38095238095238
15,8,7,1,ecg_only,2045.0068359375,55.2982410306373,8,0.5011160714285714,0.07492655577007612,0.15083386387740486,119.73273942093542,2047.30859375,52.46139283937723,8,0.5401785714285714,0.14079098409970278,0.2428847908929981,111.07438016528926
15,8,8,1,ecg_only,2025.1142578125,52.50769690449947,8,0.5083705357142857,0.06948385007264903,0.14004510062238285,118.02414928649836,2028.2880859375,50.13335745718727,8,0.5401785714285714,0.11157923758283315,0.18176309155552706,111.07438016528926
15,8,9,1,ecg_only,2034.0126953125,51.45191583912634,8,0.5044642857142857,0.06457319617474373,0.12014497265023202,118.93805309734513,2037.31640625,49.563696828777424,8,0.5279017857142857,0.0972968514183186,0.15727204796247965,113.65750528541227
15,8,10,1,ecg_only,2057.1708984375,52.29669613404426,9,0.45751953125,0.05271402602181616,0.08508352071142676,131.1419423692636,2059.197265625,50.25382984806425,9,0.4541015625,0.052797632777004964,0.062150249072883273,132.1290322580645
15,9,1,0,ecg_only,2057.5087890625,51.807221542970055,9,0.46240234375,0.03944816935924782,0.06367478493569603,129.75712777191129,2069.9326171875,51.07441674159461,9,0.4619140625,0.05868319995145944,0.09229715028587208,129.89429175475686
15,9,2,0,ecg_only,2047.0830078125,50.9155430469475,9,0.4951171875,0.08630845894493319,0.15424212127511222,121.18343195266272,2049.171875,48.011206272435764,9,0.4951171875,0.09503814734454578,0.1830527267790622,121.18343195266272
15,9,3,0,ecg_only,2052.896484375,50.98972617243969,8,0.5290178571428571,0.07674157784674591,0.15096026452296563,113.41772151898735,2052.6884765625,48.42102163276182,8,0.5340401785714286,0.10030371806558624,0.19392082313287362,112.35109717868337
15,9,4,0,ecg_only,2048.009765625,52.21713139270069,9,0.47705078125,0.059704239180710286,0.07624695818727788,125.77277379733879,2049.0361328125,49.14258653761888,9,0.47412109375,0.07414000499856015,0.11384749182607971,126.54994850669414
15,9,5,0,ecg_only,2039.96484375,50.771073349281146,8,0.51171875,0.055005453260498244,0.0972517664993268,117.25190839694656,2039.41015625,47.25452332820199,8,0.5072544642857143,0.07409907443168674,0.14382569904481315,118.28382838283828
15,9,6,0,ecg_only,2045.076171875,50.463961253011625,8,0.5295758928571429,0.05503941074079444,0.10072016478864639,113.29820864067439,2044.1328125,47.65252995214256,8,0.5401785714285714,0.07413688758697781,0.13112632131622956,111.07438016528926
15,9,7,0,ecg_only,2045.9296875,50.99192776094412,9,0.47412109375,0.07273751912763297,0.09611507095060215,126.54994850669414,2047.3876953125,47.75293557894808,9,0.49658203125,0.10906830430639536,0.13344289728545877,120.8259587020649
15,9,8,0,ecg_only,2044.3271484375,51.58131669230964,8,0.49107142857142855,0.09446145329773356,0.1773440368022644,122.18181818181819,2046.7861328125,48.30500187494677,8,0.48939732142857145,0.13903042940214524,0.2255725498823309,122.59977194982896
15,9,9,0,ecg_only,2048.1318359375,51.2902205186143,8,0.5055803571428571,0.1258837541035136,0.2585020765249446,118.67549668874173,2049.025390625,48.081040594928496,9,0.4453125,0.09397352909155787,0.1434108358152935,134.73684210526315
15,9,10,0,ecg_only,2049.7177734375,50.455459129611725,9,0.46826171875,0.04965846718987066,0.07580253290976308,128.13347236704902,2051.1357421875,47.238901348581685,9,0.4755859375,0.08011979670300262,0.13250028954651652,126.16016427104722
15,10,1,1,ecg_only,2045.6328125,45.65016362473243,9,0.4931640625,0.08900658709548816,0.15501746013410417,121.66336633663366,2068.365234375,41.9973422980707,9,0.47998046875,0.08222720039464564,0.09886528363402249,125.00508646998983
15,10,2,1,ecg_only,2042.1474609375,50.652815790036904,9,0.49755859375,0.0824703995748188,0.12722112851761158,120.58881256133465,2063.705078125,47.45638348618283,8,0.5412946428571429,0.06940313308500781,0.12916246632955464,110.84536082474226
15,10,3,1,ecg_only,2043.0126953125,51.55275319773465,9,0.482421875,0.09962852144419414,0.15177032649153857,124.37246963562752,2061.8056640625,47.98390769420406,8,0.5340401785714286,0.09894714401473885,0.16758980995586117,112.35109717868337
15,10,4,1,ecg_only,2047.794921875,52.724639690211696,8,0.4849330357142857,0.10206410667718219,0.13944455359979405,123.72842347525892,2060.271484375,47.856786345921,9,0.42431640625,0.09912830946642286,0.170582855944516,141.40391254315304
15,10,5,1,ecg_only,2044.24609375,53.92565759674341,8,0.5044642857142857,0.09025354357867425,0.13208286096787247,118.93805309734513,2057.009765625,48.395262858389025,8,0.50390625,0.1059327590595293,0.19298087428173202,119.06976744186046
15,10,6,1,ecg_only,2034.2392578125,47.569135355939125,8,0.5485491071428571,0.0643848442047141,0.13041650026613452,109.37945066124111,2050.048828125,42.500868081595804,8,0.5340401785714286,0.09214857791280363,0.1469913103298967,112.35109717868337
15,10,7,1,ecg_only,2035.37109375,47.30712263421557,9,0.45849609375,0.09951238959538354,0.13542918611999777,130.8626198083067,2048.03125,42.369065310819636,8,0.5044642857142857,0.10436610637442433,0.08615916015669053,118.93805309734513
15,10,8,1,ecg_only,2042.5673828125,53.05386184276861,10,0.4197048611111111,0.0825999448678279,0.12387340211270764,142.95760082730092,2050.1748046875,48.99232351740146,10,0.4197048611111111,0.09075644336332202,0.12038286801746076,142.95760082730092
15,10,9,1,ecg_only,2045.6748046875,53.214893705345574,9,0.48486328125,0.09477059825354571,0.1616464857521709,123.74622356495469,2051.734375,49.23524277242243,11,0.38828125,0.0768688069151753,0.11779357164477752,154.5271629778672
15,10,10,1,ecg_only,2039.849609375,52.58216078348162,9,0.47314453125,0.10948720353834716,0.131119394520489,126.81114551083591,2051.4296875,48.8062869915582,9,0.4560546875,0.11844620242393736,0.16789735816701906,131.56316916488223
15,11,1,0,ecg_only,2051.7568359375,53.65742802423732,8,0.49386160714285715,0.03877444813848261,0.07940039681464392,121.49152542372882,2047.533203125,50.931104574488565,8,0.48995535714285715,0.07848291737388019,0.13787642307648026,122.46013667425967
15,11,2,0,ecg_only,2046.8173828125,54.01013405510423,8,0.4955357142857143,0.047219187056487005,0.0901968829939423,121.08108108108108,2047.8203125,50.979305481757436,8,0.5078125,0.054327578356570295,0.10133688883650661,118.15384615384616
15,11,3,0,ecg_only,2045.0009765625,53.56103227845619,8,0.5167410714285714,0.05554628186664868,0.10784127408898421,116.11231101511879,2049.26953125,50.61857221322302,8,0.5189732142857143,0.04013204150974376,0.06861003152441522,115.61290322580645
15,11,4,0,ecg_only,2043.3662109375,54.12667497857923,8,0.5172991071428571,0.07277607315580852,0.09965404431420274,115.98705501618124,2049.7353515625,51.0017164259403,8,0.5167410714285714,0.09112571145721818,0.12641613192729134,116.11231101511879
15,11,5,0,ecg_only,2044.869140625,53.986131617981066,8,0.5122767857142857,0.0563146241586735,0.10424394919615439,117.12418300653596,2050.1240234375,50.98287136749411,8,0.51171875,0.11572751247156893,0.22295301859944433,117.25190839694656
15,11,6,0,ecg_only,2045.8408203125,53.585513704867914,8,0.5167410714285714,0.06914690768324794,0.12835266231940484,116.11231101511879,2051.2080078125,50.93980721707179,8,0.48604910714285715,0.10205190170175114,0.1548931976210409,123.4443168771527
15,11,7,0,ecg_only,2044.322265625,53.33359463548227,8,0.5457589285714286,0.06873586647394117,0.1330803059755337,109.93865030674846,2049.7802734375,50.705679938742875,8,0.5630580357142857,0.09832202896980817,0.17699953976443814,106.56095143706641
15,11,8,0,ecg_only,2045.7626953125,47.338596408457136,10,0.44140625,0.08570043058283507,0.11502729009161397,135.92920353982302,2049.3515625,43.86758125379827,8,0.5178571428571429,0.12631591703993722,0.19988781643751138,115.86206896551722
15,11,9,0,ecg_only,2050.775390625,47.82471596234171,8,0.5256696428571429,0.07736395904296148,0.10314028848162543,114.14012738853502,2052.4638671875,44.13633732589125,9,0.43798828125,0.09244777339154098,0.12529610575873287,136.98996655518394
15,11,10,0,ecg_only,2063.7861328125,55.113485219260184,8,0.5267857142857143,0.0635866943448398,0.12673759749889402,113.89830508474576,2055.08203125,51.02432314224289,8,0.5245535714285714,0.10862935980160067,0.16505158205719608,114.38297872340426
15,12,1,0,ecg_only,2050.6982421875,52.18669307793027,9,0.46630859375,0.07947892961845862,0.12913433555140774,128.67015706806282,2056.15234375,51.40234820275077,9,0.458984375,0.11433707854102655,0.19264359534386014,130.72340425531914
15,12,2,0,ecg_only,2049.48046875,52.46734111955049,9,0.453125,0.068359375,0.08561984717941738,132.41379310344828,2054.5693359375,51.53293733165005,8,0.5089285714285714,0.12780601703158206,0.22911302343278178,117.89473684210527
15,12,3,0,ecg_only,2050.119140625,53.12148393551779,8,0.5206473214285714,0.07900492983439548,0.12013438858884072,115.24115755627011,2056.16796875,51.64290236444911,8,0.51171875,0.11009013656837227,0.20323139240943336,117.25190839694656
15,12,4,0,ecg_only,2059.0234375,55.583740293889846,8,0.5050223214285714,0.04939798209002395,0.09492267875174115,118.80662983425415,2064.1162109375,53.8211118517214,9,0.46630859375,0.12940742860251359,0.1948879313953828,128.67015706806282
15,12,5,0,ecg_only,2061.634765625,55.44255017111242,9,0.48779296875,0.06254385363342536,0.10414806381507326,123.003003003003,2067.49609375,54.774234651122335,9,0.48583984375,0.11717020542955993,0.21121633356521494,123.49748743718592
15,12,6,0,ecg_only,2041.4248046875,56.09825199518233,9,0.4853515625,0.04086421084552281,0.059369859974885406,123.62173038229376,2049.7021484375,55.4095912986571,9,0.474609375,0.10586586119427853,0.20858894289538524,126.41975308641975
15,12,7,0,ecg_only,2033.4892578125,54.74141879308946,9,0.48583984375,0.03771794879760859,0.07117526233706484,123.49748743718592,2039.87890625,53.08396378666264,9,0.4765625,0.0908360621424491,0.14098880272709477,125.90163934426229
15,12,8,0,ecg_only,2037.787109375,54.21400006070191,9,0.47998046875,0.04725745264447012,0.07245014449606019,125.00508646998983,2042.4921875,53.05881849622025,9,0.48779296875,0.10910327400588725,0.20571621606314677,123.003003003003
15,12,9,0,ecg_only,2039.39453125,54.431836399691434,9,0.48876953125,0.058607989806136594,0.09377324860544108,122.75724275724276,2044.6103515625,53.04642654701308,9,0.48095703125,0.10696703244300594,0.1589882825730743,124.751269035533
15,12,10,0,ecg_only,2043.7861328125,54.3545953371342,9,0.48974609375,0.04358303362206615,0.06896653198096989,122.5124626121635,2049.8466796875,52.853635317916165,9,0.494140625,0.08758627861241665,0.16461958988832404,121.42292490118577
15,13,1,0,ecg_only,2051.9677734375,54.5407489624608,9,0.455078125,0.05793905068043487,0.06634056625494529,131.84549356223175,2068.3525390625,52.24409107398569,10,0.4175347222222222,0.050712575239508784,0.07262106422882111,143.7006237006237
15,13,2,0,ecg_only,2061.80078125,54.454318578875345,9,0.45849609375,0.03547691755320843,0.041915874906727504,130.8626198083067,2070.134765625,52.721235884853066,9,0.45263671875,0.03485315854441977,0.05598742036242861,132.5566343042071
15,13,3,0,ecg_only,2055.775390625,55.620648880417264,9,0.46142578125,0.09936853351786576,0.1490164344626302,130.03174603174602,2065.4921875,53.527062532328856,9,0.45849609375,0.12417233157622977,0.22227901156963742,130.8626198083067
15,13,4,0,ecg_only,2059.78125,55.45445238267618,9,0.451171875,0.08688662663880947,0.10169119593336064,132.98701298701297,2065.4873046875,52.85724652972419,10,0.4388020833333333,0.11324382763103594,0.1810727008636224,136.7359050445104
15,13,5,0,ecg_only,2057.81640625,55.66657053012123,8,0.5290178571428571,0.07095616663059078,0.14189422880430602,113.41772151898735,2059.17578125,54.24092989571757,9,0.43798828125,0.09929172505515609,0.12882167138712808,136.98996655518394
15,13,6,0,ecg_only,2039.7060546875,54.84483192007028,8,0.5474330357142857,0.06078236073299153,0.11313523276118313,109.60244648318043,2042.138671875,53.29011389424012,8,0.5340401785714286,0.051936309279923785,0.10352176672031749,112.35109717868337
15,13,7,0,ecg_only,2040.78515625,54.73177434921223,9,0.4951171875,0.09672899626410748,0.1319562736186553,121.18343195266272,2044.5263671875,53.918986612059236,9,0.49267578125,0.11298515823255266,0.16576103114889412,121.78394449950446
15,13,8,0,ecg_only,2056.0478515625,54.74918534704847,9,0.4755859375,0.09356161900209385,0.15889227928823577,126.16016427104722,2057.47265625,53.730312840558966,9,0.470703125,0.11428702217443588,0.20188711056663927,127.4688796680498
15,13,9,0,ecg_only,2055.5693359375,54.373016101994665,9,0.462890625,0.056302872286717084,0.05633673867912483,129.62025316455697,2057.38671875,52.58043372879686,9,0.4560546875,0.08497216161491786,0.09697305665244269,131.56316916488223
15,13,10,0,ecg_only,2047.1845703125,53.491640302361674,9,0.47119140625,0.07831854687458073,0.08203125,127.33678756476684,2051.3115234375,52.040432973654134,8,0.5345982142857143,0.0755844903835659,0.13265922528072946,112.23382045929019
15,14,1,0,ecg_only,2054.50390625,54.548125830464706,9,0.49462890625,0.10230977899641802,0.1593785560702714,121.30306021717671,2062.6591796875,53.01492321697813,9,0.49072265625,0.10255185002109432,0.1664630918176759,122.26865671641791
15,14,2,0,ecg_only,2058.810546875,55.47442089051879,9,0.47265625,0.05145289012624801,0.08237597634501605,126.94214876033058,2061.3974609375,53.348401904280706,9,0.466796875,0.05599715307356035,0.08556891329794408,128.53556485355648
15,14,3,0,ecg_only,2056.3447265625,55.260527414779595,9,0.470703125,0.09309668193603894,0.11185797705684651,127.4688796680498,2057.369140625,52.262469213805566,9,0.46630859375,0.09953155469623201,0.08924734108434268,128.67015706806282
15,14,4,0,ecg_only,2053.583984375,49.845217232947796,9,0.4775390625,0.08148885976093125,0.10049447015814389,125.6441717791411,2052.3720703125,47.89277616713252,10,0.4192708333333333,0.08125250396782653,0.0920251483546074,143.10559006211182
15,14,5,0,ecg_only,2075.8564453125,59.574892938336,9,0.4677734375,0.08481488883829504,0.15402291173124097,128.26722338204593,2066.3525390625,57.24588663407976,9,0.4580078125,0.09605622838333008,0.1649106478169098,131.00213219616205
15,14,6,0,ecg_only,2080.3642578125,63.124652937133305,9,0.453125,0.025164255325635012,0.03655453400705874,132.41379310344828,2069.6142578125,59.7843506762203,9,0.453125,0.06391823504669364,0.10711960313126631,132.41379310344828
15,14,7,0,ecg_only,2056.5263671875,57.01344146687185,9,0.46923828125,0.0681200470130028,0.08304801416198945,127.86680541103017,2052.44921875,54.212106575834596,9,0.455078125,0.09187994911202403,0.12413378720604665,131.84549356223175
15,14,8,0,ecg_only,2051.33984375,55.18002970369431,9,0.4931640625,0.04767185643538642,0.07963112939656962,121.66336633663366,2044.26953125,53.91987698572089,9,0.498046875,0.09671420627453084,0.1515043841082424,120.47058823529412
15,14,9,0,ecg_only,2049.94140625,55.14840139249243,9,0.4755859375,0.028887108315916094,0.03983608994994363,126.16016427104722,2045.677734375,53.77388325076536,9,0.48486328125,0.07583150868438915,0.1281090065148552,123.74622356495469
15,14,10,0,ecg_only,2050.169921875,55.53550062510823,9,0.4814453125,0.04469840816931956,0.07712812656460723,124.62474645030426,2054.171875,54.61237473878402,9,0.4814453125,0.11103219302609309,0.1957584195302064,124.62474645030426
15,15,1,1,ecg_only,2058.9619140625,61.88806297278874,10,0.4361979166666667,0.04864984815695157,0.06669285577720263,137.55223880597015,2056.099609375,62.798737919025186,10,0.4370659722222222,0.08830092202704125,0.142892152038724,137.27904667328698
15,15,2,1,ecg_only,2054.474609375,61.97302320619966,9,0.486328125,0.04517591213367335,0.07968585870158475,123.37349397590361,2053.9765625,62.605952672717905,9,0.48583984375,0.11241820858934073,0.1897707090530805,123.49748743718592
15,15,3,1,ecg_only,2044.4296875,55.0440780184603,9,0.4677734375,0.0729943724252885,0.10155176797693417,128.26722338204593,2048.58984375,55.243651840963466,8,0.5256696428571429,0.08304426439275119,0.13336664419506913,114.14012738853502
15,15,4,1,ecg_only,2040.3583984375,50.72333685910754,9,0.4599609375,0.07241722906821255,0.09110862335695782,130.44585987261146,2049.9873046875,49.6702292602575,8,0.51953125,0.07978154464581035,0.12416305092959755,115.48872180451127
15,15,5,1,ecg_only,2041.662109375,48.843111098706,9,0.46435546875,0.08680838686246327,0.11888649345444106,129.21135646687696,2052.9208984375,48.32396565892859,9,0.46044921875,0.09359601408141648,0.15856268388552883,130.30752916224813
15,15,6,1,ecg_only,2045.3671875,54.25941322332784,9,0.48779296875,0.04325356158988484,0.07471637685183932,123.003003003003,2057.3876953125,53.722041101927296,9,0.48828125,0.07074519639169857,0.1243092662125179,122.88
15,15,7,1,ecg_only,2037.033203125,56.37933803200859,9,0.4951171875,0.07207401751994157,0.10469083150349345,121.18343195266272,2051.787109375,55.87349331934408,9,0.49560546875,0.09852034700407683,0.16180822662720543,121.06403940886699
15,15,8,1,ecg_only,2032.67578125,55.313121106814684,8,0.5407366071428571,0.08845878223408196,0.16885214645742957,110.95975232198144,2048.369140625,55.381087991064014,10,0.4292534722222222,0.08731620633145534,0.12075462847382523,139.77755308392315
15,15,9,1,ecg_only,2028.9580078125,56.07788942148847,8,0.5279017857142857,0.08604975854394908,0.1713934423390315,113.65750528541227,2048.7705078125,54.94723204947067,9,0.4501953125,0.10349259030268106,0.18061315342082943,133.2754880694143
15,15,10,1,ecg_only,2023.6201171875,56.82734289042791,9,0.45068359375,0.07931076454326061,0.09559202279180294,133.1310942578548,2042.9697265625,55.779421026768304,8,0.5290178571428571,0.12459576698215893,0.22001933619748346,113.41772151898735
15,16,1,1,ecg_only,2040.0009765625,58.40280553499828,9,0.49462890625,0.060229051802516975,0.09490545401025621,121.30306021717671,2044.0078125,57.325839654468595,9,0.49169921875,0.08222720039464564,0.1452233669606373,122.025819265144
15,16,2,1,ecg_only,2054.17578125,57.01691052071436,8,0.5256696428571429,0.12308198448325706,0.21231945071906586,114.14012738853502,2056.033203125,56.13664682097151,9,0.4599609375,0.11260150992158628,0.1720587998570806,130.44585987261146
15,16,3,1,ecg_only,2049.8779296875,55.60067710155431,9,0.47705078125,0.08763934348086387,0.10070032395943776,125.77277379733879,2048.6103515625,55.74016808512201,9,0.48046875,0.14341843555223296,0.21852567420007704,124.8780487804878
15,16,4,1,ecg_only,2042.1083984375,55.9139350483513,9,0.4921875,0.08090748116096867,0.11138929632070323,121.9047619047619,2041.7744140625,54.45027915490702,9,0.48681640625,0.07416572684503367,0.06794757983115156,123.24974924774322
15,16,5,1,ecg_only,2038.8974609375,49.8233621449633,9,0.47998046875,0.07680619052335534,0.08450510801868726,125.00508646998983,2042.6494140625,47.6481359859746,9,0.47900390625,0.09908981957365574,0.12054346453258201,125.25993883792049
15,16,6,1,ecg_only,2037.8037109375,49.33233467049216,8,0.5245535714285714,0.08815904660558445,0.12603332660079436,114.38297872340426,2042.630859375,48.33368375366163,9,0.45263671875,0.08787841712092175,0.13481616223749446,132.5566343042071
15,16,7,1,ecg_only,2043.1826171875,55.40066111993006,7,0.576171875,0.06909941686300465,0.14391761627207944,104.13559322033899,2047.0048828125,55.25615929668513,9,0.4755859375,0.10650800905871982,0.14293886299634365,126.16016427104722
15,16,8,1,ecg_only,2047.8154296875,55.13100622936465,8,0.5011160714285714,0.06943004917408835,0.08704015607483279,119.73273942093542,2049.875,54.73278482203331,8,0.5106026785714286,0.06999289607265695,0.12474542762057286,117.50819672131146
15,16,9,1,ecg_only,2047.3427734375,55.14881046253894,8,0.49832589285714285,0.020442699870551567,0.02649347649658308,120.40313549832027,2048.3466796875,53.95855188018647,9,0.46240234375,0.07706649871376682,0.10270434701708277,129.75712777191129
15,16,10,1,ecg_only,2045.3759765625,56.29631989581513,8,0.5318080357142857,0.07598717222527343,0.09306936082556475,112.82266526757608,2046.66796875,54.18644669332935,9,0.46337890625,0.09860742827748335,0.08319225176269851,129.4836670179136
15,17,1,0,ecg_only,2059.9619140625,56.49000460058279,9,0.48291015625,0.05813418408100907,0.09043622580304864,124.24671385237613,2060.205078125,55.28859770976875,9,0.48291015625,0.08504368052386901,0.13969184437156154,124.24671385237613
15,17,2,0,ecg_only,2072.353515625,55.89032601736977,9,0.48779296875,0.10106242382870023,0.15133163104851402,123.003003003003,2073.1640625,54.71815602815115,8,0.5100446428571429,0.12197899964842142,0.1750273183662458,117.63676148796498
15,17,3,0,ecg_only,2065.265625,49.12124021474188,9,0.48681640625,0.09387072102106518,0.11503794926547221,123.24974924774322,2066.921875,47.64307963502543,9,0.48779296875,0.11683602075755559,0.16763749520649354,123.003003003003
15,17,4,0,ecg_only,2056.923828125,48.31856424781741,9,0.451171875,0.07421875,0.07313887803289516,132.98701298701297,2057.9443359375,47.76754245771543,8,0.5089285714285714,0.10944900011255358,0.15770804092333085,117.89473684210527
15,17,5,0,ecg_only,2061.1943359375,55.25961743878522,8,0.5217633928571429,0.035792673461662,0.05674155877474199,114.9946524064171,2059.8857421875,54.65704180240441,9,0.47705078125,0.1047326289592961,0.1349454513223372,125.77277379733879
15,17,6,0,ecg_only,2064.900390625,54.40907552832902,8,0.5212053571428571,0.04175211131698636,0.07216878364870322,115.11777301927197,2063.431640625,53.89393169802004,8,0.53125,0.05676076390603309,0.10828840840335244,112.94117647058823
15,17,7,0,ecg_only,2064.169921875,54.79313399328785,8,0.50390625,0.029528474453845877,0.028793417171218725,119.06976744186046,2063.2177734375,54.12244181060588,8,0.5072544642857143,0.04286353653944536,0.05776321097088238,118.28382838283828
15,17,8,0,ecg_only,2057.962890625,55.19355669839811,9,0.49755859375,0.09895498705108437,0.14994244152370365,120.58881256133465,2056.5693359375,54.99047393665353,10,0.4396701388888889,0.10908181052292759,0.1659121920437133,136.4659427443238
15,17,9,0,ecg_only,2052.296875,54.72544888677822,8,0.5223214285714286,0.07186754758392025,0.10903733219039209,114.87179487179486,2050.392578125,54.227657621971574,8,0.5217633928571429,0.10424967462203909,0.20381867731554007,114.9946524064171
15,17,10,0,ecg_only,2054.0048828125,54.67804360728941,9,0.48193359375,0.0858695021289516,0.11347351295232325,124.4984802431611,2054.9033203125,54.2375906450086,9,0.46533203125,0.07368841930071567,0.09269777812437809,128.9401888772298
15,18,1,1,ecg_only,2043.84375,56.063762875965615,9,0.45458984375,0.06779728450682242,0.09980886449010214,131.98711063372718,2044.7861328125,55.49500402525989,9,0.4541015625,0.06141483470128955,0.11292470058508963,132.1290322580645
15,18,2,1,ecg_only,2045.3779296875,55.88426885169749,10,0.4383680555555556,0.053107692805355655,0.09906214572590437,136.87128712871285,2049.8798828125,54.406063554982246,10,0.4266493055555556,0.08741970246379259,0.16149639378350875,140.63072227873855
15,18,3,1,ecg_only,2049.7392578125,56.132910963169884,9,0.43505859375,0.06949221769163903,0.10829344074336042,137.9124579124579,2054.4599609375,54.95881233363285,9,0.43505859375,0.10257044720588211,0.15344866030841203,137.9124579124579
15,18,4,1,ecg_only,2048.009765625,55.93110911766875,9,0.4873046875,0.105210730396321,0.12728964670139545,123.12625250501002,2053.3759765625,55.33513174907014,9,0.48486328125,0.1189393391228958,0.16547805560303372,123.74622356495469
15,18,5,1,ecg_only,2044.5927734375,49.23682392873543,8,0.5390625,0.10693630108078027,0.1731942151613748,111.30434782608695,2048.38671875,48.08008110026852,9,0.48876953125,0.11227390033163857,0.1515187713058541,122.75724275724276
15,18,6,1,ecg_only,2050.5439453125,50.008007390662044,8,0.515625,0.08249496907008935,0.14093210101447493,116.36363636363636,2051.400390625,47.524663003512316,10,0.4157986111111111,0.10472038881297392,0.18187673666213386,144.30062630480168
15,18,7,1,ecg_only,2050.2109375,57.429733199546504,8,0.5178571428571429,0.0414376745886986,0.07639690318596853,115.86206896551722,2053.9658203125,55.20485467951585,8,0.4955357142857143,0.1590215762930362,0.31916317558537294,121.08108108108108
15,18,8,1,ecg_only,2044.1025390625,57.10863955920471,8,0.4927455357142857,0.09905094630203733,0.10331274340186089,121.76670441676104,2049.703125,56.22695491474151,8,0.4927455357142857,0.14337934689956897,0.255299662123687,121.76670441676104
15,18,9,1,ecg_only,2044.140625,56.27894871405626,9,0.47900390625,0.09266415232625168,0.13012646235626765,125.25993883792049,2049.875,55.53173360791107,9,0.4677734375,0.11726478571276937,0.17471152682644264,128.26722338204593
15,18,10,1,ecg_only,2044.52734375,49.872642824692335,9,0.48388671875,0.06641881487286724,0.06812379688485462,123.99596367305752,2049.2666015625,48.24111618520422,9,0.45751953125,0.1302375252107566,0.23115816980990758,131.1419423692636
16,1,1,0,ecg_only,2102.63671875,33.630849563435035,9,0.48486328125,0.1073941281636854,0.2079976601940641,123.74622356495469,2114.3671875,25.983279206825372,9,0.458984375,0.09110862335695782,0.18804561611172776,130.72340425531914
16,1,2,0,ecg_only,2083.98046875,28.83715744972575,9,0.45166015625,0.06669106831607699,0.11656269448949688,132.84324324324325,2101.376953125,22.435813309117027,10,0.4409722222222222,0.0712572630381404,0.11591924395096813,136.06299212598427
16,1,3,0,ecg_only,2077.34765625,32.32761122681099,10,0.4309895833333333,0.0429490169335173,0.06593062667819628,139.21450151057402,2092.2353515625,26.364376568193848,10,0.4309895833333333,0.058405368468765116,0.08806406498121482,139.21450151057402
16,1,4,0,ecg_only,2070.0107421875,31.663558538056137,9,0.443359375,0.04913963134925439,0.08811664885708927,135.33039647577093,2078.3427734375,23.852998012473073,9,0.443359375,0.07465435489693903,0.14577020848937453,135.33039647577093
16,1,5,0,ecg_only,2080.8505859375,30.807874583869417,9,0.47021484375,0.07792791302412698,0.09877705043158702,127.601246105919,2086.546875,23.267671165898296,9,0.46044921875,0.08023131070326027,0.13379364483158918,130.30752916224813
16,1,6,0,ecg_only,2082.689453125,30.931111178931605,10,0.4292534722222222,0.04249041059208478,0.07660882288068432,139.77755308392315,2088.8388671875,23.64682385446798,10,0.4244791666666667,0.03836177047566728,0.07266045014741514,141.34969325153372
16,1,7,0,ecg_only,2076.29296875,30.44834427865534,9,0.43115234375,0.04082626956383627,0.06614312365559737,139.16194790486975,2084.3154296875,22.658536871888785,9,0.4306640625,0.0611970509136457,0.10578861878216997,139.31972789115648
16,1,8,0,ecg_only,2079.7646484375,28.23129704918867,9,0.4658203125,0.07359291027586212,0.11891399331836285,128.80503144654088,2089.3916015625,20.23750501306294,10,0.4357638888888889,0.07298896878325661,0.13706707859002148,137.68924302788844
16,1,9,0,ecg_only,2069.9453125,29.71280069098744,9,0.48095703125,0.07757220196658295,0.14040005570419506,124.751269035533,2082.3271484375,22.67978099734081,9,0.4599609375,0.07964224933047766,0.1540724379220117,130.44585987261146
16,1,10,0,ecg_only,2050.5263671875,29.267877951286856,9,0.4541015625,0.0657350616310407,0.12552206826106602,132.1290322580645,2065.3359375,22.984931321870285,10,0.4396701388888889,0.07240592871924223,0.12537328297132452,136.4659427443238
16,2,1,0,ecg_only,2032.416015625,32.78255742959594,10,0.3953993055555556,0.023056640599467753,0.04163868282290594,151.74533479692644,2042.30859375,25.471155645110823,10,0.3953993055555556,0.028215144033237858,0.052734375,151.74533479692644
16,2,2,0,ecg_only,2037.92578125,36.867800666057484,10,0.38671875,0.04906625958702284,0.0656261625641072,155.15151515151516,2046.48046875,28.481346852462462,10,0.3836805555555556,0.03918287778920961,0.046404704572330945,156.38009049773754
16,2,3,0,ecg_only,2054.5556640625,30.44473135268475,10,0.4092881944444444,0.08792250150683348,0.10757269242365107,146.59597030752917,2061.9482421875,23.814063614098817,10,0.4105902777777778,0.09057568035898092,0.09776361285786976,146.1310782241015
16,2,4,0,ecg_only,2060.4287109375,30.31921310810305,10,0.4014756944444444,0.035838186377331625,0.055294483073797134,149.44864864864866,2067.052734375,22.95182523429658,11,0.3984375,0.03291464755147015,0.04891052075779414,150.58823529411765
16,2,5,0,ecg_only,2062.369140625,32.83865720570765,11,0.3859375,0.02554341050667471,0.03849412890389188,155.46558704453443,2068.1884765625,24.64614067197719,11,0.3859375,0.032202287258632736,0.04685691201939214,155.46558704453443
16,2,6,0,ecg_only,2054.4638671875,31.901194247549117,11,0.38046875,0.020684691085740198,0.03152010009612032,157.700205338809,2064.4169921875,23.442102555083746,11,0.37578125,0.01328125,0.02008756330799676,159.66735966735968
16,2,7,0,ecg_only,2053.822265625,31.057935598119577,10,0.4001736111111111,0.03613655954253238,0.056031204249144734,149.93492407809111,2059.8583984375,23.27289002111679,10,0.3971354166666667,0.03849412890389188,0.06927401504284453,151.08196721311475
16,2,8,0,ecg_only,2047.0625,30.215372743026023,10,0.4162326388888889,0.044083208074981325,0.07010875428045925,144.15015641293013,2051.392578125,22.734416529037457,10,0.4149305555555556,0.050589842854456266,0.08833438320855554,144.60251046025104
16,2,9,0,ecg_only,2050.544921875,31.65768342006639,10,0.4283854166666667,0.06481707533673772,0.1040119293413621,140.06079027355622,2056.2841796875,24.15381018789194,10,0.4253472222222222,0.06949867674044478,0.1081121289304535,141.06122448979593
16,2,10,0,ecg_only,2049.138671875,32.07307191377346,10,0.4114583333333333,0.04080322816664687,0.07280468288912423,145.8227848101266,2056.083984375,24.225881557742245,10,0.4079861111111111,0.045669952909603836,0.07330075783123127,147.06382978723406
16,3,1,1,ecg_only,2047.1689453125,31.392048599826744,10,0.3997395833333333,0.036271844471833646,0.06888746909589218,150.09771986970685,2056.37890625,24.164172059139766,10,0.4045138888888889,0.02076086934566215,0.03158390943124263,148.3261802575107
16,3,2,1,ecg_only,2050.2412109375,29.98384038896836,10,0.4214409722222222,0.04200886677973216,0.04669153549953875,142.3686920700309,2057.1630859375,23.086237881895997,10,0.4049479166666667,0.030425316264447715,0.04330038921366282,148.16720257234726
16,3,3,1,ecg_only,2047.8779296875,30.58871800437714,10,0.3958333333333333,0.021631832976349154,0.03311684562072885,151.57894736842107,2055.6640625,23.527627491336514,10,0.3958333333333333,0.02899877272307303,0.04272391182466281,151.57894736842107
16,3,4,1,ecg_only,2056.486328125,32.135361421724106,10,0.3919270833333333,0.03970820490098152,0.04347622908115638,153.08970099667775,2065.27734375,25.32505927573193,10,0.3880208333333333,0.03157384284630766,0.04572148402624854,154.63087248322148
16,3,5,1,ecg_only,2061.080078125,32.189281406920166,11,0.37421875,0.01863571944043213,0.024150048165353395,160.3340292275574,2068.0185546875,24.732921969736445,11,0.37421875,0.01384378527083543,0.014440802742720594,160.3340292275574
16,3,6,1,ecg_only,2060.744140625,30.56487984158002,11,0.3796875,0.03834497247440008,0.041442266830311325,158.02469135802468,2066.2353515625,23.34854536324541,11,0.37421875,0.030146533408710523,0.03281146658425561,160.3340292275574
16,3,7,1,ecg_only,2060.33984375,30.185781110078732,10,0.3940972222222222,0.02746404864506315,0.039378603815734284,152.2466960352423,2064.6484375,24.198669851018543,10,0.390625,0.0339541791937638,0.05908001352443037,153.6
16,3,8,1,ecg_only,2055.669921875,29.96075612874943,10,0.3975694444444444,0.02290910281318862,0.04145504936873266,150.9170305676856,2062.056640625,23.38733620925221,10,0.3927951388888889,0.036879593378902786,0.07083949641922709,152.75138121546962
16,3,9,1,ecg_only,2059.0556640625,30.60199753406052,10,0.4079861111111111,0.05149772048435617,0.06994533038855462,147.06382978723406,2066.5615234375,22.813744059045597,10,0.4053819444444444,0.049334278605495906,0.053932426841734674,148.00856531049251
16,3,10,1,ecg_only,2050.1083984375,34.18280029073463,11,0.383203125,0.02185057229835468,0.03836177047566728,156.57492354740063,2059.708984375,25.666454223480226,11,0.383203125,0.018359374999999997,0.03407878210495417,156.57492354740063
16,4,1,1,ecg_only,2053.7255859375,30.929795278740567,10,0.4192708333333333,0.03146626555623586,0.06160863396713869,143.10559006211182,2059.2958984375,24.03592978599299,10,0.4205729166666667,0.03484137541734285,0.06555346268296254,142.6625386996904
16,4,2,1,ecg_only,2049.669921875,29.13865079763297,10,0.4296875,0.0654418326725472,0.08287558402061378,139.63636363636363,2057.529296875,21.666847179345574,10,0.4283854166666667,0.061625831073954335,0.07897486960607707,140.06079027355622
16,4,3,1,ecg_only,2046.58203125,31.33116193782196,9,0.43310546875,0.03379738765756291,0.05213678432866692,138.53438556933483,2056.048828125,24.259855411032625,9,0.43310546875,0.043561146347052625,0.07152659638173312,138.53438556933483
16,4,4,1,ecg_only,2045.7412109375,31.13764836028293,10,0.4322916666666667,0.036551220957339065,0.06156217778310346,138.79518072289156,2053.3994140625,24.70362684595477,10,0.4275173611111111,0.04283482566484489,0.06536406457297465,140.3451776649746
16,4,5,1,ecg_only,2047.8828125,30.167273527613393,10,0.4340277777777778,0.05114534420260944,0.05932165058002906,138.24,2056.6826171875,23.712549638067806,10,0.4201388888888889,0.056849355312614376,0.10583883276240254,142.8099173553719
16,4,6,1,ecg_only,2056.3154296875,32.55108839462582,11,0.398046875,0.038845098151383595,0.060571371612567745,150.7360157016683,2064.6611328125,24.56475445056872,11,0.397265625,0.05051160380685437,0.08195888011383445,151.03244837758112
16,4,7,1,ecg_only,2060.9345703125,29.0423420718525,9,0.4404296875,0.04787148819834431,0.05551824376387459,136.23059866962305,2065.7353515625,22.59790505261558,9,0.43505859375,0.055926857047695774,0.0879309183431496,137.9124579124579
16,4,8,1,ecg_only,2057.23046875,27.148492299854766,10,0.4292534722222222,0.02150956891209005,0.025126328770055873,139.77755308392315,2062.79296875,21.282055541265827,10,0.4318576388888889,0.04215658875551416,0.07527770445547564,138.93467336683418
16,4,9,1,ecg_only,2054.1845703125,30.640336023161424,9,0.43603515625,0.030877757331567144,0.04666526740435163,137.60358342665174,2059.765625,23.31538500077524,9,0.43603515625,0.03689997974591617,0.06211516566671598,137.60358342665174
16,4,10,1,ecg_only,2056.8056640625,31.02585752410231,10,0.4153645833333333,0.029289640310421854,0.045908825287277966,144.45141065830722,2062.4375,23.79510519518668,10,0.4162326388888889,0.04247710808909493,0.07471820024761161,144.15015641293013
16,5,1,0,ecg_only,2045.59765625,33.4036954468639,10,0.3776041666666667,0.03294039229342062,0.03669588716417175,158.89655172413794,2050.75,24.798209045715378,10,0.3763020833333333,0.029919597117385566,0.034499065884093155,159.44636678200692
16,5,2,0,ecg_only,2048.736328125,33.22118712534719,10,0.4166666666666667,0.09190531789073592,0.08640232953357291,144.0,2054.4267578125,25.439467576621375,10,0.4175347222222222,0.0933230375232275,0.10428663339228511,143.7006237006237
16,5,3,0,ecg_only,2052.9912109375,31.774918262127446,10,0.3967013888888889,0.025852903839992065,0.04316803926816473,151.2472647702407,2057.1220703125,24.224127250043626,11,0.3921875,0.03264466002465028,0.05651701670367371,152.98804780876492
16,5,4,0,ecg_only,2055.701171875,32.01407403200519,11,0.394140625,0.02320522928168617,0.03897559777889522,152.22993062438056,2060.2734375,24.569246797238083,11,0.394140625,0.03274966081050497,0.0541422470997182,152.22993062438056
16,5,5,0,ecg_only,2059.3818359375,30.26877810350681,11,0.38515625,0.02729907064008773,0.04495488672300018,155.78093306288034,2066.0830078125,22.79502636301533,11,0.384375,0.028394971633416016,0.042111879241656845,156.09756097560975
16,5,6,0,ecg_only,2062.173828125,30.455510883220445,10,0.4014756944444444,0.04238387366574202,0.0569093839231776,149.44864864864866,2068.041015625,23.16610108744037,10,0.4001736111111111,0.041344420847603675,0.07156277718969242,149.93492407809111
16,5,7,0,ecg_only,2060.6396484375,30.8718689941005,10,0.3953993055555556,0.019293498933066727,0.036225072248030094,151.74533479692644,2065.2861328125,23.26362930254243,10,0.3958333333333333,0.030480989350832353,0.05318456564136759,151.57894736842107
16,5,8,0,ecg_only,2056.4775390625,31.526208767568082,10,0.41796875,0.04878904686248749,0.07632196751007782,143.55140186915887,2058.8662109375,23.688297127468985,10,0.4153645833333333,0.04673010011699573,0.07896279301458417,144.45141065830722
16,5,9,0,ecg_only,2045.6103515625,34.33277989993898,10,0.4049479166666667,0.03380404944204992,0.05389704971307277,148.16720257234726,2051.474609375,25.777278857865547,10,0.4088541666666667,0.041051778048006374,0.06292579567807427,146.7515923566879
16,5,10,0,ecg_only,2038.28125,33.795903389871086,10,0.40625,0.05551824376387459,0.08427909769684147,147.69230769230768,2048.1806640625,26.107866263044574,10,0.4032118055555556,0.04804591440498143,0.07071823043059247,148.80516684607105
16,6,1,1,ecg_only,2055.779296875,30.232919394769258,10,0.4053819444444444,0.036401451990037775,0.06610397656550956,148.00856531049251,2059.48046875,22.186963227992095,10,0.4045138888888889,0.03370918027595069,0.0604838381531329,148.3261802575107
16,6,2,1,ecg_only,2051.2919921875,31.402404838243502,10,0.4366319444444444,0.09494996258284163,0.12811219686412204,137.41550695825052,2054.6044921875,23.07415904768257,10,0.4370659722222222,0.0966606268816779,0.1288988515869311,137.27904667328698
16,6,3,1,ecg_only,2045.765625,31.22345356834146,10,0.4049479166666667,0.050429470653742405,0.09172412343182101,148.16720257234726,2051.755859375,22.890768234273498,10,0.4092881944444444,0.04149450834276778,0.07021749223534199,146.59597030752917
16,6,4,1,ecg_only,2045.986328125,32.13794438556757,10,0.4149305555555556,0.045172263302978084,0.08464042453132989,144.60251046025104,2052.7890625,23.527627491336514,10,0.4105902777777778,0.03586971095728192,0.06814979032174961,146.1310782241015
16,6,5,1,ecg_only,2045.3408203125,33.01653902708592,10,0.4066840277777778,0.02908309994401207,0.050498763569718344,147.53468516542156,2053.3427734375,24.524714227347165,10,0.4105902777777778,0.02567742961414764,0.047741822506173114,146.1310782241015
16,6,6,1,ecg_only,2049.9306640625,32.95475231799309,10,0.40234375,0.028168369339562415,0.037390995545071574,149.126213592233,2058.5234375,24.709196113159848,10,0.4140625,0.055119818980512304,0.06388838763201611,144.9056603773585
16,6,7,1,ecg_only,2054.8056640625,31.8746986374914,10,0.4188368055555556,0.039096243141974116,0.06364910444062627,143.2538860103627,2062.8359375,23.407948818106505,10,0.4171006944444444,0.044491552183123256,0.07962428558843558,143.85015608740895
16,6,8,1,ecg_only,2059.3740234375,31.648517519082954,10,0.4066840277777778,0.028790145749612847,0.04115489747208101,147.53468516542156,2064.728515625,23.21899241427437,10,0.3993055555555556,0.03214736838045348,0.04384754750125713,150.26086956521738
16,6,9,1,ecg_only,2055.646484375,31.79260225198436,10,0.4092881944444444,0.0451347153519294,0.06064130740726572,146.59597030752917,2061.8447265625,23.511680763975743,10,0.4053819444444444,0.03861627850613754,0.05011963836076695,148.00856531049251
16,6,10,1,ecg_only,2053.0966796875,32.61630973685596,10,0.4175347222222222,0.07876139336183585,0.11967573222583208,143.7006237006237,2059.236328125,24.01746615001953,10,0.3953993055555556,0.019116940577730245,0.033346427888601315,151.74533479692644
16,7,1,1,ecg_only,2044.9482421875,30.648400766864576,10,0.4270833333333333,0.0432244600851506,0.06160863396713869,140.4878048780488,2050.9423828125,21.481723713361657,10,0.4249131944444444,0.04801061392022511,0.072265625,141.2053115423902
16,7,2,1,ecg_only,2044.31640625,31.879434194868654,10,0.4097222222222222,0.04208950667500228,0.0815064125580677,146.4406779661017,2050.98828125,22.070330129970834,10,0.4088541666666667,0.04506788619759578,0.07951641791336829,146.7515923566879
16,7,3,1,ecg_only,2048.1201171875,31.528388522072724,9,0.4609375,0.11072685768014348,0.16404921289732585,130.16949152542372,2055.7685546875,21.09252652611398,9,0.4599609375,0.1113238417487432,0.1385952221495336,130.44585987261146
16,7,4,1,ecg_only,2052.7373046875,32.40925334083293,11,0.393359375,0.02531840691109188,0.04999050474076163,152.53227408143,2060.029296875,22.51195691611716,11,0.389453125,0.03458961766759825,0.056666810278617044,154.06218655967902
16,7,5,1,ecg_only,2057.5498046875,32.87421963131753,11,0.3859375,0.014594954447085471,0.023473641116302013,155.46558704453443,2062.783203125,23.40151135055149,11,0.3859375,0.027554987638356874,0.04544252178806028,155.46558704453443
16,7,6,1,ecg_only,2058.912109375,30.45655348587619,10,0.3901909722222222,0.014551262685972404,0.026021313661082478,153.77085650723026,2062.4775390625,21.638215872185178,10,0.3862847222222222,0.026585751442905477,0.039571874197958615,155.32584269662922
16,7,7,1,ecg_only,2057.001953125,30.298127973280838,10,0.4075520833333333,0.035276607250375173,0.041478048010928324,147.22044728434506,2060.580078125,21.19352406972225,10,0.4058159722222222,0.04717943833924025,0.07680774258685814,147.85026737967914
16,7,8,1,ecg_only,2055.9140625,30.53453535132136,10,0.3810763888888889,0.01887896108587808,0.029684929987442703,157.44874715261957,2060.310546875,21.016438090538266,10,0.3849826388888889,0.027628177886874217,0.043738663430778695,155.8511837655017
16,7,9,1,ecg_only,2051.8818359375,30.99408811679791,10,0.4045138888888889,0.038806064144543594,0.059466161514212225,148.3261802575107,2057.8984375,21.601356237713265,10,0.4014756944444444,0.020153102024728992,0.03173452501810922,149.44864864864866
16,7,10,1,ecg_only,2046.9755859375,31.374134538119968,10,0.4175347222222222,0.04288756710776259,0.056892623686052766,143.7006237006237,2055.2197265625,22.097828511535514,10,0.4214409722222222,0.05322461951477234,0.07013595457412294,142.3686920700309
16,8,1,1,ecg_only,2044.0771484375,33.59299280067334,11,0.38125,0.011348311754948399,0.02004531812283939,157.37704918032787,2051.0341796875,24.976352169331342,11,0.38125,0.021266652482525315,0.04019622145946128,157.37704918032787
16,8,2,1,ecg_only,2043.7138671875,32.29561882362855,11,0.378125,0.017451803049756777,0.03039744148418946,158.67768595041323,2049.4970703125,22.84629327521056,11,0.380078125,0.020150344338326454,0.03561144357077433,157.8622816032888
16,8,3,1,ecg_only,2048.37890625,31.32258732813608,10,0.3993055555555556,0.04391623373486446,0.058300045142966016,150.26086956521738,2050.5078125,22.428313263369667,10,0.3975694444444444,0.04058565877625333,0.05072487856726778,150.9170305676856
16,8,4,1,ecg_only,2045.837890625,30.546760547160105,10,0.4006076388888889,0.028474339352181816,0.054635159104294395,149.77248104008666,2049.3857421875,21.988203332179797,10,0.3993055555555556,0.021377795756987412,0.03303034086970266,150.26086956521738
16,8,5,1,ecg_only,2049.142578125,31.251987180470163,10,0.4136284722222222,0.05398370430811151,0.0567751634912056,145.05771248688353,2055.0400390625,22.97976688167167,10,0.4118923611111111,0.048022383631679606,0.05002440810494413,145.6691253951528
16,8,6,1,ecg_only,2055.8642578125,31.290288589209794,10,0.3923611111111111,0.025655410948145222,0.03964410767614148,152.9203539823009,2060.0009765625,22.922828222839904,10,0.3958333333333333,0.02737473442920396,0.04717918878586392,151.57894736842107
16,8,7,1,ecg_only,2065.2119140625,32.12468103332101,10,0.4049479166666667,0.04808902425161299,0.05787317339855099,148.16720257234726,2067.8720703125,23.10798024887844,10,0.4027777777777778,0.04119378651980789,0.04430193836802248,148.9655172413793
16,8,8,1,ecg_only,2066.984375,31.212066820932815,10,0.4205729166666667,0.08430423987624294,0.09789034442298178,142.6625386996904,2072.0986328125,22.680720364569517,10,0.3940972222222222,0.021351343535154242,0.03340357690720131,152.2466960352423
16,8,9,1,ecg_only,2061.125,30.927239460142577,11,0.39296875,0.033838137230793305,0.051543425554399704,152.68389662027835,2066.501953125,22.581103741520316,11,0.3953125,0.03806539910962448,0.05504286819752149,151.77865612648222
16,8,10,1,ecg_only,2051.732421875,33.34541472522154,11,0.385546875,0.02672571637983957,0.04482269395327736,155.62310030395136,2056.96484375,24.323518036317978,11,0.385546875,0.026553881873995842,0.04590651709324009,155.62310030395136
16,9,1,0,ecg_only,2049.5947265625,32.30770654005568,10,0.4205729166666667,0.07321831208077889,0.09263455888070843,142.6625386996904,2056.92578125,24.015261248363476,10,0.4201388888888889,0.07252291171599105,0.10320191260642896,142.8099173553719
16,9,2,0,ecg_only,2040.548828125,42.3236178916596,10,0.4058159722222222,0.0416847472345242,0.07832006896782587,147.85026737967914,2046.6748046875,35.18556708113751,10,0.4058159722222222,0.04696332984279159,0.07069125418302288,147.85026737967914
16,9,3,0,ecg_only,2021.7705078125,44.09494671187818,10,0.4379340277777778,0.07822139115325563,0.12193351710162977,137.00693756194252,2031.75390625,36.720810904597556,10,0.4409722222222222,0.0847344061423566,0.12212889219424596,136.06299212598427
16,9,4,0,ecg_only,2041.861328125,43.59259976746149,10,0.4262152777777778,0.05528703008309409,0.09854091480013993,140.77393075356414,2051.6904296875,35.495417648396796,10,0.42578125,0.05521201835185987,0.10191869629413866,140.91743119266056
16,9,5,0,ecg_only,2075.326171875,32.36665943772942,9,0.43505859375,0.04388830938372454,0.08392270888054207,137.9124579124579,2079.265625,24.03597868788319,9,0.43505859375,0.05141348837123409,0.09863350313584231,137.9124579124579
16,9,6,0,ecg_only,2070.6630859375,33.301252273405424,9,0.4453125,0.06765823467065928,0.08936938044271252,134.73684210526315,2075.1279296875,25.241262434901234,9,0.45751953125,0.07340314345527861,0.1269123389153837,131.1419423692636
16,9,7,0,ecg_only,2061.587890625,31.359808477381318,10,0.4327256944444444,0.04250370893175379,0.06409702766180445,138.65596790371114,2068.2353515625,23.6554920674783,10,0.4361979166666667,0.0667500292602932,0.11829715515998393,137.55223880597015
16,9,8,0,ecg_only,2059.0078125,33.080983985740865,10,0.41796875,0.03324777430938465,0.062148056940223906,143.55140186915887,2063.8662109375,25.322927460589057,10,0.41796875,0.04819467584198372,0.09092001415865142,143.55140186915887
16,9,9,0,ecg_only,2058.90234375,31.408103713561506,10,0.4110243055555556,0.05991784519040052,0.06931530282740375,145.9767687434002,2063.7548828125,23.69111688221752,10,0.41015625,0.05425173608333245,0.0667500292602932,146.28571428571428
16,9,10,0,ecg_only,2055.1142578125,34.61134139216195,9,0.41845703125,0.04112881980710832,0.06558047490386198,143.38389731621936,2060.34375,26.53272227952684,9,0.41845703125,0.04038000325006904,0.07123648838050423,143.38389731621936
16,10,1,0,ecg_only,2054.7265625,35.42930677854979,10,0.4105902777777778,0.0989488147225235,0.11789338186388873,146.1310782241015,2059.0712890625,26.999670786086778,10,0.4105902777777778,0.09954670966676094,0.11717122282789565,146.1310782241015
16,10,2,0,ecg_only,2054.5625,35.8343901249205,11,0.393359375,0.030958109454804005,0.048684685145416455,152.53227408143,2057.1728515625,26.99497937394732,11,0.39453125,0.02756606056933961,0.03666699958418938,152.07920792079207
16,10,3,0,ecg_only,2050.7099609375,37.52266058037095,11,0.380859375,0.01891609377000508,0.028108116074118363,157.53846153846155,2052.8701171875,28.267481551555264,11,0.380859375,0.015939223252424348,0.0236893299461722,157.53846153846155
16,10,4,0,ecg_only,2057.0009765625,35.61717292064076,10,0.390625,0.034743916833662326,0.04603329589606514,153.6,2060.046875,26.089085473802545,10,0.39453125,0.03304317067825396,0.04609540516096073,152.07920792079207
16,10,5,0,ecg_only,2058.443359375,36.43383765422742,10,0.3988715277777778,0.035916945947182644,0.03496584724603156,150.42437431991294,2061.9169921875,26.38077440373129,10,0.3962673611111111,0.034356801088825176,0.037746382988452516,151.41292442497263
16,10,6,0,ecg_only,2053.3017578125,36.646108422792935,10,0.4136284722222222,0.09040705887466577,0.11304528225381079,145.05771248688353,2058.349609375,27.158152979996856,10,0.4127604166666667,0.08840752706649976,0.1056765169993655,145.3627760252366
16,10,7,0,ecg_only,2047.857421875,35.08236936451515,11,0.384375,0.027687570541670863,0.04953053802502665,156.09756097560975,2052.2470703125,26.01919534830355,11,0.394140625,0.03756707867788797,0.05678636064415762,152.22993062438056
16,10,8,0,ecg_only,2042.25,36.254875749683656,10,0.3980034722222222,0.04880448887802291,0.054530326594975455,150.752453653217,2048.1689453125,27.120207174151236,10,0.3967013888888889,0.04741840376301272,0.05059310096479929,151.2472647702407
16,10,9,0,ecg_only,2049.5185546875,36.11566768867179,10,0.4036458333333333,0.08123163521084491,0.10073278873615334,148.6451612903226,2053.734375,26.46212191953576,10,0.40234375,0.07926682945429388,0.09856994438238705,149.126213592233
16,10,10,0,ecg_only,2055.8525390625,35.34131475637843,11,0.37890625,0.03369352914507473,0.0432244600851506,158.35051546391753,2057.83203125,25.81736314235099,11,0.377734375,0.028813724384234414,0.032238068758176947,158.84177869700102
16,11,1,0,ecg_only,2057.9599609375,34.66093237076831,11,0.38203125,0.023683603736287685,0.0399211190540518,157.05521472392638,2059.4306640625,26.649473001877,11,0.38671875,0.030906313195082004,0.04290952357626063,155.15151515151516
16,11,2,0,ecg_only,2053.9228515625,35.48664065963544,10,0.4166666666666667,0.0457029395176673,0.06901195212521388,144.0,2054.017578125,26.770539785079446,10,0.4149305555555556,0.05005076151085374,0.087749452594669,144.60251046025104
16,11,3,0,ecg_only,2052.001953125,35.329558878654325,10,0.3988715277777778,0.029717435362193907,0.04234274099351328,150.42437431991294,2052.3759765625,26.768908493566762,10,0.3949652777777778,0.03811544861128498,0.06561162903219073,151.9120879120879
16,11,4,0,ecg_only,2054.1337890625,35.13915794095321,10,0.4040798611111111,0.03884972916770876,0.040477308156372474,148.48549946294307,2055.8427734375,27.033140947650615,10,0.4019097222222222,0.04316340239740215,0.06908101243682575,149.28725701943844
16,11,5,0,ecg_only,2053.8505859375,35.38640137115425,10,0.3958333333333333,0.0299762094615139,0.03633022507370757,151.57894736842107,2057.3310546875,26.919091238494367,10,0.3832465277777778,0.02752571179810404,0.05148994658775027,156.55719139297847
16,11,6,0,ecg_only,2054.841796875,35.985380754151265,10,0.4053819444444444,0.03935557495323492,0.04296875,148.00856531049251,2056.8251953125,27.22041308712504,10,0.40234375,0.04072004107060388,0.07156277718969242,149.126213592233
16,11,7,0,ecg_only,2055.587890625,34.96865351086652,10,0.4279513888888889,0.08934438348837721,0.10042937603267532,140.20283975659228,2057.05078125,26.465841770849618,10,0.4266493055555556,0.08788392678522824,0.09743138172841342,140.63072227873855
16,11,8,0,ecg_only,2056.3837890625,35.13884528755897,10,0.3988715277777778,0.02273576537102221,0.03733994979356477,150.42437431991294,2056.9423828125,26.472265863488236,10,0.4123263888888889,0.05661026817944573,0.0855593598195684,145.5157894736842
16,11,9,0,ecg_only,2056.1591796875,35.67979686061269,10,0.4053819444444444,0.024963201119007645,0.040122340984715114,148.00856531049251,2058.4697265625,27.008481406661538,10,0.4049479166666667,0.033703591420689544,0.04915903495567664,148.16720257234726
16,11,10,0,ecg_only,2057.974609375,34.885825770521215,10,0.4110243055555556,0.03512140334052762,0.04798093162710253,145.9767687434002,2061.533203125,26.43123579550321,10,0.4197048611111111,0.0374271894744967,0.05925731037608619,142.95760082730092
16,12,1,0,ecg_only,2053.263671875,36.41499101870456,11,0.378125,0.021944643601856467,0.03751265700752066,158.67768595041323,2051.5224609375,28.246395708236594,11,0.395703125,0.06361433366204212,0.06714256814767572,151.62882527147087
16,12,2,0,ecg_only,2048.064453125,38.11372458898077,10,0.390625,0.04487939567607835,0.062086645801766926,153.6,2048.2197265625,28.26696050471702,10,0.3884548611111111,0.03623027214359237,0.05108084699461727,154.45810055865923
16,12,3,0,ecg_only,2045.3916015625,38.48239207454167,11,0.37734375,0.01970237533268514,0.026652981107368127,159.00621118012424,2046.8994140625,29.916201969529443,11,0.37734375,0.019933360659645426,0.03278562060420357,159.00621118012424
16,12,4,0,ecg_only,2049.2041015625,35.03781917071445,11,0.375,0.016846764572537365,0.021592609312209635,160.0,2049.8486328125,27.588945966401983,11,0.386328125,0.03966142413546348,0.040511326005479284,155.30839231547017
16,12,5,0,ecg_only,2058.53515625,37.0221736552986,10,0.3875868055555556,0.03654091177057151,0.05083755892507957,154.80403135498318,2057.60546875,29.09226649975511,10,0.3871527777777778,0.03347364493864382,0.044836876106441395,154.97757847533632
16,12,6,0,ecg_only,2066.095703125,37.06796203815183,11,0.38203125,0.018221724671391562,0.028852239330937942,157.05521472392638,2066.1953125,29.36713554132142,11,0.38203125,0.024816219022294674,0.045832593507286565,157.05521472392638
16,12,7,0,ecg_only,2061.43359375,34.79560132344261,11,0.387890625,0.022914077150097602,0.03141233875472609,154.68277945619334,2062.580078125,27.291529306158285,11,0.3875,0.020655162603753573,0.026969160386989554,154.83870967741936
16,12,8,0,ecg_only,2056.3994140625,35.385124981680896,10,0.3927951388888889,0.05661026817944572,0.06734742050611979,152.75138121546962,2059.2080078125,27.45089177626911,10,0.3914930555555556,0.05259442520729552,0.0653202793288697,153.25942350332593
16,12,9,0,ecg_only,2052.0458984375,37.24773014756651,11,0.36875,0.014213597967703322,0.023509726673525765,162.71186440677965,2057.9091796875,29.673130629549984,11,0.36875,0.011076130374029552,0.018321936561810272,162.71186440677965
16,12,10,0,ecg_only,2056.77734375,35.73936186747514,11,0.393359375,0.03020973640778954,0.04302789490067267,152.53227408143,2057.0703125,26.982650268780933,11,0.392578125,0.038797932174480965,0.06520825013306726,152.83582089552237
16,13,1,1,ecg_only,2046.1474609375,34.50983121639994,10,0.4236111111111111,0.08662742139161178,0.12557090087859105,141.63934426229508,2049.1357421875,28.268835877535402,10,0.4244791666666667,0.08510486790816767,0.1011484951267504,141.34969325153372
16,13,2,1,ecg_only,2050.5615234375,35.51584324096273,10,0.3901909722222222,0.031328268112185045,0.06310740008360746,153.77085650723026,2053.1259765625,29.326568269543586,10,0.3897569444444444,0.020237054213324248,0.03054003080295291,153.9420935412027
16,13,3,1,ecg_only,2058.8154296875,37.61999183096992,11,0.390234375,0.024044864682050613,0.0427908248050911,153.75375375375376,2060.6025390625,31.592671739117943,11,0.390234375,0.028781932843419757,0.050227347713504976,153.75375375375376
16,13,4,1,ecg_only,2057.166015625,37.00218766420785,11,0.387890625,0.030411103318987377,0.05757211189956808,154.68277945619334,2059.861328125,32.0825398598846,11,0.38828125,0.024344431954504503,0.034792680249706734,154.5271629778672
16,13,5,1,ecg_only,2050.4267578125,36.880355898594175,10,0.3914930555555556,0.04391623373486446,0.046935995471476234,153.25942350332593,2052.966796875,31.26844566695777,10,0.3901909722222222,0.03877692681283342,0.050328510651270024,153.77085650723026
16,13,6,1,ecg_only,2042.451171875,35.38015585486035,10,0.4071180555555556,0.08599228402504573,0.11065793339230699,147.3773987206823,2044.21875,28.987386130651725,10,0.4071180555555556,0.08476108014285226,0.09426737123879841,147.3773987206823
16,13,7,1,ecg_only,2042.388671875,37.06915660860905,11,0.390625,0.03775143571359241,0.042830427613016996,153.6,2043.0224609375,30.97618294058819,11,0.39375,0.040171750413070126,0.05808517714373818,152.38095238095238
16,13,8,1,ecg_only,2048.3203125,39.83948429984183,11,0.3734375,0.016406249999999997,0.0316542858883938,160.66945606694563,2050.7802734375,33.803943602044896,11,0.3734375,0.01677414886998741,0.026397311110303766,160.66945606694563
16,13,9,1,ecg_only,2049.125,38.21337094198836,11,0.371875,0.01427786475195083,0.024602140140222894,161.34453781512605,2052.484375,31.543833434355676,11,0.371875,0.01664630918176759,0.03186780794406359,161.34453781512605
16,13,10,1,ecg_only,2048.21875,35.385557722219104,11,0.39765625,0.03782412011534439,0.047235305070877746,150.88408644400786,2050.7890625,28.491062837688133,11,0.392578125,0.03682042107585307,0.051674830294230284,152.83582089552237
16,14,1,0,ecg_only,2040.8544921875,35.485545573712145,11,0.398046875,0.07703239888849123,0.09016398243366701,150.7360157016683,2044.8876953125,28.772241481064096,11,0.371875,0.017098491115811944,0.02846772279827532,161.34453781512605
16,14,2,0,ecg_only,2054.4140625,35.55281114583056,10,0.4001736111111111,0.04574413932727569,0.051767024533978793,149.93492407809111,2053.7734375,29.227679743414352,10,0.3967013888888889,0.03747246127456489,0.053932426841734674,151.2472647702407
16,14,3,0,ecg_only,2049.0693359375,38.73641492143111,11,0.37421875,0.013843785270835431,0.022439697838039174,160.3340292275574,2050.4345703125,31.880202029723613,11,0.37421875,0.01904071501086553,0.03301750607579679,160.3340292275574
16,14,4,0,ecg_only,2047.046875,35.52889655244552,11,0.398046875,0.07245962136607964,0.08300717422140222,150.7360157016683,2049.453125,28.089695723865987,11,0.395703125,0.06344620668391551,0.07374897009638696,151.62882527147087
16,14,5,0,ecg_only,2062.1572265625,35.17514334719255,10,0.3875868055555556,0.04348949670095607,0.05322041638061997,154.80403135498318,2062.9384765625,28.31210547502849,11,0.38046875,0.033838137230793305,0.041421806564028295,157.700205338809
16,14,6,0,ecg_only,2055.1884765625,38.85251841931084,11,0.375,0.011976335716215541,0.018958619503334682,160.0,2057.9248046875,32.064619964650724,11,0.375,0.016846764572537365,0.028258508351836856,160.0
16,14,7,0,ecg_only,2046.26953125,34.714736060933454,11,0.394921875,0.07071175706974495,0.08949395977833116,151.92878338278933,2049.5078125,27.71746293340795,11,0.37578125,0.01904071501086553,0.03234307903222453,159.66735966735968
16,14,8,0,ecg_only,2050.9970703125,35.240787127339125,11,0.38203125,0.03905468671859371,0.035966737804513364,157.05521472392638,2052.2509765625,27.820021788768887,11,0.382421875,0.034074055522723225,0.0342029310848013,156.89479060265577
16,14,9,0,ecg_only,2053.84375,37.31923881776663,11,0.36875,0.010937500000000001,0.01846021729004925,162.71186440677965,2053.4609375,30.145390491269037,11,0.36875,0.012001790231044699,0.02004531812283939,162.71186440677965
16,14,10,0,ecg_only,2055.9365234375,40.105413760657214,11,0.3671875,0.014823176532039278,0.025012204052472065,163.40425531914894,2057.7138671875,32.272024381825055,11,0.3671875,0.015527036651837337,0.027559909490256152,163.40425531914894
16,15,1,0,ecg_only,2041.7177734375,35.913952020488075,11,0.3859375,0.032438342956291714,0.036851488797096106,155.46558704453443,2047.453125,28.745307871187865,11,0.384765625,0.037109375,0.055196662484965214,155.93908629441626
16,15,2,0,ecg_only,2048.513671875,39.80219412079985,11,0.384765625,0.021975911217242506,0.031920965292008496,155.93908629441626,2050.337890625,31.541005828532754,11,0.384765625,0.025925849228195495,0.04510548978043952,155.93908629441626
16,15,3,0,ecg_only,2065.2158203125,36.13055893257413,11,0.381640625,0.020376252118351524,0.03435131759966906,157.21596724667347,2064.9599609375,28.032475558465652,11,0.3875,0.030095875444153472,0.04793011020652594,154.83870967741936
16,15,4,0,ecg_only,2070.1279296875,35.397357130265476,10,0.3871527777777778,0.03855769499047362,0.04360764367532443,154.97757847533632,2066.5693359375,27.572154579444295,10,0.3854166666666667,0.03334960540329609,0.04519701744299271,155.67567567567568
16,15,5,0,ecg_only,2059.2392578125,39.185859986564765,11,0.376953125,0.023388620906129226,0.04544252178806028,159.17098445595855,2060.28125,30.317605884411453,11,0.376953125,0.02176661205586724,0.03427720463825048,159.17098445595855
16,15,6,0,ecg_only,2049.7109375,35.78697330728171,11,0.383203125,0.02786610441720595,0.050997802155120155,156.57492354740063,2051.0830078125,28.760493063672673,11,0.3921875,0.026389602740710217,0.04057405325750751,152.98804780876492
16,15,7,0,ecg_only,2051.6201171875,35.37614874440499,10,0.4036458333333333,0.04430911335201446,0.05264387489040451,148.6451612903226,2047.171875,27.439559824446437,10,0.40234375,0.041910096196435105,0.05800485314420897,149.126213592233
16,15,8,0,ecg_only,2049.345703125,35.22494151839525,10,0.3841145833333333,0.02262779582940465,0.03311684562072885,156.20338983050848,2050.2578125,27.509975774068646,10,0.4105902777777778,0.07951123539968392,0.10832362987392224,146.1310782241015
16,15,9,0,ecg_only,2052.048828125,35.912784416753446,11,0.387109375,0.04098585228942574,0.04997354443332158,154.9949545913219,2053.552734375,27.667585112558946,11,0.38046875,0.03365728004459065,0.034499065884093155,157.700205338809
16,15,10,0,ecg_only,2051.9560546875,37.80613353507615,11,0.373046875,0.019937187742460696,0.034987054277459385,160.83769633507853,2054.1572265625,29.677855119525475,11,0.373046875,0.014848888913084541,0.02255274489021976,160.83769633507853
16,16,1,1,ecg_only,2050.1875,38.229978420082844,11,0.383984375,0.018574208481201157,0.036458333333333336,156.25635808748729,2053.994140625,31.74326277011745,11,0.383984375,0.028813724384234417,0.043381070960827293,156.25635808748729
16,16,2,1,ecg_only,2045.3876953125,36.37431653354005,11,0.38125,0.014946192554460148,0.02780489128133154,157.37704918032787,2048.2900390625,29.505542024418464,11,0.384765625,0.027077385665036514,0.03133127451957282,155.93908629441626
16,16,3,1,ecg_only,2041.2724609375,36.562059070504176,10,0.3949652777777778,0.038601640962429094,0.04665066762693823,151.9120879120879,2044.4189453125,28.71746243816877,10,0.3940972222222222,0.038994926120167014,0.05589487508302416,152.2466960352423
16,16,4,1,ecg_only,2045.53125,35.81011390393083,10,0.4149305555555556,0.08195428304284261,0.1073152880298137,144.60251046025104,2048.50390625,28.292418105231143,10,0.4153645833333333,0.08212420328761187,0.09165131411445364,144.45141065830722
16,16,5,1,ecg_only,2058.1396484375,36.74546940442323,11,0.39140625,0.035190955092360025,0.040969095631646545,153.29341317365268,2060.5556640625,30.266989468927132,11,0.38984375,0.03506063386299512,0.04349815908460954,153.90781563126254
16,16,6,1,ecg_only,2065.3740234375,38.08242690901803,11,0.373046875,0.019472568094710183,0.036411800661743654,160.83769633507853,2066.25,31.620954533742335,11,0.3734375,0.016124818312929917,0.028437929255002024,160.66945606694563
16,16,7,1,ecg_only,2063.7900390625,35.76690294241625,10,0.4040798611111111,0.09251411785927227,0.1048338820337472,148.48549946294307,2064.857421875,28.717630956056794,10,0.4049479166666667,0.09601926596138864,0.11853071344295905,148.16720257234726
16,16,8,1,ecg_only,2061.1337890625,36.49190126999764,11,0.392578125,0.040188839523748694,0.05651701670367371,152.83582089552237,2063.94140625,28.90695074108407,11,0.391796875,0.038315115760012064,0.05385968197902717,153.1405782652044
16,16,9,1,ecg_only,2053.9404296875,38.67600503465125,11,0.378125,0.015605456527686077,0.024567659198064074,158.67768595041323,2056.5849609375,31.88484235909124,11,0.378125,0.025721996301803638,0.044021201834315016,158.67768595041323
16,16,10,1,ecg_only,2048.5673828125,36.19167385506754,10,0.4027777777777778,0.085073873184039,0.09685215834544873,148.9655172413793,2051.26953125,29.336237879204507,10,0.4032118055555556,0.08601199773204912,0.09956149278072604,148.80516684607105
16,17,1,0,ecg_only,2049.26171875,37.171974954875594,10,0.4136284722222222,0.02777099526570554,0.048119863260761404,145.05771248688353,2049.8115234375,30.44107114611587,10,0.4136284722222222,0.0162049954015577,0.026021313661082478,145.05771248688353
16,17,2,0,ecg_only,2050.6328125,36.67453371673379,10,0.4123263888888889,0.051365862662173994,0.07062376848345525,145.5157894736842,2051.9853515625,30.436678317217513,10,0.4175347222222222,0.054390452075765774,0.06078268093591967,143.7006237006237
16,17,3,0,ecg_only,2052.9345703125,36.70693448476042,10,0.4058159722222222,0.03721519289969794,0.059578316572928294,147.85026737967914,2056.4228515625,29.684768053137812,10,0.4045138888888889,0.034109171361785595,0.0482781527121417,148.3261802575107
16,17,4,0,ecg_only,2050.2646484375,36.88960622102151,10,0.4201388888888889,0.05126674673692153,0.07824697509378957,142.8099173553719,2054.0634765625,29.74945630450266,10,0.4192708333333333,0.054001149357624276,0.08402978423554279,143.10559006211182
16,17,5,0,ecg_only,2051.625,36.39775920300589,10,0.3993055555555556,0.024552318791199564,0.04247766244322568,150.26086956521738,2051.9833984375,28.998463014453414,10,0.40234375,0.035706534377088775,0.07086641623643256,149.126213592233
16,17,6,0,ecg_only,2052.4931640625,36.377200751569085,10,0.4127604166666667,0.05539595673485064,0.07010875428045925,145.3627760252366,2052.02734375,29.126227749990832,10,0.4114583333333333,0.05669672150280532,0.0749984741055714,145.8227848101266
16,17,7,0,ecg_only,2054.998046875,36.50160522066533,10,0.4032118055555556,0.03918287778920961,0.061313817001336965,148.80516684607105,2056.443359375,29.95649050021714,10,0.4136284722222222,0.06356099337987668,0.07921601480731737,145.05771248688353
16,17,8,0,ecg_only,2061.8955078125,36.27488126886498,10,0.4118923611111111,0.050968242493366935,0.07004070733219182,145.6691253951528,2063.4580078125,29.223448725401816,10,0.4092881944444444,0.04441527363009039,0.06489549892904746,146.59597030752917
16,17,9,0,ecg_only,2057.08203125,37.4595499205346,10,0.4019097222222222,0.03601123005675615,0.07474372311778302,149.28725701943844,2060.9951171875,30.065179447670722,10,0.4045138888888889,0.028114817258162582,0.04542852870942581,148.3261802575107
16,17,10,0,ecg_only,2051.423828125,36.75539472778736,10,0.4040798611111111,0.04026411855315666,0.038719194534373065,148.48549946294307,2056.0556640625,29.945422802569443,10,0.4075520833333333,0.04975253430870521,0.05784020662094081,147.22044728434506
16,18,1,1,ecg_only,2051.205078125,35.35874921554277,9,0.48486328125,0.1466202169615452,0.1924907776953687,123.74622356495469,2052.7861328125,26.321260475395377,9,0.4853515625,0.14867823304028221,0.1994046751454591,123.62173038229376
16,18,2,1,ecg_only,2049.7314453125,35.752310178047544,11,0.388671875,0.03292623517638518,0.05026109131671558,154.3718592964824,2049.6494140625,27.07897051565896,11,0.3875,0.02979011869521503,0.043944106850745325,154.83870967741936
16,18,3,1,ecg_only,2042.728515625,37.107141739955274,11,0.384765625,0.02478237800869047,0.05041265802761963,155.93908629441626,2044.162109375,28.901284874993657,11,0.384765625,0.018508371469503335,0.03457270324831186,155.93908629441626
16,18,4,1,ecg_only,2040.65625,34.911397337581604,10,0.4049479166666667,0.07935233846454474,0.10144975713453556,148.16720257234726,2044.892578125,26.44008896147612,10,0.4049479166666667,0.07926682945429388,0.08708397191253107,148.16720257234726
16,18,5,1,ecg_only,2039.951171875,36.414625627132416,11,0.3859375,0.0355361419235755,0.04207160005573831,155.46558704453443,2046.8330078125,26.51710172552449,11,0.384375,0.034107624926473554,0.04906625958702284,156.09756097560975
16,18,6,1,ecg_only,2045.3447265625,37.06802382323081,10,0.4249131944444444,0.09656118276899323,0.12984242205623586,141.2053115423902,2051.42578125,27.556482466964983,11,0.38359375,0.0360053706931341,0.060543374674805576,156.41547861507127
16,18,7,1,ecg_only,2053.728515625,35.564099911063835,11,0.391796875,0.028171077706410613,0.04800080362283011,153.1405782652044,2055.6357421875,26.76246664516432,11,0.392578125,0.03719152092232348,0.05724726025255367,152.83582089552237
16,18,8,1,ecg_only,2053.748046875,37.41635196839482,11,0.380078125,0.015234375000000001,0.0258456161995823,157.8622816032888,2054.6728515625,28.475239471553902,11,0.380078125,0.017989967093233524,0.031304206458779446,157.8622816032888
16,18,9,1,ecg_only,2054.853515625,35.11129107677302,10,0.4027777777777778,0.08027519459511731,0.09573301510275367,148.9655172413793,2057.0927734375,26.109523423490412,10,0.4027777777777778,0.08027519459511731,0.08948211866371333,148.9655172413793
16,18,10,1,ecg_only,2055.083984375,35.399488781615986,11,0.384375,0.03241010705108053,0.037737960276535,156.09756097560975,2057.416015625,25.899610453146895,11,0.383984375,0.03178497166630993,0.04304759180941807,156.25635808748729
17,1,1,0,ecg_only,2040.3349609375,32.3472991470362,9,0.46923828125,0.10121329501728929,0.14539588141549706,127.86680541103017,2043.8359375,21.93635230037332,8,0.5323660714285714,0.07138059912498163,0.0986537596362378,112.70440251572327
17,1,2,0,ecg_only,2029.79296875,33.73170958922069,9,0.48095703125,0.09881031946506441,0.12950516980683213,124.751269035533,2035.4990234375,23.841886375061133,8,0.5161830357142857,0.05230077907973206,0.09353273435452068,116.23783783783784
17,1,3,0,ecg_only,2022.2666015625,31.851434575924088,10,0.4331597222222222,0.10401102376767868,0.18135162661411652,138.51703406813627,2024.021484375,20.589968529520167,10,0.4301215277777778,0.11243916607958652,0.18946822588013026,139.4954591321897
17,1,4,0,ecg_only,2027.0791015625,29.501499445033467,10,0.4175347222222222,0.1008159737170656,0.13511898872209357,143.7006237006237,2028.80078125,20.84886461272288,9,0.439453125,0.11098494254043259,0.11253797102256198,136.53333333333333
17,1,5,0,ecg_only,2030.267578125,30.429520957402886,9,0.4404296875,0.093316666159403,0.14138250836604577,136.23059866962305,2034.1591796875,22.194960315116298,10,0.4092881944444444,0.11062004930245452,0.1854594777721209,146.59597030752917
17,1,6,0,ecg_only,2032.466796875,33.02840975096274,9,0.4482421875,0.10791347032524122,0.1567236125687739,133.8562091503268,2039.486328125,23.52267457858128,9,0.4541015625,0.10568102913689663,0.16509559933457602,132.1290322580645
17,1,7,0,ecg_only,2040.453125,33.28903591438741,8,0.5139508928571429,0.10241437769789674,0.1745398875996007,116.74267100977198,2045.927734375,22.359995238247333,10,0.4253472222222222,0.08227774729911658,0.0945300393775786,141.06122448979593
17,1,8,0,ecg_only,2032.619140625,35.79566392052918,8,0.5223214285714286,0.07165491481818984,0.11163039192371255,114.87179487179486,2037.46875,24.128663096253387,9,0.45751953125,0.10980032918634038,0.14722839324255943,131.1419423692636
17,1,9,0,ecg_only,2029.458984375,33.82656646732721,9,0.46142578125,0.0809884777586484,0.1217669220877827,130.03174603174602,2031.6484375,21.97662637744005,9,0.4609375,0.06194824815294416,0.07971320926312518,130.16949152542372
17,1,10,0,ecg_only,2037.9814453125,34.14978277436142,9,0.4541015625,0.09625458941726736,0.18271899318010157,132.1290322580645,2032.30078125,23.995388541647923,9,0.458984375,0.04634300983478388,0.07908175319639842,130.72340425531914
17,2,1,0,ecg_only,2060.9716796875,32.481878642520044,9,0.48486328125,0.041589984267631504,0.041497750987897784,123.74622356495469,2061.3095703125,22.172108794815134,9,0.478515625,0.0900557959640508,0.15664013793565174,125.38775510204081
17,2,2,0,ecg_only,2052.65625,31.430960428174956,9,0.49072265625,0.07947892961845862,0.11777197993501043,122.26865671641791,2057.21484375,21.625377850180698,9,0.48486328125,0.09515222299758339,0.14356275411616914,123.74622356495469
17,2,3,0,ecg_only,2057.6171875,31.78301582944645,8,0.4810267857142857,0.08202935189737927,0.15723970409623275,124.73317865429235,2059.3388671875,21.635777053684386,8,0.4760044642857143,0.06289733394466683,0.11265090428833302,126.04923798358733
17,2,4,0,ecg_only,2059.8466796875,31.794735473333866,8,0.4810267857142857,0.025608914967820907,0.038899399078879314,124.73317865429235,2058.9228515625,21.78452058644145,8,0.48549107142857145,0.0832764308011399,0.14405538214520136,123.58620689655172
17,2,5,0,ecg_only,2044.6123046875,35.30131300896846,9,0.47021484375,0.045968509510067306,0.06523053212590382,127.601246105919,2046.3544921875,25.01152701708757,9,0.47021484375,0.07955089154178457,0.13019345153051506,127.601246105919
17,2,6,0,ecg_only,2032.6337890625,32.91421245809712,9,0.478515625,0.053094832886985105,0.08966159718033452,125.38775510204081,2035.958984375,22.99270174084607,9,0.46533203125,0.06789567900042469,0.09526079906325394,128.9401888772298
17,2,7,0,ecg_only,2032.0322265625,33.13525691029375,9,0.48388671875,0.08422108493038181,0.14692456183164082,123.99596367305752,2033.8984375,24.625900949175318,9,0.4736328125,0.10560881180266679,0.1542138536818619,126.68041237113403
17,2,8,0,ecg_only,2045.4560546875,36.36039255748636,9,0.478515625,0.07416733416424814,0.11707583966020854,125.38775510204081,2043.9765625,27.112278077627373,8,0.5061383928571429,0.11030490268398069,0.21720998085090382,118.54465270121278
17,2,9,0,ecg_only,2058.8076171875,31.756475419053587,8,0.5145089285714286,0.07766927027647816,0.1168832856911472,116.61605206073752,2053.7626953125,21.929916222999815,8,0.5234375,0.03729248760402594,0.06550009815315483,114.6268656716418
17,2,10,0,ecg_only,2046.638671875,33.512041746006524,9,0.4794921875,0.1028826090152897,0.16635829917788034,125.13238289205702,2040.0078125,26.76758945469023,9,0.478515625,0.07751224544134543,0.10884557773987323,125.38775510204081
17,3,1,0,ecg_only,2050.2568359375,31.647494657772018,10,0.4370659722222222,0.039982416503217114,0.060892411203593344,137.27904667328698,2051.50390625,21.813842732109602,10,0.4344618055555556,0.07013813685652939,0.12574545783453026,138.1018981018981
17,3,2,0,ecg_only,2047.87109375,30.891869511713125,9,0.4560546875,0.08526346998547997,0.12910901261057178,131.56316916488223,2050.2451171875,21.21305325741422,9,0.462890625,0.09163050082609298,0.14808463698109076,129.62025316455697
17,3,3,0,ecg_only,2052.1015625,33.48167988891229,9,0.4833984375,0.09156282496476037,0.15881680742387597,124.12121212121212,2056.14453125,23.069456297077604,9,0.4833984375,0.06535676906934425,0.11149687633256657,124.12121212121212
17,3,4,0,ecg_only,2043.5322265625,35.67295205507486,9,0.49072265625,0.06536224077340753,0.11025831138193004,122.26865671641791,2051.3828125,24.919008210898838,9,0.48974609375,0.04715644269111352,0.0765323145670577,122.5124626121635
17,3,5,0,ecg_only,2032.5341796875,31.409200789720238,9,0.44970703125,0.07027010169177543,0.10485727172225927,133.42019543973942,2038.603515625,23.638286346314974,9,0.48095703125,0.1005325916640685,0.15794283867962666,124.751269035533
17,3,6,0,ecg_only,2041.068359375,32.42848524246622,9,0.43896484375,0.054720187636159684,0.06998622213737858,136.68520578420467,2038.4833984375,23.27497226127504,9,0.4375,0.11284263145042414,0.19458570128632086,137.14285714285714
17,3,7,0,ecg_only,2043.6826171875,32.60817110538139,9,0.474609375,0.12220695477313014,0.1991585605854398,126.41975308641975,2042.833984375,21.9005158629256,9,0.47119140625,0.09991408472063147,0.15856268388552883,127.33678756476684
17,3,8,0,ecg_only,2045.71875,33.35476036583834,8,0.5072544642857143,0.07085076003617802,0.09155414495441118,118.28382838283828,2047.9912109375,21.663146469058468,9,0.4873046875,0.08228082384230222,0.11587810136086973,123.12625250501002
17,3,9,0,ecg_only,2061.4453125,33.06585134095815,9,0.478515625,0.052480581416189075,0.06731909351411752,125.38775510204081,2058.4814453125,20.858237269088004,9,0.47705078125,0.081411289637521,0.14371451182674008,125.77277379733879
17,3,10,0,ecg_only,2059.2958984375,33.450367599657035,9,0.47998046875,0.12350234247989979,0.24481046502035436,125.00508646998983,2055.3623046875,23.227361814806166,10,0.4205729166666667,0.09254872731206698,0.09932173543039938,142.6625386996904
17,4,1,1,ecg_only,2052.8740234375,31.97699290455875,9,0.49365234375,0.04835463788768378,0.04952075711299902,121.54302670623146,2054.4140625,26.864831606509163,8,0.5290178571428571,0.08235896334989215,0.16348795727661156,113.41772151898735
17,4,2,1,ecg_only,2048.3388671875,34.54253793284066,9,0.4794921875,0.04889643659031268,0.07149611413173096,125.13238289205702,2050.546875,29.01349615238355,9,0.4794921875,0.11664506621442661,0.19829200585765824,125.13238289205702
17,4,3,1,ecg_only,2047.46484375,34.7495887786904,9,0.43798828125,0.057788658380997095,0.09280353717545892,136.98996655518394,2048.2705078125,28.24910240097686,9,0.4384765625,0.09585745687516553,0.16087599596275676,136.83741648106906
17,4,4,1,ecg_only,2045.5146484375,31.57483948570885,10,0.4131944444444444,0.08259310268719121,0.09526365936138437,145.21008403361344,2049.5166015625,25.555731793731177,10,0.4110243055555556,0.07651947881120584,0.09299418638372979,145.9767687434002
17,4,5,1,ecg_only,2050.83984375,35.26985442591996,10,0.4301215277777778,0.056229634516325164,0.08339180484456717,139.4954591321897,2054.4111328125,29.65656139664519,10,0.4305555555555556,0.07866087435885576,0.11776388202322344,139.3548387096774
17,4,6,1,ecg_only,2054.0712890625,34.67623403618201,9,0.44677734375,0.06524541156172133,0.1288385915515653,134.29508196721312,2055.671875,29.037249615526175,9,0.447265625,0.06477782793662891,0.10867521674409028,134.14847161572052
17,4,7,1,ecg_only,2052.556640625,31.589356068771007,9,0.46533203125,0.07296006863758138,0.09187105190739588,128.9401888772298,2055.369140625,25.437777655958364,9,0.46142578125,0.08707165093674626,0.13106119498294352,130.03174603174602
17,4,8,1,ecg_only,2050.5859375,31.06058906188184,9,0.462890625,0.057807221042768524,0.08933278614085369,129.62025316455697,2053.4736328125,25.731890022818444,9,0.46435546875,0.09917640082617922,0.13875241310642905,129.21135646687696
17,4,9,1,ecg_only,2055.044921875,35.23980256968172,10,0.4379340277777778,0.04560803871478087,0.09275801681050101,137.00693756194252,2057.1015625,29.56252374305336,10,0.4379340277777778,0.05592730440223825,0.11185797705684651,137.00693756194252
17,4,10,1,ecg_only,2062.2060546875,34.46252383790629,9,0.44482421875,0.04468507133233185,0.08832667131141848,134.8847420417124,2062.1923828125,28.85214701354051,9,0.4443359375,0.05035692611075679,0.09290917584047952,135.03296703296704
17,5,1,1,ecg_only,2062.74609375,32.434218047707134,8,0.5223214285714286,0.02432421285457965,0.04207160005573831,114.87179487179486,2060.572265625,25.876899317817106,8,0.5245535714285714,0.08791143815355908,0.1539462326449495,114.38297872340426
17,5,2,1,ecg_only,2061.2587890625,34.415947499431574,8,0.48660714285714285,0.06955999678051022,0.11329247430025048,123.30275229357798,2056.8486328125,28.268100155688714,8,0.5106026785714286,0.09743757404338013,0.16861853482478825,117.50819672131146
17,5,3,1,ecg_only,2042.5986328125,32.15082920304387,8,0.5033482142857143,0.12134422129402818,0.25449151297397177,119.20177383592018,2044.7275390625,24.97133089364755,8,0.5189732142857143,0.1171210483360232,0.20589803854977792,115.61290322580645
17,5,4,1,ecg_only,2043.0888671875,33.63845735999922,9,0.45166015625,0.07797684927481456,0.12860150666590603,132.84324324324325,2049.5322265625,26.331067834853744,10,0.4396701388888889,0.07459724193973549,0.14133528303804863,136.4659427443238
17,5,5,1,ecg_only,2050.3095703125,32.879735670837114,9,0.4521484375,0.061041015343777,0.10318078848122426,132.69978401727863,2056.8603515625,26.327249248666366,9,0.4521484375,0.06491753849461036,0.11499056759648034,132.69978401727863
17,5,6,1,ecg_only,2051.76953125,30.630956202921148,9,0.46484375,0.08973753912234486,0.1171875,129.07563025210084,2057.7060546875,23.959000674918794,8,0.5279017857142857,0.08655491913131848,0.1123230849967053,113.65750528541227
17,5,7,1,ecg_only,2052.1884765625,28.674367637279957,9,0.474609375,0.06971315741240136,0.08151142694870632,126.41975308641975,2055.0009765625,21.420114101209304,9,0.474609375,0.06533487767061613,0.06065927786473747,126.41975308641975
17,5,8,1,ecg_only,2051.20703125,28.508018837890567,8,0.49051339285714285,0.08486180312592446,0.11119669690978161,122.32081911262799,2050.306640625,21.48445374630455,9,0.46337890625,0.11622222076263654,0.16958318822570428,129.4836670179136
17,5,9,1,ecg_only,2047.6357421875,31.11161753965121,8,0.5345982142857143,0.046708622673753517,0.09408847319284343,112.23382045929019,2050.115234375,24.463788656171356,9,0.4677734375,0.10715075872440122,0.15282946836480732,128.26722338204593
17,5,10,1,ecg_only,2048.287109375,30.932063756024867,8,0.5262276785714286,0.043982277891156316,0.07771703376506069,114.01908801696712,2053.62109375,24.42592805409266,8,0.5262276785714286,0.07440104157365607,0.12605350323209322,114.01908801696712
17,6,1,1,ecg_only,2044.806640625,32.77857941403348,8,0.49720982142857145,0.051132639236407616,0.08736096189237168,120.67340067340066,2050.740234375,24.440834617910827,8,0.5172991071428571,0.06280815296156922,0.08923309228708026,115.98705501618124
17,6,2,1,ecg_only,2046.634765625,32.762780818732686,8,0.5005580357142857,0.02888879264630532,0.041247484535044676,119.86622073578596,2050.794921875,23.999205178768868,8,0.4994419642857143,0.05715985726474052,0.10017583011936645,120.1340782122905
17,6,3,1,ecg_only,2054.8984375,32.74003064955184,8,0.5044642857142857,0.03841134573516299,0.057054433073454806,118.93805309734513,2056.009765625,23.245125126197284,8,0.5094866071428571,0.0398829651455483,0.07904729040956274,117.76560788608982
17,6,4,1,ecg_only,2056.3095703125,32.7208073942884,10,0.4401041666666667,0.07190990245564623,0.09344432588988817,136.33136094674555,2051.6240234375,23.782466481358714,9,0.4951171875,0.07106127993057185,0.09789034442298178,121.18343195266272
17,6,5,1,ecg_only,2047.3564453125,34.17265584757346,10,0.4401041666666667,0.08177249202139365,0.08108409669784013,136.33136094674555,2044.84375,24.243938514348283,9,0.48974609375,0.09093967920163287,0.1595904093995671,122.5124626121635
17,6,6,1,ecg_only,2034.958984375,32.51136035439775,8,0.5251116071428571,0.018541571122584987,0.02556530457821857,114.2614240170032,2040.3818359375,23.953806907866095,8,0.5050223214285714,0.0719584835706021,0.09123414620411455,118.80662983425415
17,6,7,1,ecg_only,2031.1279296875,32.66804872398344,8,0.5306919642857143,0.08247986839834102,0.14939384905482778,113.05993690851734,2039.6083984375,23.76319468534792,8,0.5301339285714286,0.06290723513858015,0.11806313484146416,113.17894736842105
17,6,8,1,ecg_only,2035.49609375,35.81331784045163,9,0.49609375,0.11141375544493486,0.12345586436629316,120.94488188976378,2044.080078125,26.205196765029193,8,0.5212053571428571,0.08086320683146865,0.11144798920068051,115.11777301927197
17,6,9,1,ecg_only,2045.33203125,32.1736182045791,11,0.387109375,0.04417518005852523,0.0613639149372301,154.9949545913219,2051.1494140625,24.146285534744827,9,0.46337890625,0.09991408472063147,0.07094519408399748,129.4836670179136
17,6,10,1,ecg_only,2059.96484375,30.25840428150642,9,0.45849609375,0.09356544130195867,0.1433652289336138,130.8626198083067,2061.6162109375,22.158611715155022,8,0.5005580357142857,0.10779771046149263,0.15769191453227452,119.86622073578596
17,7,1,0,ecg_only,2062.1640625,32.768220681341454,8,0.49441964285714285,0.08421718517818519,0.15388014002297237,121.35440180586907,2065.2822265625,27.2855530062141,8,0.4966517857142857,0.08202935189737928,0.15916870328921712,120.80898876404495
17,7,2,0,ecg_only,2045.75390625,31.876041410300793,8,0.5150669642857143,0.04763285118944933,0.09134557726391072,116.48970747562296,2050.537109375,26.622003019481593,8,0.5089285714285714,0.03727578324143914,0.0625406768673064,117.89473684210527
17,7,3,0,ecg_only,2043.802734375,33.238428325105765,8,0.5011160714285714,0.03584483672489224,0.03964410767614148,119.73273942093542,2045.111328125,25.034415931844386,9,0.4580078125,0.08418285956900516,0.1387288458174087,131.00213219616205
17,7,4,0,ecg_only,2044.720703125,32.915791605331556,8,0.5217633928571429,0.09761957219389397,0.15978265623362542,114.9946524064171,2045.32421875,24.34016660434247,8,0.5167410714285714,0.08094019009988555,0.12105174002475484,116.11231101511879
17,7,5,0,ecg_only,2040.373046875,31.011960521773737,8,0.5323660714285714,0.06548781518830626,0.07358211050029133,112.70440251572327,2044.7001953125,24.026859968831822,8,0.5128348214285714,0.07055125280928173,0.12120920235558472,116.99673558215453
17,7,6,0,ecg_only,2047.6552734375,32.83441695895645,8,0.5172991071428571,0.08056613447890155,0.15299340646536047,115.98705501618124,2052.21875,25.608321553989047,8,0.5172991071428571,0.10611486003575638,0.19068742574154568,115.98705501618124
17,7,7,0,ecg_only,2053.1201171875,33.58975594841033,9,0.48291015625,0.06542057714092829,0.09490545401025621,124.24671385237613,2057.0791015625,25.970096098788506,9,0.4794921875,0.13182870350523476,0.20531316250708503,125.13238289205702
17,7,8,0,ecg_only,2051.1884765625,33.08781261692722,9,0.47314453125,0.06266571962709624,0.06013595436851817,126.81114551083591,2051.1787109375,25.840071078430064,8,0.5368303571428571,0.11606337970032465,0.17160845809756872,111.76715176715177
17,7,9,0,ecg_only,2053.6357421875,32.41194700158466,9,0.47705078125,0.12054812655043352,0.17749659084062613,125.77277379733879,2048.9462890625,24.979562855416283,9,0.47412109375,0.12536472516539848,0.1884682496084979,126.54994850669414
17,7,10,0,ecg_only,2058.6689453125,28.410852426606006,10,0.4184027777777778,0.09021933204268581,0.13925521013522146,143.40248962655602,2055.3076171875,22.539030829395806,8,0.5212053571428571,0.1032411316576096,0.1061776906213216,115.11777301927197
17,8,1,1,ecg_only,2051.306640625,31.501390638384517,8,0.5306919642857143,0.04519055768086574,0.08277195351725426,113.05993690851734,2054.1689453125,23.297493755635696,8,0.51171875,0.07238994494723895,0.09723869063150309,117.25190839694656
17,8,2,1,ecg_only,2054.6123046875,31.851263909885358,9,0.4765625,0.0786845198378269,0.12664583345572972,125.90163934426229,2057.03125,24.00856373905986,9,0.47705078125,0.06920342475927825,0.10376013491268317,125.77277379733879
17,8,3,1,ecg_only,2049.8095703125,32.26129081378516,10,0.4244791666666667,0.06176323555016365,0.1015249329559924,141.34969325153372,2055.783203125,23.974959900696188,10,0.4279513888888889,0.06758580437438101,0.11447045517259846,140.20283975659228
17,8,4,1,ecg_only,2046.3984375,34.04290487838242,9,0.44873046875,0.0932080179162814,0.15060969376142663,133.71055495103374,2055.3798828125,24.87003769571464,9,0.4482421875,0.0764405817391593,0.11800311408194156,133.8562091503268
17,8,5,1,ecg_only,2040.8056640625,32.831725426497094,9,0.49072265625,0.109687359149549,0.16203035670989469,122.26865671641791,2048.125,25.17555548046557,10,0.4340277777777778,0.07972418061618972,0.12751528180859956,138.24
17,8,6,1,ecg_only,2040.9453125,30.059916363445588,9,0.4345703125,0.07291594005404335,0.06805977074581734,138.06741573033707,2044.470703125,22.26248598692687,9,0.4326171875,0.10807242642333587,0.17177985394063552,138.69074492099324
17,8,7,1,ecg_only,2051.865234375,31.73396190560388,8,0.5267857142857143,0.04172973012464267,0.06899813176818631,113.89830508474576,2052.94140625,23.441551407649214,8,0.5239955357142857,0.09689274236802745,0.16381429637829742,114.50479233226838
17,8,8,1,ecg_only,2055.1259765625,32.253251244536585,8,0.5345982142857143,0.05984266347524335,0.0897587913521567,112.23382045929019,2054.8212890625,23.333358126581736,8,0.5334821428571429,0.0852973607334174,0.15585888549421878,112.46861924686192
17,8,9,1,ecg_only,2055.0703125,32.45656559006735,8,0.48939732142857145,0.02720102144409362,0.05560978256266308,122.59977194982896,2055.7158203125,23.31393058007835,8,0.515625,0.09490545401025621,0.161791386163537,116.36363636363636
17,8,10,1,ecg_only,2055.7490234375,32.1120854851032,9,0.44970703125,0.055636214936636244,0.055439661638481214,133.42019543973942,2057.3505859375,23.664590249736573,8,0.49888392857142855,0.08454931681481548,0.16151607670400545,120.26845637583894
17,9,1,0,ecg_only,2061.9150390625,31.871378599404814,8,0.5178571428571429,0.09897231820265788,0.16002916705993264,115.86206896551722,2064.1943359375,24.7252545003261,8,0.5167410714285714,0.13521517420563117,0.20595361240395757,116.11231101511879
17,9,2,0,ecg_only,2064.123046875,32.75749103398416,8,0.52734375,0.07028149117820526,0.07978382148388806,113.77777777777777,2068.388671875,26.40710628407785,8,0.52734375,0.09319029350512546,0.11403083535939047,113.77777777777777
17,9,3,0,ecg_only,2057.2734375,35.405787142550494,9,0.4736328125,0.10533755584494411,0.09309668193603894,126.68041237113403,2063.9658203125,27.913751856145428,8,0.5094866071428571,0.06625366999846354,0.12956547032392704,117.76560788608982
17,9,4,0,ecg_only,2056.384765625,35.928482596177346,9,0.44677734375,0.08958730171344541,0.12599873057307676,134.29508196721312,2060.0185546875,27.316909102441876,9,0.4716796875,0.09463591023164036,0.13251674001396416,127.20496894409938
17,9,5,0,ecg_only,2047.6181640625,38.453498984219024,9,0.4716796875,0.14589399256950608,0.24616902901911583,127.20496894409938,2051.08984375,30.056712904118207,8,0.5128348214285714,0.07778145126797288,0.13201545455319016,116.99673558215453
17,9,6,0,ecg_only,2032.6845703125,31.487459002351137,10,0.4201388888888889,0.09966018773263635,0.13097592757264834,142.8099173553719,2035.7548828125,23.957919562263584,9,0.4697265625,0.07762904099221563,0.08632976626591077,127.73388773388774
17,9,7,0,ecg_only,2039.080078125,31.664862377229692,8,0.5234375,0.11506636890174358,0.21154546837217308,114.6268656716418,2037.537109375,26.02017302295062,9,0.47998046875,0.06803599571739093,0.09108469463077835,125.00508646998983
17,9,8,0,ecg_only,2047.4951171875,32.878979909786466,9,0.4521484375,0.09272202522811042,0.15012405352012215,132.69978401727863,2045.7919921875,26.319489391180046,9,0.44970703125,0.08545758887576901,0.12862692952009644,133.42019543973942
17,9,9,0,ecg_only,2061.5166015625,33.37958942247676,8,0.49776785714285715,0.07823254714857872,0.11751256997258847,120.53811659192824,2061.6005859375,25.771335965936597,9,0.47705078125,0.08296615452846547,0.1063742544197054,125.77277379733879
17,9,10,0,ecg_only,2068.833984375,31.401753057150422,9,0.48486328125,0.07134756535718273,0.08407840977299319,123.74622356495469,2070.5078125,23.96595765799572,9,0.4501953125,0.060223113713033544,0.06788338748821393,133.2754880694143
17,10,1,0,ecg_only,2034.603515625,37.42971313195415,10,0.4049479166666667,0.036736291613713244,0.06986347508796845,148.16720257234726,2048.9189453125,31.983123486459764,10,0.3993055555555556,0.039226123360052094,0.05811982818893168,150.26086956521738
17,10,2,0,ecg_only,2037.0810546875,37.515208796901746,10,0.4331597222222222,0.06215847564664457,0.11101071802579048,138.51703406813627,2057.298828125,31.244758288418698,10,0.4427083333333333,0.056816208930394345,0.10700380293603325,135.52941176470588
17,10,3,0,ecg_only,2046.2412109375,38.72392546244673,9,0.44677734375,0.04646375182617788,0.08016314628506936,134.29508196721312,2063.8330078125,31.97292623528247,9,0.44677734375,0.07731359645402142,0.1342003381060117,134.29508196721312
17,10,4,0,ecg_only,2053.8466796875,34.3085284687973,9,0.4482421875,0.07599011768539278,0.10019033574210674,133.8562091503268,2069.3896484375,28.95577733860125,10,0.4370659722222222,0.06658331287227934,0.10348798274796059,137.27904667328698
17,10,5,0,ecg_only,2059.5625,34.0090176460597,10,0.4136284722222222,0.053192755902269205,0.06903958453958452,145.05771248688353,2077.7001953125,28.293056236678517,10,0.4162326388888889,0.05791303404208656,0.06642060966067169,144.15015641293013
17,10,6,0,ecg_only,2056.751953125,35.558311980081434,10,0.4262152777777778,0.03951321762757306,0.06171689573955063,140.77393075356414,2072.2568359375,30.16982291941251,10,0.4244791666666667,0.06907180838476482,0.10463355653108496,141.34969325153372
17,10,7,0,ecg_only,2048.068359375,33.40911784409833,9,0.490234375,0.08279499372744782,0.11592512027185757,122.39043824701196,2059.4482421875,29.26150376140716,9,0.48193359375,0.05881914655401567,0.0685861989416811,124.4984802431611
17,10,8,0,ecg_only,2048.755859375,34.982542588843145,10,0.4223090277777778,0.046637289498831724,0.06106444609712298,142.0760534429599,2063.0361328125,29.724313738627522,10,0.4231770833333333,0.04741443087508626,0.06079836881356789,141.7846153846154
17,10,9,0,ecg_only,2049.228515625,38.52087663669054,10,0.4105902777777778,0.04143999396625004,0.06256100538299596,146.1310782241015,2064.2958984375,31.946203296357222,10,0.4097222222222222,0.04863048349107396,0.08103703685829979,146.4406779661017
17,10,10,0,ecg_only,2047.630859375,37.7523600364795,9,0.44677734375,0.05730807907375734,0.09628501580709853,134.29508196721312,2063.1484375,33.536702106551765,10,0.4427083333333333,0.0879460666185848,0.12629788840756973,135.52941176470588
17,11,1,0,ecg_only,2064.4697265625,36.63927651467728,10,0.3953993055555556,0.04818685774219313,0.06731909351411752,151.74533479692644,2071.9892578125,35.270534824310616,10,0.3923611111111111,0.038762349933621716,0.05432005462958352,152.9203539823009
17,11,2,0,ecg_only,2071.861328125,38.94297098143751,10,0.4118923611111111,0.10320373794513824,0.12121182499473675,145.6691253951528,2081.4140625,35.649695901523394,11,0.370703125,0.025342502473919677,0.03017351621420955,161.85458377239198
17,11,3,0,ecg_only,2060.59375,41.24548981025077,10,0.4427083333333333,0.13835209853270306,0.16798578220331903,135.52941176470588,2072.8583984375,37.413552281359195,11,0.391796875,0.10292134839321784,0.16172587880154476,153.1405782652044
17,11,4,0,ecg_only,2056.62109375,38.048347435252836,11,0.383984375,0.04085907624173759,0.050294812280801994,156.25635808748729,2071.9013671875,36.14368891149323,11,0.3703125,0.020055465082802246,0.025113673856752488,162.0253164556962
17,11,5,0,ecg_only,2051.201171875,38.205250561954294,10,0.4131944444444444,0.04595368379363342,0.08152981040914767,145.21008403361344,2065.435546875,36.45459164556198,10,0.40234375,0.05119688346702474,0.09266543878340983,149.126213592233
17,11,6,0,ecg_only,2055.6796875,39.33689795252472,10,0.40625,0.04833518539914215,0.08612594750136461,147.69230769230768,2059.486328125,32.71485185401019,10,0.4053819444444444,0.05560300707892637,0.09543369280123078,148.00856531049251
17,11,7,0,ecg_only,2063.345703125,33.12977001466152,10,0.4071180555555556,0.06281868021312718,0.05465261163919227,147.3773987206823,2067.064453125,29.702722184501503,9,0.4453125,0.1015625,0.12682643060058077,134.73684210526315
17,11,8,0,ecg_only,2061.2392578125,34.512090015843114,10,0.4175347222222222,0.031274103358770525,0.023920798269366973,143.7006237006237,2078.8056640625,32.79961543381105,10,0.4157986111111111,0.04844418885516483,0.06939780470484323,144.30062630480168
17,11,9,0,ecg_only,2073.603515625,34.84697332825881,10,0.4392361111111111,0.04727516945899341,0.08159996370800932,136.600790513834,2086.80859375,29.79186399879103,10,0.4383680555555556,0.0549280972901263,0.09219081032192146,136.87128712871285
17,11,10,0,ecg_only,2060.140625,38.47442014974852,9,0.48828125,0.07814941024899436,0.12228496751951975,122.88,2062.4755859375,36.91929793757666,9,0.45458984375,0.06385665946770175,0.09652243592119251,131.98711063372718
17,12,1,0,ecg_only,2044.3359375,37.551480776343475,11,0.39765625,0.07527618419028691,0.08931380541480478,150.88408644400786,2049.6533203125,34.14113527523323,11,0.39296875,0.0728743366715094,0.06802061399275508,152.68389662027835
17,12,2,0,ecg_only,2042.7373046875,36.652537841673265,10,0.4205729166666667,0.05009214599393579,0.07346969872579698,142.6625386996904,2051.0517578125,33.17923415242349,10,0.4040798611111111,0.039023900682272614,0.05074367600299445,148.48549946294307
17,12,3,0,ecg_only,2050.298828125,37.18614176345415,10,0.4283854166666667,0.03778285970975758,0.059977158331187844,140.06079027355622,2055.8369140625,32.315578985444304,10,0.4227430555555556,0.047011439805732656,0.06669285577720263,141.93018480492813
17,12,4,0,ecg_only,2047.2998046875,36.194474715926646,9,0.4755859375,0.0970243226064789,0.127435125520862,126.16016427104722,2050.7275390625,31.92005063005127,9,0.470703125,0.08903336968782408,0.10312795923784442,127.4688796680498
17,12,5,0,ecg_only,2030.0703125,38.25228416254831,10,0.4084201388888889,0.04055779995216551,0.07241064418717433,146.90754516471839,2040.1572265625,32.01451829046541,10,0.4127604166666667,0.034987054277459385,0.05456529314335544,145.3627760252366
17,12,6,0,ecg_only,2031.7421875,38.690427210291226,10,0.4370659722222222,0.03851369887409552,0.07625946486466656,137.27904667328698,2041.349609375,31.28992511831743,10,0.4318576388888889,0.044504252564613156,0.07330075783123127,138.93467336683418
17,12,7,0,ecg_only,2044.6015625,34.41547953949783,9,0.4873046875,0.06364161234426217,0.09027941729089708,123.12625250501002,2051.1357421875,29.976653217479644,9,0.46923828125,0.06257434238236116,0.07736798411822463,127.86680541103017
17,12,8,0,ecg_only,2051.7294921875,34.95192106967622,10,0.4279513888888889,0.0532458513297973,0.06778497515264952,140.20283975659228,2059.255859375,31.501069005356385,9,0.45654296875,0.04619615461851869,0.07351048330091381,131.42245989304814
17,12,9,0,ecg_only,2065.4912109375,35.904685030332466,9,0.439453125,0.024705294220065465,0.04225255400934363,136.53333333333333,2072.177734375,29.70692871397081,9,0.4384765625,0.040770753408492386,0.07610387876267026,136.83741648106906
17,12,10,0,ecg_only,2059.107421875,37.00227220105235,10,0.4366319444444444,0.03502472396151391,0.060751293027327305,137.41550695825052,2063.669921875,30.364717163698337,10,0.4366319444444444,0.059091570920546906,0.10003928366580395,137.41550695825052
17,13,1,0,ecg_only,2064.1494140625,36.522415789832785,8,0.5446428571428571,0.14350743107114805,0.163231090281954,110.16393442622952,2064.1318359375,32.93636149224871,8,0.5334821428571429,0.15229161686476103,0.1807177214795794,112.46861924686192
17,13,2,0,ecg_only,2065.431640625,33.28386455169907,9,0.47998046875,0.1493015239476831,0.2608845313539628,125.00508646998983,2071.2724609375,28.58275033302493,9,0.45166015625,0.1326535339436874,0.2396449923892259,132.84324324324325
17,13,3,0,ecg_only,2046.3486328125,35.37042453412948,10,0.4088541666666667,0.03673629161371324,0.05482683143600859,146.7515923566879,2053.373046875,30.498390968279832,10,0.4014756944444444,0.03492777697696304,0.03638268751991632,149.44864864864866
17,13,4,0,ecg_only,2042.8212890625,35.17137585577678,10,0.4366319444444444,0.042662965684663816,0.07554327971020983,137.41550695825052,2050.146484375,29.7330247549401,10,0.4305555555555556,0.027913081928495703,0.04430193836802248,139.3548387096774
17,13,5,0,ecg_only,2045.6748046875,31.506427760002055,10,0.4327256944444444,0.07133652880817576,0.062484739347837465,138.65596790371114,2051.0869140625,27.32800018997438,9,0.462890625,0.08776032007289442,0.12472940857200925,129.62025316455697
17,13,6,0,ecg_only,2041.0927734375,34.31506403391657,10,0.4205729166666667,0.036643873123620545,0.07070474359335138,142.6625386996904,2043.2421875,29.014408083999296,10,0.4214409722222222,0.03367563323137296,0.049506999436080376,142.3686920700309
17,13,7,0,ecg_only,2048.685546875,35.96725325531792,10,0.4340277777777778,0.04367104593092107,0.08318570093377678,138.24,2049.341796875,29.86356297641392,10,0.4262152777777778,0.05014101089115305,0.09124459864685998,140.77393075356414
17,13,8,0,ecg_only,2058.1796875,31.807203290329436,10,0.4253472222222222,0.07184962481484472,0.08312835916027507,141.06122448979593,2058.2158203125,26.67972851773819,10,0.4010416666666667,0.047235305070877746,0.0712957509704843,149.6103896103896
17,13,9,0,ecg_only,2064.447265625,33.06801041544068,10,0.4140625,0.05026109131671558,0.09333199454664348,144.9056603773585,2063.2880859375,27.368970773123984,10,0.4153645833333333,0.04968433340713258,0.09526365936138437,144.45141065830722
17,13,10,0,ecg_only,2068.01171875,33.42537542116615,10,0.4392361111111111,0.03915402087272191,0.07230520453286238,136.600790513834,2068.75390625,27.424042549216026,10,0.4392361111111111,0.04227706827043723,0.06892898841805194,136.600790513834
17,14,1,0,ecg_only,2033.1982421875,39.92921907541638,10,0.3854166666666667,0.02737473442920396,0.03779687984446021,155.67567567567568,2032.546875,36.31634217517473,10,0.3793402777777778,0.02873119646429751,0.04513367190738806,158.16933638443936
17,14,2,0,ecg_only,2038.62109375,41.747415062836055,11,0.390625,0.033053430939540905,0.05522736994908462,153.6,2039.814453125,38.91796693664994,11,0.38828125,0.035852480954949265,0.0532900571085446,154.5271629778672
17,14,3,0,ecg_only,2058.439453125,37.94656304035884,10,0.4236111111111111,0.056129038751136145,0.09253155144433337,141.63934426229508,2060.8056640625,33.9371881769232,10,0.4279513888888889,0.03832246537264603,0.06556800910779109,140.20283975659228
17,14,4,0,ecg_only,2068.490234375,38.31881960450463,9,0.44873046875,0.0511717818164705,0.08936938044271252,133.71055495103374,2064.2177734375,34.544983645131744,9,0.44921875,0.022269051271467537,0.02134441015502821,133.56521739130434
17,14,5,0,ecg_only,2075.0283203125,33.01701411995639,9,0.47705078125,0.07433270189276528,0.10781937413385441,125.77277379733879,2067.3974609375,29.267776939676537,9,0.4755859375,0.07725961135280658,0.1343302199056888,126.16016427104722
17,14,6,0,ecg_only,2063.4423828125,33.76525408440909,9,0.48681640625,0.049292227983973536,0.06817177702712256,123.24974924774322,2060.2119140625,28.956679231528167,9,0.466796875,0.05510443742056986,0.08876978448366755,128.53556485355648
17,14,7,0,ecg_only,2059.15625,33.70635198389912,10,0.4409722222222222,0.03851369887409552,0.04912022007796598,136.06299212598427,2061.1298828125,29.473003497141534,10,0.4396701388888889,0.04944869919661845,0.07013595457412294,136.4659427443238
17,14,8,0,ecg_only,2055.392578125,38.25523584969476,9,0.4365234375,0.04034751613303437,0.07532655377913602,137.4496644295302,2056.873046875,34.52311125940205,9,0.4375,0.06132936901604524,0.11982704414201537,137.14285714285714
17,14,9,0,ecg_only,2053.7109375,37.624227015263635,9,0.451171875,0.044150994357255134,0.04529036559139025,132.98701298701297,2052.8681640625,34.738071274152276,9,0.451171875,0.07362530009754205,0.11059389380566277,132.98701298701297
17,14,10,0,ecg_only,2058.138671875,34.77000756918359,8,0.5128348214285714,0.07189787235895717,0.09134557726391072,116.99673558215453,2060.142578125,30.257378742271637,8,0.47823660714285715,0.03046282157133076,0.049744014309617356,125.46091015169195
17,15,1,0,ecg_only,2066.0078125,34.048964304584125,10,0.4370659722222222,0.03959894002762862,0.047219599233346024,137.27904667328698,2069.3525390625,30.435666869183457,10,0.4157986111111111,0.05019733435694778,0.07252908057666853,144.30062630480168
17,15,2,0,ecg_only,2070.8525390625,33.3333473316799,9,0.42578125,0.029100907081545585,0.04752158226795484,140.91743119266056,2069.9462890625,30.119035423178694,9,0.42578125,0.039499508625306025,0.06276103413053301,140.91743119266056
17,15,3,0,ecg_only,2067.658203125,30.788980169798418,9,0.4501953125,0.07374825168412363,0.11210130555204616,133.2754880694143,2067.5087890625,27.295044495336153,10,0.4227430555555556,0.028750859655693045,0.04992899621548522,141.93018480492813
17,15,4,0,ecg_only,2070.1142578125,33.520685542136256,10,0.4279513888888889,0.04469432521477778,0.08824797146548717,140.20283975659228,2070.8330078125,28.34146635535667,10,0.4318576388888889,0.04658879317081152,0.07530303769006641,138.93467336683418
17,15,5,0,ecg_only,2063.580078125,35.015418389530865,9,0.453125,0.04323426488511456,0.07343631268037146,132.41379310344828,2066.4619140625,28.385091037574018,9,0.45263671875,0.06272656383792345,0.09772319134226057,132.5566343042071
17,15,6,0,ecg_only,2038.1767578125,36.70861571366074,8,0.5055803571428571,0.07214432818735365,0.10249720127657755,118.67549668874173,2044.9921875,31.33179821826133,9,0.46826171875,0.06128075586535067,0.10390708914806157,128.13347236704902
17,15,7,0,ecg_only,2028.4384765625,33.24201214001099,8,0.5022321428571429,0.07126271201046684,0.08574493102577307,119.46666666666665,2031.7080078125,26.16201202841515,8,0.5,0.08108241645960344,0.11125385863509596,120.0
17,15,8,0,ecg_only,2043.712890625,33.80316399882986,10,0.4353298611111111,0.0548148044284509,0.06887362375978694,137.82652043868396,2043.345703125,27.013842319251168,9,0.451171875,0.04428040644044779,0.07541331889192149,132.98701298701297
17,15,9,0,ecg_only,2054.3271484375,33.405291223282894,10,0.41796875,0.05484229085586637,0.0966747552403483,143.55140186915887,2052.9306640625,26.931990394144115,10,0.4157986111111111,0.06121484448702772,0.09698991420261825,144.30062630480168
17,15,10,0,ecg_only,2062.7236328125,35.469297739244475,9,0.45654296875,0.04888424509322979,0.08672025819151816,131.42245989304814,2059.404296875,28.5203227482065,9,0.45654296875,0.04615484811233226,0.07654655446197431,131.42245989304814
17,16,1,1,ecg_only,2049.6240234375,31.30021354858383,10,0.41015625,0.06192771849267768,0.08305949677720671,146.28571428571428,2048.2265625,31.5873577469467,10,0.4322916666666667,0.09710783511450041,0.13462401980695857,138.79518072289156
17,16,2,1,ecg_only,2058.1787109375,33.61995047904321,10,0.4205729166666667,0.0399211190540518,0.07372885190694091,142.6625386996904,2056.380859375,32.63866848557819,10,0.4205729166666667,0.05146112720148309,0.10279451067922474,142.6625386996904
17,16,3,1,ecg_only,2054.197265625,33.6009171474261,10,0.4344618055555556,0.053107692805355655,0.09886941763338178,138.1018981018981,2048.3017578125,32.13362841378321,10,0.4327256944444444,0.05511298326163186,0.09942729989226896,138.65596790371114
17,16,4,1,ecg_only,2040.630859375,32.16389402651636,9,0.46435546875,0.07908196854159034,0.10635376039111338,129.21135646687696,2039.048828125,29.733049901401117,9,0.439453125,0.05433760837204514,0.10993161937086163,136.53333333333333
17,16,5,1,ecg_only,2037.1640625,34.94309600616542,10,0.4353298611111111,0.033048871216669225,0.061267137270930166,137.82652043868396,2040.8876953125,34.40657761198672,10,0.4348958333333333,0.04275118531089063,0.08071866531160869,137.96407185628743
17,16,6,1,ecg_only,2040.48046875,33.85001975302634,9,0.455078125,0.04605400829121717,0.08361043725297655,131.84549356223175,2045.1875,32.80056330499524,9,0.455078125,0.07770885259405376,0.15645215717035968,131.84549356223175
17,16,7,1,ecg_only,2035.5849609375,30.910319632189168,8,0.49330357142857145,0.08531926273935889,0.09315130011729125,121.6289592760181,2039.291015625,29.142116706855834,9,0.45703125,0.06051536478449089,0.11595332246672119,131.28205128205127
17,16,8,1,ecg_only,2036.7890625,31.356201376220522,9,0.48583984375,0.08642302255484154,0.1271697156529064,123.49748743718592,2036.6943359375,29.137928446758117,9,0.46240234375,0.06135851841914677,0.12404595461371075,129.75712777191129
17,16,9,1,ecg_only,2052.771484375,33.48417489067232,9,0.447265625,0.047921266196817566,0.08116302865826375,134.14847161572052,2052.9296875,32.05258340644859,9,0.451171875,0.055449490494446835,0.10500269049486644,132.98701298701297
17,16,10,1,ecg_only,2054.2666015625,32.85467851264676,9,0.46435546875,0.04757924346360854,0.07787347904671581,129.21135646687696,2054.46484375,31.29229535226021,10,0.4396701388888889,0.07081971546656644,0.10892065229373973,136.4659427443238
17,17,1,0,ecg_only,2051.623046875,31.994788639582428,9,0.474609375,0.09274773492643568,0.1155767273749966,126.41975308641975,2038.9501953125,41.83183946386536,9,0.47119140625,0.09260238136541575,0.13386694080467285,127.33678756476684
17,17,2,0,ecg_only,2048.1318359375,33.26672514838339,9,0.48291015625,0.06700492715510944,0.09155017667558243,124.24671385237613,2061.197265625,35.52656565899937,9,0.43115234375,0.05348630227113899,0.08683329789823677,139.16194790486975
17,17,3,0,ecg_only,2042.6865234375,34.90268801800605,10,0.4188368055555556,0.048607235708616726,0.07390971847040821,143.2538860103627,2056.703125,35.11879602128147,10,0.4144965277777778,0.04743032043011511,0.08083672690068311,144.75392670157066
17,17,4,0,ecg_only,2048.794921875,34.79943838214414,10,0.4192708333333333,0.05192031780566897,0.09660567716418929,143.10559006211182,2053.5380859375,33.23816922171503,10,0.4171006944444444,0.04909312733395041,0.08184502671780064,143.85015608740895
17,17,5,0,ecg_only,2034.0732421875,39.84007957157554,9,0.4833984375,0.11046385326620636,0.13365508721395397,124.12121212121212,2030.5439453125,43.44997597881395,9,0.45703125,0.09864731483729992,0.12728108394556178,131.28205128205127
17,17,6,0,ecg_only,2037.8134765625,45.0525883476162,10,0.4314236111111111,0.1181974866799036,0.17601438532907882,139.07444668008048,2036.1875,50.37373990359461,10,0.4309895833333333,0.11114331944204843,0.16973094517500337,139.21450151057402
17,17,7,0,ecg_only,2059.2021484375,40.11968368297183,10,0.3897569444444444,0.04737070711681338,0.07482023948975763,153.9420935412027,2060.994140625,40.079680949861924,10,0.3745659722222222,0.03202407421127902,0.05484422297694911,160.1853997682503
17,17,8,0,ecg_only,2057.5888671875,36.93266033604925,10,0.4266493055555556,0.10050156635061698,0.13233052481514446,140.63072227873855,2058.7470703125,36.038384094402474,10,0.4244791666666667,0.09423701626417827,0.12656189718220637,141.34969325153372
17,17,9,0,ecg_only,2057.212890625,35.03111883678263,10,0.4123263888888889,0.033658847170731414,0.06026268992399028,145.5157894736842,2061.29296875,34.78929474258602,10,0.4140625,0.04896248874209158,0.09631896879639025,144.9056603773585
17,17,10,0,ecg_only,2058.625,33.71757701852255,10,0.43359375,0.05415790193511828,0.10359850750293624,138.3783783783784,2060.5126953125,34.19580901885552,10,0.4344618055555556,0.06214028913170515,0.12201170468074594,138.1018981018981
17,18,1,0,ecg_only,2059.1015625,33.82972986233549,10,0.4027777777777778,0.04497164530204382,0.0817634206599003,148.9655172413793,2059.8701171875,30.203375186268786,10,0.3993055555555556,0.04186062351103988,0.0712957509704843,150.26086956521738
17,18,2,0,ecg_only,2051.9541015625,34.393444522843815,10,0.41796875,0.04275118531089063,0.08126032836997937,143.55140186915887,2054.0791015625,30.722558143493032,10,0.41796875,0.0546875,0.11186650249240303,143.55140186915887
17,18,3,0,ecg_only,2050.00390625,31.339590083729732,10,0.4292534722222222,0.05899585533870207,0.07622193867612444,139.77755308392315,2054.3349609375,27.686655397643268,10,0.4049479166666667,0.05881036349289696,0.1119687570864148,148.16720257234726
17,18,4,0,ecg_only,2048.427734375,35.12954058096182,9,0.4462890625,0.036317097620677835,0.0681557873993602,134.44201312910283,2053.666015625,30.4443295941503,9,0.4462890625,0.05408252146875152,0.09951358752232028,134.44201312910283
17,18,5,0,ecg_only,2035.7431640625,36.76155021709107,9,0.46044921875,0.05124627448706599,0.09601295965003333,130.30752916224813,2039.623046875,30.722620179869956,9,0.46044921875,0.05815058647509465,0.09068895911128047,130.30752916224813
17,18,6,0,ecg_only,2032.794921875,36.49661442980221,8,0.5066964285714286,0.09150764860310803,0.1287582009675743,118.41409691629956,2034.4150390625,30.407688949739327,9,0.458984375,0.07551802706711408,0.10765751346967481,130.72340425531914
17,18,7,0,ecg_only,2038.232421875,35.50971867949705,10,0.4388020833333333,0.07840661050689894,0.13122325806438145,136.7359050445104,2040.3896484375,31.26748776737034,9,0.4912109375,0.11737858769435375,0.1767766952966369,122.14711729622266
17,18,8,0,ecg_only,2046.962890625,34.820193688710106,9,0.470703125,0.05366652993763315,0.10124004442898148,127.4688796680498,2052.384765625,29.78169927428283,9,0.46044921875,0.07494600259556017,0.1384535977016049,130.30752916224813
17,18,9,0,ecg_only,2060.1259765625,34.671572202139906,9,0.455078125,0.04867162419678559,0.07502208566184741,131.84549356223175,2063.955078125,28.241493699876187,9,0.4521484375,0.07966619468559794,0.16132927349556603,132.69978401727863
17,18,10,0,ecg_only,2059.595703125,37.63795744872276,10,0.4366319444444444,0.060087379909130136,0.10934011720530004,137.41550695825052,2060.0,32.43367631606075,10,0.4366319444444444,0.05480449346411319,0.10391102256426679,137.41550695825052
18,1,1,0,ecg_only,2049.0556640625,52.743722108177444,7,0.6022135416666666,0.08348832022984022,0.10530948623284134,99.63243243243244,2059.2685546875,37.87718057178123,7,0.5963541666666666,0.09604574794744805,0.11999247209460684,100.6113537117904
18,1,2,0,ecg_only,1999.931640625,60.54685052292852,8,0.5457589285714286,0.10043402701220216,0.13895126637452188,109.93865030674846,2011.8271484375,46.49439655915368,8,0.5474330357142857,0.09745355239314454,0.13479864480745749,109.60244648318043
18,1,3,0,ecg_only,1993.3828125,57.61528810428569,7,0.5494791666666666,0.13723241798182706,0.14635671520616161,109.19431279620854,2017.513671875,49.28537958872625,7,0.5494791666666666,0.13747311724264394,0.14999186175839674,109.19431279620854
18,1,4,0,ecg_only,2048.8251953125,58.466851836179174,10,0.3993055555555556,0.09866282938081326,0.11663280177213763,150.26086956521738,2079.787109375,40.6315330064814,10,0.3993055555555556,0.10067012098466137,0.12118034957873094,150.26086956521738
18,1,5,0,ecg_only,2057.2568359375,57.81904905598767,11,0.39375,0.09759060293516995,0.11077660966225626,152.38095238095238,2070.0927734375,50.88918516273172,11,0.3890625,0.09729934781866474,0.11067708333333334,154.21686746987953
18,1,6,0,ecg_only,2051.830078125,54.664767003586476,8,0.5479910714285714,0.14660098462357624,0.15709407429016325,109.4908350305499,2049.0107421875,39.746448370174,9,0.4775390625,0.14395935735416512,0.23494629034547068,125.6441717791411
18,1,7,0,ecg_only,2063.9775390625,50.100840532557804,8,0.53515625,0.14093467885994967,0.22829572307531118,112.11678832116789,2063.5419921875,31.2322792621062,8,0.5167410714285714,0.15491497588312725,0.2537709976303069,116.11231101511879
18,1,8,0,ecg_only,2069.4462890625,52.479023393973264,7,0.634765625,0.07098742908354003,0.08461337854101442,94.52307692307693,2084.0556640625,40.40338383043735,7,0.634765625,0.07087987231103146,0.08234686308157099,94.52307692307693
18,1,9,0,ecg_only,2075.720703125,54.373456525271735,7,0.62890625,0.024602140140222894,0.020595978635100105,95.40372670807453,2107.1455078125,35.60675683299451,7,0.6295572916666666,0.024018055658459266,0.018652088103614566,95.30506721820062
18,1,10,0,ecg_only,2064.673828125,54.30475939692541,8,0.5675223214285714,0.06495305592389046,0.0647974546081705,105.7227138643068,2086.9609375,41.06481202466527,8,0.5680803571428571,0.06397727967842194,0.06338886169082336,105.6188605108055
18,2,1,0,ecg_only,2036.443359375,49.102697653383565,7,0.6178385416666666,0.07971738699480506,0.1056566613050261,97.1127502634352,2033.8349609375,30.54493853194583,7,0.6126302083333334,0.09098059799294855,0.12066456200325554,97.93836344314559
18,2,2,0,ecg_only,2022.8330078125,50.419281525491954,8,0.5647321428571429,0.10738092041659593,0.14725923532778146,106.24505928853755,2024.951171875,27.84211131881361,7,0.5911458333333334,0.08843628839472359,0.1032462592013023,101.49779735682819
18,2,3,0,ecg_only,2022.25,49.25646372558631,9,0.44189453125,0.12257221039895201,0.11848242881330548,135.77900552486187,2042.6875,31.061934099472943,9,0.44189453125,0.12401094148416134,0.12133652219469442,135.77900552486187
18,2,4,0,ecg_only,2041.7109375,43.99125931359654,11,0.376953125,0.02633461529794246,0.04925593833171286,159.17098445595855,2068.66796875,24.82987248757076,11,0.396484375,0.07335538128106639,0.09308757579018295,151.33004926108376
18,2,5,0,ecg_only,2057.9560546875,42.92192929170367,10,0.4014756944444444,0.054556445703023156,0.07607164880527519,149.44864864864866,2077.2939453125,21.351561584360972,10,0.3997395833333333,0.04643894401074742,0.06136046122033206,150.09771986970685
18,2,6,0,ecg_only,2056.81640625,44.35441296629864,10,0.4157986111111111,0.08742616690401862,0.11632986955122354,144.30062630480168,2070.7919921875,23.137384655302746,10,0.4144965277777778,0.08233954230294792,0.09768554248178661,144.75392670157066
18,2,7,0,ecg_only,2049.3291015625,44.61810710041451,11,0.382421875,0.027313040791270844,0.05084797966085062,156.89479060265577,2064.2001953125,24.51653539500133,11,0.38828125,0.02908517260779107,0.03000447557761175,154.5271629778672
18,2,8,0,ecg_only,2061.2197265625,49.72551181159659,11,0.395703125,0.08434334620364624,0.13111662369973026,151.62882527147087,2068.59375,28.013267643431032,11,0.395703125,0.0825513645144835,0.12758423526311397,151.62882527147087
18,2,9,0,ecg_only,2056.8740234375,54.88310330459822,8,0.5172991071428571,0.12322358595853146,0.13617824706596252,115.98705501618124,2062.451171875,37.02780256360359,8,0.5172991071428571,0.12276278398608964,0.13423146706827754,115.98705501618124
18,2,10,0,ecg_only,2037.0625,54.85032902134681,7,0.5846354166666666,0.015570652009246611,0.01295556558732578,102.62806236080179,2043.8037109375,40.86390744338386,7,0.5846354166666666,0.017126232341101437,0.015128841196122723,102.62806236080179
18,3,1,1,ecg_only,2053.4794921875,53.579540475396264,7,0.6471354166666666,0.052633809717207644,0.06163958530491992,92.71629778672033,2051.9404296875,27.446314184519725,7,0.6432291666666666,0.061543241135919136,0.07098205511562411,93.27935222672065
18,3,2,1,ecg_only,2031.52734375,59.18356667876089,7,0.634765625,0.05406782473175667,0.061787935905300316,94.52307692307693,2039.7666015625,29.428362730228002,7,0.6334635416666666,0.05716205153450741,0.06569007190493097,94.71736896197328
18,3,3,1,ecg_only,1998.169921875,59.06199101627371,8,0.5619419642857143,0.13349072774590995,0.16859591006880054,106.77259185700099,2016.5693359375,37.70241046707453,8,0.5591517857142857,0.13176498291373795,0.15995763853690165,107.3053892215569
18,3,4,1,ecg_only,1999.490234375,61.49579112839812,10,0.3836805555555556,0.038351947976344655,0.04898412579681427,156.38009049773754,2013.4765625,43.75452473811816,10,0.4049479166666667,0.0967229709857976,0.11230893334365287,148.16720257234726
18,3,5,1,ecg_only,2029.234375,56.29326244307018,11,0.36875,0.013441133229754104,0.015016357545144266,162.71186440677965,2038.3505859375,38.46786325704779,11,0.369140625,0.01453733911400656,0.017710248058249275,162.53968253968253
18,3,6,1,ecg_only,2047.974609375,45.19043191391472,11,0.388671875,0.06716592131675203,0.08151291263484135,154.3718592964824,2057.59375,23.960599983358097,10,0.3927951388888889,0.06680362902194419,0.08366582027579647,152.75138121546962
18,3,7,1,ecg_only,2048.2109375,44.91041905556097,11,0.3796875,0.04514381316623021,0.04725324820735431,158.02469135802468,2048.826171875,28.36902915210457,11,0.391015625,0.05750153912681925,0.06611199101451096,153.44655344655345
18,3,8,1,ecg_only,1925.654296875,157.1492734988755,9,0.490234375,0.14312555437938485,0.14215898212837902,122.39043824701196,1964.0078125,102.79227544951928,9,0.49267578125,0.14368998062361973,0.1392229211135611,121.78394449950446
18,3,9,1,ecg_only,1918.671875,152.75410358517172,8,0.5479910714285714,0.1513851232996206,0.22141926126200606,109.4908350305499,2004.4658203125,134.717727190036,8,0.5407366071428571,0.15854697177570895,0.23233705997990112,110.95975232198144
18,3,10,1,ecg_only,2068.693359375,65.12019922057287,8,0.49609375,0.15695988294755675,0.18652088103614567,120.94488188976378,2135.291015625,33.544502817615374,8,0.49609375,0.15839762899983023,0.18275378553207067,120.94488188976378
18,4,1,1,ecg_only,2057.966796875,46.533116474211035,7,0.638671875,0.09436511529015348,0.11816002704886074,93.94495412844037,2066.146484375,25.023349005536428,7,0.6588541666666666,0.04975253430870521,0.06458910844474863,91.06719367588933
18,4,2,1,ecg_only,2053.92578125,47.2491769870349,10,0.4344618055555556,0.1359387194850934,0.1214633346932509,138.1018981018981,2052.7841796875,27.18515262335697,10,0.4353298611111111,0.13490376513932228,0.11970760326027881,137.82652043868396
18,4,3,1,ecg_only,2048.423828125,45.30448268075091,11,0.371875,0.0271083618326523,0.04671195602773984,161.34453781512605,2054.541015625,27.05077469257592,11,0.371875,0.027164591641740173,0.04942774191693309,161.34453781512605
18,4,4,1,ecg_only,2055.3408203125,42.27329301641981,10,0.3927951388888889,0.03474933837022239,0.06848481793862007,152.75138121546962,2072.7294921875,22.137268608861312,10,0.3919270833333333,0.029577647634376425,0.058267319883501166,153.08970099667775
18,4,5,1,ecg_only,2054.6416015625,42.64803569916788,10,0.4040798611111111,0.056490345151124804,0.06543697487402717,148.48549946294307,2066.5478515625,24.66014416478473,10,0.3841145833333333,0.026300794110317913,0.0528788530104722,156.20338983050848
18,4,6,1,ecg_only,2043.4990234375,46.03535494917277,9,0.46533203125,0.1358992950421169,0.13357351559377464,128.9401888772298,2051.0654296875,24.249770782803157,9,0.4658203125,0.1362680909631675,0.14475730391531322,128.80503144654088
18,4,7,1,ecg_only,2045.591796875,46.89246936032203,7,0.6529947916666666,0.07990856879837427,0.10417317687989552,91.88434695912264,2048.7578125,24.008623481258642,7,0.6569010416666666,0.06956403818835692,0.09189240375127587,91.33795837462834
18,4,8,1,ecg_only,2051.69140625,47.04905689036137,7,0.634765625,0.0787652799122904,0.10437804074912022,94.52307692307693,2052.6669921875,25.615345824999395,7,0.6315104166666666,0.08407264821540589,0.109375,95.01030927835052
18,4,9,1,ecg_only,2046.4208984375,46.706275432941666,7,0.6315104166666666,0.0890381301941602,0.10088415289175748,95.01030927835052,2054.6630859375,25.62036476081068,7,0.6236979166666666,0.10836275141439157,0.12395805978611274,96.20041753653446
18,4,10,1,ecg_only,2046.798828125,46.43176443585478,7,0.626953125,0.07359075044754125,0.08856081288089558,95.70093457943925,2060.765625,25.368952288858424,7,0.619140625,0.08946790725749909,0.10646233378817599,96.90851735015772
18,5,1,1,ecg_only,2065.5009765625,72.09932384597185,7,0.5813802083333334,0.15424192499024442,0.20754652857476924,103.2026875699888,2069.78515625,43.76908885318594,8,0.49776785714285715,0.16445872041053,0.19435965490741428,120.53811659192824
18,5,2,1,ecg_only,2089.1513671875,112.8222534655156,7,0.6321614583333334,0.1204286309340703,0.14542586303895536,94.91246138002059,2099.400390625,104.3618809113146,7,0.6302083333333334,0.1247080466397473,0.15049965609387617,95.20661157024793
18,5,3,1,ecg_only,2146.0390625,97.65466717467268,9,0.458984375,0.13687212379255453,0.15212180490247187,130.72340425531914,2157.689453125,95.52192793745543,9,0.45703125,0.13509075363898893,0.15873443355556272,131.28205128205127
18,5,4,1,ecg_only,2072.005859375,103.14785714893802,11,0.38984375,0.04884530947606434,0.060037197309367206,153.90781563126254,2087.5341796875,94.05689769296009,11,0.387109375,0.035649748119946444,0.04017512661599352,154.9949545913219
18,5,5,1,ecg_only,2038.9130859375,69.93875155722498,10,0.3993055555555556,0.09850805207343442,0.11558969319472892,150.26086956521738,2043.3076171875,47.099525821428976,10,0.3997395833333333,0.09959022487485908,0.1175369139779539,150.09771986970685
18,5,6,1,ecg_only,2077.2861328125,48.51378230282721,7,0.5631510416666666,0.14430966732534015,0.14343971267356542,106.54335260115607,2075.2607421875,24.883741041072536,7,0.5638020833333334,0.1448417741534898,0.14710545417637477,106.4203233256351
18,5,7,1,ecg_only,2076.759765625,50.108757717040525,7,0.615234375,0.10803565183335218,0.128396244894954,97.52380952380952,2075.13671875,26.451031912449057,7,0.6139322916666666,0.11266031028378115,0.13519237234053738,97.73064687168612
18,5,8,1,ecg_only,2091.97265625,50.45884417467701,7,0.6061197916666666,0.105334034977761,0.1033939438129115,98.99033297529539,2084.5654296875,26.88120597333746,7,0.603515625,0.11228345587347507,0.11293049144689622,99.41747572815534
18,5,9,1,ecg_only,2094.9697265625,50.06014021361189,8,0.5479910714285714,0.10814668794964107,0.1491638615236124,109.4908350305499,2087.4873046875,26.942825658309125,8,0.5675223214285714,0.08838130110247487,0.11949762939485278,105.7227138643068
18,5,10,1,ecg_only,2086.41796875,48.59308791123511,9,0.47314453125,0.137253939935107,0.12473814648988553,126.81114551083591,2085.5439453125,24.484131150288125,9,0.47265625,0.13763642912068647,0.125209088520819,126.94214876033058
18,6,1,1,ecg_only,2053.0849609375,51.87695410851141,9,0.47998046875,0.1421284311865085,0.21335216802377807,125.00508646998983,2061.1875,29.248430780556415,9,0.48388671875,0.13852651795287232,0.20465917027233962,123.99596367305752
18,6,2,1,ecg_only,2035.408203125,52.86991489929542,10,0.4231770833333333,0.10558924444121506,0.14061143597778375,141.7846153846154,2036.9287109375,31.50985392590813,10,0.4223090277777778,0.10381523472513055,0.14591033355952937,142.0760534429599
18,6,3,1,ecg_only,2065.4541015625,58.92785448290507,11,0.36796875,0.015209314323384205,0.029057179172423696,163.05732484076432,2054.5927734375,37.767033441406205,11,0.36796875,0.012327917060983984,0.01727408744976771,163.05732484076432
18,6,4,1,ecg_only,2085.1396484375,48.03531649865965,10,0.3971354166666667,0.10437804074912022,0.1221835412362215,151.08196721311475,2075.4814453125,21.625895200513014,10,0.3971354166666667,0.105605299979123,0.12324822315846484,151.08196721311475
18,6,5,1,ecg_only,2068.619140625,49.17361486876346,8,0.5535714285714286,0.15301782940061934,0.1433652289336138,108.38709677419354,2070.115234375,23.87897550228691,9,0.484375,0.154296875,0.21979878525343113,123.87096774193549
18,6,6,1,ecg_only,2062.4970703125,52.81266633859657,7,0.6302083333333334,0.0840121280048882,0.11251085017121683,95.20661157024793,2063.8095703125,31.069790803876018,8,0.5362723214285714,0.14386935622762773,0.13594460888978982,111.88345473465141
18,6,7,1,ecg_only,2009.2275390625,74.56764692654943,7,0.6184895833333334,0.08309903586254609,0.09900629320275554,97.01052631578946,2007.3828125,61.245901788118395,7,0.6158854166666666,0.09056736074103751,0.10917951280173858,97.42071881606766
18,6,8,1,ecg_only,2021.48046875,90.46665913697308,7,0.6009114583333334,0.0774848994375163,0.10839403848055944,99.84832069339112,2023.390625,82.6571641608238,7,0.5983072916666666,0.0833968873863878,0.11558804308026414,100.2829162132753
18,6,9,1,ecg_only,2097.1474609375,63.548154211663864,8,0.5630580357142857,0.11209991660396004,0.1372756514906686,106.56095143706641,2106.6513671875,50.779072434907164,8,0.5591517857142857,0.11839829428907,0.1447861631523005,107.3053892215569
18,6,10,1,ecg_only,2087.4091796875,55.80383430863723,7,0.611328125,0.04235775348857584,0.050298183133812104,98.14696485623003,2095.42578125,44.659545008062366,7,0.6100260416666666,0.04518529348817873,0.05370205892526375,98.35645677694771
18,7,1,0,ecg_only,2056.0380859375,46.68144951850643,8,0.5401785714285714,0.13344639765656005,0.15355753112297466,111.07438016528926,2064.2294921875,23.842358849815522,8,0.5334821428571429,0.13587682641976948,0.15124638156398293,112.46861924686192
18,7,2,0,ecg_only,2026.6953125,44.5544888650666,8,0.5412946428571429,0.14694469552430123,0.23076649199596766,110.84536082474226,2036.943359375,23.825962296192774,10,0.4162326388888889,0.11039503140151025,0.1623327715248449,144.15015641293013
18,7,3,0,ecg_only,2031.3232421875,47.093242022350935,10,0.4144965277777778,0.10745847615794078,0.17624180118618726,144.75392670157066,2038.22265625,24.072019918244003,11,0.3734375,0.0267342791129198,0.03457270324831186,160.66945606694563
18,7,4,0,ecg_only,2045.595703125,42.38051472565978,10,0.4140625,0.03650480668978173,0.04103886990127089,144.9056603773585,2051.5341796875,17.98167480030607,10,0.4036458333333333,0.016158429226550596,0.02962060720332637,148.6451612903226
18,7,5,0,ecg_only,2050.1669921875,41.92986662477969,10,0.4079861111111111,0.030542729315554133,0.05202429922604376,147.06382978723406,2057.126953125,18.797271039410287,10,0.4223090277777778,0.04225032473485402,0.057807221042768524,142.0760534429599
18,7,6,0,ecg_only,2054.0126953125,43.93130774022713,10,0.4197048611111111,0.09759739738967252,0.16506506359531856,142.95760082730092,2062.4521484375,18.272237502642263,9,0.4716796875,0.13425159554270377,0.1352842472979182,127.20496894409938
18,7,7,0,ecg_only,2053.552734375,41.75284365717733,10,0.4331597222222222,0.10315992090186187,0.1358299794787414,138.51703406813627,2060.431640625,17.049079395845677,9,0.482421875,0.12986445476468195,0.15156911574294485,124.37246963562752
18,7,8,0,ecg_only,2047.5478515625,39.1206024794221,9,0.46484375,0.08571526663082692,0.10559268511913901,129.07563025210084,2055.9091796875,16.31125934311442,9,0.45751953125,0.0808470490869601,0.09370348548460877,131.1419423692636
18,7,9,0,ecg_only,2040.47265625,41.28139470989729,10,0.4162326388888889,0.027381615096506082,0.04191262448022448,144.15015641293013,2047.20703125,17.49570564985944,10,0.4162326388888889,0.026818561989193416,0.037365481386150375,144.15015641293013
18,7,10,0,ecg_only,2040.8193359375,41.805067271313185,10,0.4231770833333333,0.02591113117465156,0.045637974396671575,141.7846153846154,2046.00390625,17.662691976768745,10,0.4192708333333333,0.025779934730759548,0.039740214744874616,143.10559006211182
18,8,1,1,ecg_only,2048.6337890625,42.81838087914763,10,0.40234375,0.06588078458684124,0.08725901524878389,149.126213592233,2057.3369140625,19.545189142139037,10,0.4010416666666667,0.06132245749644071,0.08303652995891138,149.6103896103896
18,8,2,1,ecg_only,2043.8388671875,42.58298897775068,10,0.4244791666666667,0.11846811847702365,0.17905480493118667,141.34969325153372,2050.9921875,20.35538591724175,10,0.4244791666666667,0.10867521674409028,0.1767928789456703,141.34969325153372
18,8,3,1,ecg_only,2050.109375,45.57672692404946,10,0.4175347222222222,0.11108906845156605,0.17427194920661626,143.7006237006237,2054.263671875,20.93276085809834,10,0.4171006944444444,0.10260512137645697,0.11792573460375788,143.85015608740895
18,8,4,1,ecg_only,2061.4619140625,43.2922313985011,10,0.3940972222222222,0.02514366034368097,0.047841596538733946,152.2466960352423,2065.158203125,18.31106999252748,10,0.3988715277777778,0.027709877950542305,0.042320212265664944,150.42437431991294
18,8,5,1,ecg_only,2060.5048828125,43.4867748348063,10,0.4149305555555556,0.05784468469324388,0.07361234587907325,144.60251046025104,2063.123046875,19.553125152173315,10,0.3940972222222222,0.025611316826270714,0.04941058844013093,152.2466960352423
18,8,6,1,ecg_only,2048.1767578125,43.06863398388925,10,0.3988715277777778,0.03191801442855943,0.06150018161653824,150.42437431991294,2051.7685546875,18.534547226188767,10,0.4045138888888889,0.038366680782308274,0.07639690318596853,148.3261802575107
18,8,7,1,ecg_only,2051.2177734375,43.95443793057101,10,0.4184027777777778,0.058039755001953006,0.07827134730278859,143.40248962655602,2054.1884765625,19.874573109198803,10,0.4153645833333333,0.05298695299316616,0.07561898704142946,144.45141065830722
18,8,8,1,ecg_only,2056.134765625,43.245657774524815,10,0.4088541666666667,0.07105606067522006,0.09261396655881775,146.7515923566879,2062.080078125,19.18768916828956,10,0.4088541666666667,0.07305604239117468,0.09743138172841342,146.7515923566879
18,8,9,1,ecg_only,2060.7314453125,43.512919546294775,11,0.394140625,0.05943279465142225,0.07404722504225485,152.22993062438056,2065.474609375,18.895977060373514,10,0.4375,0.11580492288728729,0.1489441907166647,137.14285714285714
18,8,10,1,ecg_only,2058.64453125,47.055761982118334,11,0.397265625,0.09866742121777393,0.16016154293421828,151.03244837758112,2059.8134765625,21.75586698042078,10,0.4409722222222222,0.1431515467287225,0.16843933897129237,136.06299212598427
18,9,1,1,ecg_only,2026.1669921875,41.96697506875869,11,0.391015625,0.07262789265162266,0.06115634669696551,153.44655344655345,2037.0419921875,23.071627477676753,11,0.387890625,0.06169031188183542,0.06115634669696551,154.68277945619334
18,9,2,1,ecg_only,2041.5654296875,48.887842144862496,11,0.361328125,0.013446808185983207,0.02340130306720238,166.05405405405406,2048.197265625,28.071931745040157,11,0.361328125,0.010517900013934578,0.01573313277811793,166.05405405405406
18,9,3,1,ecg_only,2058.13671875,43.11404819468242,10,0.3932291666666667,0.07310244191467813,0.09264485332524548,152.58278145695363,2059.248046875,22.536407092143207,10,0.3919270833333333,0.06897355540702618,0.08756449910726521,153.08970099667775
18,9,4,1,ecg_only,2050.466796875,44.487608781013286,11,0.392578125,0.05021468801633766,0.06593223386027168,152.83582089552237,2049.248046875,22.238343946836572,11,0.37734375,0.026040364550779623,0.04459516611860341,159.00621118012424
18,9,5,1,ecg_only,2035.357421875,46.38250848491564,11,0.39375,0.04013374855950413,0.08001193487363134,152.38095238095238,2039.0625,22.42474393666514,11,0.394140625,0.03146653495804114,0.06119791666666667,152.22993062438056
18,9,6,1,ecg_only,2037.0244140625,42.458440038654885,11,0.39453125,0.04167073547842058,0.08058202316023855,152.07920792079207,2038.2666015625,20.600037397887718,11,0.3921875,0.03551036930426097,0.06338886169082336,152.98804780876492
18,9,7,1,ecg_only,2048.3427734375,43.4653540024471,10,0.3949652777777778,0.06789448679951901,0.07762289823920959,151.9120879120879,2042.8603515625,21.80607512544162,10,0.3914930555555556,0.05839891733178528,0.06924647617670249,153.25942350332593
18,9,8,1,ecg_only,2039.91796875,48.12476774878008,9,0.4501953125,0.14332198401178453,0.1305863189267858,133.2754880694143,2038.7041015625,25.45487242262638,9,0.4501953125,0.1436941287057746,0.1289823233320863,133.2754880694143
18,9,9,1,ecg_only,2032.94140625,43.58903966907806,9,0.47607421875,0.1478766839519206,0.19364804164927207,126.03076923076924,2035.7001953125,22.69883841933003,9,0.47900390625,0.1447545980668629,0.17840306655819027,125.25993883792049
18,9,10,1,ecg_only,2036.619140625,43.430906253628585,10,0.4340277777777778,0.11914517074155356,0.14329203757441153,138.24,2037.998046875,22.781099881487346,11,0.385546875,0.06413986372873445,0.07789680214138554,155.62310030395136
18,10,1,0,ecg_only,2059.7802734375,48.49798201265937,11,0.38828125,0.043258963124709775,0.057733852284883765,154.5271629778672,2078.841796875,45.078342948928814,11,0.373828125,0.024770060722637016,0.039127550003428956,160.5015673981191
18,10,2,0,ecg_only,2099.44921875,143.90678732043756,11,0.358203125,0.012481676022398795,0.017566064535458385,167.50272628135224,2117.755859375,139.62912288579065,11,0.358203125,0.014197485816708008,0.025012204052472065,167.50272628135224
18,10,3,0,ecg_only,2166.0029296875,141.5356589868943,9,0.43603515625,0.13991707525748384,0.12335871411996137,137.60358342665174,2183.1904296875,138.00195971424327,9,0.4365234375,0.1395459632762597,0.12904990642466302,137.4496644295302
18,10,4,0,ecg_only,2125.82421875,83.69442162012442,7,0.62890625,0.11916730404841198,0.14547831601200056,95.40372670807453,2139.5390625,85.10313387881844,8,0.5368303571428571,0.16396756850184785,0.19648088031186392,111.76715176715177
18,10,5,0,ecg_only,2054.705078125,51.285457756928004,7,0.6354166666666666,0.11665823769774279,0.1402120673413134,94.42622950819673,2066.3173828125,49.6283831752338,8,0.5446428571428571,0.16304768441525327,0.23042460735450795,110.16393442622952
18,10,6,0,ecg_only,2038.7822265625,52.11975802219749,9,0.48974609375,0.15728341727276599,0.1595494274833597,122.5124626121635,2053.658203125,48.09768270037799,8,0.5524553571428571,0.16415358258855686,0.23425561195363248,108.60606060606061
18,10,7,0,ecg_only,2008.8291015625,62.79316472285467,9,0.47705078125,0.13613768121449682,0.12438815100070827,125.77277379733879,2029.5439453125,58.42259186893808,8,0.5379464285714286,0.14548152680413676,0.1455482239045562,111.53526970954356
18,10,8,0,ecg_only,1929.2919921875,85.08877311887238,8,0.5245535714285714,0.1282826890191231,0.15416908605928156,114.38297872340426,1950.6875,82.26898289680625,8,0.5206473214285714,0.13196807260055596,0.1641709710862302,115.24115755627011
18,10,9,0,ecg_only,1830.78125,92.756238208341,9,0.47314453125,0.13559017314356003,0.19932813873545568,126.81114551083591,1848.697265625,90.19017533466821,10,0.4127604166666667,0.10025196122354249,0.16010860571811872,145.3627760252366
18,10,10,0,ecg_only,1793.607421875,48.499055479625284,10,0.4322916666666667,0.11229666713510593,0.15066938450705364,138.79518072289156,1812.4580078125,47.17284741809836,11,0.379296875,0.03393944587538407,0.0399211190540518,158.18743563336767
18,11,1,0,ecg_only,2039.482421875,56.08416251277647,9,0.4306640625,0.11344529474553955,0.15976105422644357,139.31972789115648,2047.32421875,50.24833213353602,9,0.45654296875,0.14258397756609728,0.13778284879025737,131.42245989304814
18,11,2,0,ecg_only,1994.66015625,54.64862666939203,10,0.4266493055555556,0.10983561519365719,0.13725480846327046,140.63072227873855,2007.6552734375,55.00665186624802,10,0.4279513888888889,0.1084426893081799,0.13805844736087436,140.20283975659228
18,11,3,0,ecg_only,2223.1533203125,303.57296301827387,9,0.478515625,0.11328125,0.15334918901748854,125.38775510204081,2232.451171875,298.1223754447395,8,0.5474330357142857,0.08577065203946808,0.1218787559517398,109.60244648318043
18,11,4,0,ecg_only,2264.724609375,272.7822691222867,8,0.515625,0.10843425144372379,0.08722986575231367,116.36363636363636,2268.63671875,270.43285409433594,7,0.57421875,0.0474680368061411,0.04578818206903939,104.48979591836735
18,11,5,0,ecg_only,2100.0322265625,71.60269024632503,10,0.4283854166666667,0.11213046948755723,0.13832069308582207,140.06079027355622,2108.9638671875,70.52543910963874,10,0.4296875,0.11310900458585416,0.14555040798516655,139.63636363636363
18,11,6,0,ecg_only,2102.830078125,59.787223904287416,10,0.4092881944444444,0.03256654771233346,0.04652784863113905,146.59597030752917,2114.8525390625,57.11432077933179,10,0.4105902777777778,0.05206524570183343,0.09242842921075305,146.1310782241015
18,11,7,0,ecg_only,2061.328125,42.84852214031862,10,0.4370659722222222,0.03466792629811781,0.061670521108777125,137.27904667328698,2073.83984375,37.86336628227324,10,0.4223090277777778,0.043826060976959506,0.06879049322404814,142.0760534429599
18,11,8,0,ecg_only,2036.048828125,44.12563693097482,9,0.46044921875,0.07837940754885789,0.11481033892028658,130.30752916224813,2048.83203125,42.80416330071204,9,0.4609375,0.09695057535930357,0.1390349089803657,130.16949152542372
18,11,9,0,ecg_only,1990.37109375,48.97056458403059,10,0.4396701388888889,0.10131364930879469,0.142021870822744,136.4659427443238,2000.4677734375,48.13229385193136,10,0.4283854166666667,0.09921499063306637,0.16144914498384816,140.06079027355622
18,11,10,0,ecg_only,1974.2802734375,46.682464603828834,10,0.4223090277777778,0.0991542134211096,0.17247321321684636,142.0760534429599,1983.4345703125,43.95929420590137,10,0.421875,0.10016736753602554,0.16227988961433942,142.22222222222223
18,12,1,0,ecg_only,2031.755859375,40.44292086979159,11,0.3859375,0.04328012182645169,0.06187293942977459,155.46558704453443,2042.318359375,39.178405728581524,10,0.4292534722222222,0.11254466652298571,0.17657157402014947,139.77755308392315
18,12,2,0,ecg_only,2032.1552734375,42.43679021317596,10,0.3914930555555556,0.04846751484424871,0.06150018161653824,153.25942350332593,2038.376953125,42.15267655459796,10,0.3832465277777778,0.029717435362193907,0.04615743085193935,156.55719139297847
18,12,3,0,ecg_only,2017.6591796875,43.289541779188276,10,0.4240451388888889,0.09326246043209864,0.12323274651833872,141.49437052200614,2022.884765625,42.07429722127059,10,0.421875,0.08943710813059581,0.10066649535040352,142.22222222222223
18,12,4,0,ecg_only,1981.943359375,51.208087996083194,10,0.4032118055555556,0.031237941346261427,0.04650734726480726,148.80516684607105,1990.552734375,48.39380238946608,10,0.4045138888888889,0.036463499964597614,0.057971961248655585,148.3261802575107
18,12,5,0,ecg_only,1924.3935546875,47.21682033471173,10,0.4275173611111111,0.06723369069698357,0.08991802296810238,140.3451776649746,1934.833984375,47.57114098313447,10,0.4305555555555556,0.07390462072108529,0.09704889256878785,139.3548387096774
18,12,6,0,ecg_only,1951.01171875,67.0567904385596,10,0.4210069444444444,0.06541016053397397,0.08098994967427864,142.51546391752578,1962.916015625,68.39148551080577,10,0.4188368055555556,0.061039182930445246,0.07832006896782587,143.2538860103627
18,12,7,0,ecg_only,1999.7568359375,42.30045586694319,10,0.4118923611111111,0.03460265872915755,0.05834909861831897,145.6691253951528,2011.4140625,41.550473324573495,10,0.4053819444444444,0.04100126971742897,0.062469474967654204,148.00856531049251
18,12,8,0,ecg_only,2004.7783203125,41.38336252715153,10,0.4270833333333333,0.07176830093500348,0.07537898631016762,140.4878048780488,2014.693359375,41.23164500298405,10,0.4223090277777778,0.0691563032591997,0.07679532520053711,142.0760534429599
18,12,9,0,ecg_only,2029.4462890625,42.83814293518328,10,0.4127604166666667,0.0861148737697211,0.10735082877860387,145.3627760252366,2038.0458984375,43.16547967439879,10,0.4127604166666667,0.08836916406748517,0.11503558064552517,145.3627760252366
18,12,10,0,ecg_only,2027.4990234375,46.03919439913481,10,0.4131944444444444,0.04711950762316698,0.06883207104182068,145.21008403361344,2037.162109375,46.227793336915155,10,0.4105902777777778,0.04852578076171419,0.06938406120442035,146.1310782241015
18,13,1,1,ecg_only,2029.4111328125,43.414831237412244,10,0.4131944444444444,0.0541196265651609,0.0933626437712275,145.21008403361344,2036.0927734375,42.93315783315728,10,0.4127604166666667,0.04741443087508626,0.06954880396392522,145.3627760252366
18,13,2,1,ecg_only,2067.7548828125,47.402237754423496,10,0.4266493055555556,0.10954193884857638,0.17207463548059967,140.63072227873855,2072.923828125,46.12741417498339,10,0.4053819444444444,0.10087201476739237,0.16310055604392015,148.00856531049251
18,13,3,1,ecg_only,2110.4248046875,49.33125247411602,8,0.49776785714285715,0.15220571159840232,0.17385372587696268,120.53811659192824,2116.5263671875,47.642234497307356,8,0.49776785714285715,0.15034687650520862,0.17721492889182733,120.53811659192824
18,13,4,1,ecg_only,2126.43359375,50.94485648924689,9,0.43994140625,0.09683123184348709,0.1294967535488342,136.38179800221977,2131.921875,49.59056730099359,9,0.42919921875,0.09836534550175031,0.12570427991012564,139.79522184300342
18,13,5,1,ecg_only,2093.8134765625,56.36732013604836,10,0.4053819444444444,0.041207503303534454,0.08276043100679024,148.00856531049251,2095.1845703125,56.37375376438262,10,0.4075520833333333,0.05726206621691672,0.0926757297977992,147.22044728434506
18,13,6,1,ecg_only,2053.572265625,41.32158386732584,10,0.4223090277777778,0.05213033180423909,0.10232026507739224,142.0760534429599,2051.4970703125,39.93275587054982,10,0.4231770833333333,0.05817267683252259,0.09430782933990522,141.7846153846154
18,13,7,1,ecg_only,2024.5283203125,44.25771448809687,9,0.48095703125,0.10244950516126511,0.13914461359788086,124.751269035533,2028.7275390625,39.00259135269138,9,0.47412109375,0.09966560721286154,0.1303858536906283,126.54994850669414
18,13,8,1,ecg_only,2024.806640625,47.97132235411173,10,0.4036458333333333,0.03949414293776849,0.07657146790590882,148.6451612903226,2034.5302734375,45.100745099377036,10,0.3971354166666667,0.041910096196435105,0.07035317833721827,151.08196721311475
18,13,9,1,ecg_only,2050.4052734375,43.416011001165884,11,0.389453125,0.037995184342270595,0.06702884206371745,154.06218655967902,2053.0498046875,40.275521556903556,11,0.389453125,0.03387644499339659,0.05365468171363676,154.06218655967902
18,13,10,1,ecg_only,2045.3251953125,42.23900455528312,11,0.381640625,0.03533159398050313,0.061914028270670524,157.21596724667347,2046.4580078125,37.98234317292956,11,0.3890625,0.047688257693849545,0.04870209429496105,154.21686746987953
18,14,1,1,ecg_only,2049.015625,50.193256888842896,11,0.3765625,0.04090200035221383,0.05182226234930312,159.33609958506224,2051.5498046875,44.64634752830407,11,0.398046875,0.07393964791100323,0.0848454924877339,150.7360157016683
18,14,2,1,ecg_only,2007.9423828125,55.71801913943284,10,0.4192708333333333,0.05178953594101912,0.08545898381702806,143.10559006211182,2015.52734375,51.40554933389328,10,0.4036458333333333,0.05343303262677914,0.09022507392539919,148.6451612903226
18,14,3,1,ecg_only,1998.330078125,51.250575774145176,9,0.4287109375,0.036317097620677835,0.07056007999140064,139.95444191343964,2004.73046875,46.40049006104648,9,0.4287109375,0.04830777424231108,0.08964944049975795,139.95444191343964
18,14,4,1,ecg_only,2019.46484375,41.50492645804936,9,0.47705078125,0.061807611933679625,0.06986152498329157,125.77277379733879,2024.880859375,38.40437425296075,10,0.4357638888888889,0.0388060641445436,0.048886683635874326,137.68924302788844
18,14,5,1,ecg_only,2026.3662109375,38.228109428622744,9,0.46826171875,0.09479072207025636,0.12520038347068013,128.13347236704902,2030.9365234375,33.77037686402853,10,0.4192708333333333,0.04730703678277331,0.05213417115249663,143.10559006211182
18,14,6,1,ecg_only,2044.7216796875,41.00856997313061,9,0.421875,0.04971844555217912,0.09623972652152281,142.22222222222223,2048.150390625,37.10101339801801,9,0.42236328125,0.04222715421503782,0.08084009755540784,142.05780346820808
18,14,7,1,ecg_only,2054.142578125,40.011316558297246,11,0.396875,0.04615991014600765,0.07494617932894874,151.18110236220474,2060.5712890625,36.69874183462654,11,0.396875,0.04071504443998557,0.06446298851295085,151.18110236220474
18,14,8,1,ecg_only,2054.8115234375,39.53124535602045,11,0.3796875,0.03210737904380393,0.04976956993129269,158.02469135802468,2059.689453125,36.01365905824383,11,0.38828125,0.033108781406901704,0.04833518539914215,154.5271629778672
18,14,9,1,ecg_only,2055.3154296875,42.434797366662934,10,0.4157986111111111,0.049104637582399135,0.08675481372856567,144.30062630480168,2057.8291015625,38.28375110163005,10,0.4123263888888889,0.046697839084419324,0.08871144491543566,145.5157894736842
18,14,10,1,ecg_only,2038.6484375,43.79726729555845,9,0.4306640625,0.033474875978520724,0.06227288534253033,139.31972789115648,2041.236328125,39.61867566586917,9,0.4306640625,0.05228942785245139,0.08469835114324203,139.31972789115648
18,15,1,0,ecg_only,2061.2744140625,38.29143856314101,10,0.4123263888888889,0.03919729828081818,0.055328966696153496,145.5157894736842,2063.634765625,36.303320192185154,10,0.4097222222222222,0.046198989898386014,0.07403863836337839,146.4406779661017
18,15,2,0,ecg_only,2071.1416015625,40.02187472882795,10,0.4045138888888889,0.06766101890286433,0.07720404443770458,148.3261802575107,2071.8125,36.80751239556947,10,0.3802083333333333,0.02209708691207961,0.03526459001028865,157.8082191780822
18,15,3,0,ecg_only,2063.3212890625,42.69714495608363,10,0.4105902777777778,0.09592112084716076,0.10366292585715312,146.1310782241015,2067.1337890625,38.38198062143557,10,0.4088541666666667,0.09249375330821896,0.11504387060198357,146.7515923566879
18,15,4,0,ecg_only,2041.4033203125,39.562776814678024,10,0.4144965277777778,0.04264971700186891,0.08122511262471993,144.75392670157066,2045.1396484375,36.32501707503251,10,0.4027777777777778,0.0371239666325401,0.06499828629802241,148.9655172413793
18,15,5,0,ecg_only,2053.34765625,47.18708851615912,10,0.4223090277777778,0.036525442534668835,0.06713467672772348,142.0760534429599,2057.791015625,44.309847387809924,10,0.4270833333333333,0.056965215766217075,0.09356671536721473,140.4878048780488
18,15,6,0,ecg_only,2084.4814453125,50.41414080616243,10,0.4375,0.05224584022848666,0.06699247221149413,137.14285714285714,2091.8896484375,46.44820841238286,10,0.4327256944444444,0.06356988406555437,0.10619864625229604,138.65596790371114
18,15,7,0,ecg_only,2064.8623046875,56.39392684778579,10,0.4040798611111111,0.032997530917965645,0.05211587525049349,148.48549946294307,2070.345703125,54.25676460105565,10,0.4110243055555556,0.04210293164158949,0.06971315741240136,145.9767687434002
18,15,8,0,ecg_only,2027.5947265625,41.979426828845064,10,0.40625,0.060989783482449836,0.07304008574732482,147.69230769230768,2032.6875,37.33549856537341,10,0.4027777777777778,0.048977876073942876,0.06820574253997744,148.9655172413793
18,15,9,0,ecg_only,2023.7373046875,41.78194341890155,10,0.4123263888888889,0.08127568519107865,0.10425004800845718,145.5157894736842,2027.6416015625,37.405055168018364,10,0.4123263888888889,0.08110863250707788,0.08922596703515953,145.5157894736842
18,15,10,0,ecg_only,2042.353515625,45.221590133506815,10,0.4149305555555556,0.04543423011354768,0.05893455574068208,144.60251046025104,2045.3271484375,42.11576546214424,10,0.4053819444444444,0.047370707116813376,0.08347181893108634,148.00856531049251
18,16,1,1,ecg_only,2026.1064453125,38.00906292856938,10,0.40625,0.06048734192362987,0.08759716633433234,147.69230769230768,2027.720703125,36.40108763149276,10,0.4032118055555556,0.0547425868938457,0.09309668193603894,148.80516684607105
18,16,2,1,ecg_only,2038.2275390625,37.97454924074197,10,0.4118923611111111,0.04745414478679379,0.08966311664951586,145.6691253951528,2042.4892578125,34.33545853385983,10,0.42578125,0.07857940765424277,0.12627523340034855,140.91743119266056
18,16,3,1,ecg_only,2046.2421875,38.71871137886492,10,0.4353298611111111,0.05123366548446212,0.08006621481550638,137.82652043868396,2048.359375,35.49609009608488,10,0.4375,0.05567072480841654,0.08142446713154622,137.14285714285714
18,16,4,1,ecg_only,2050.3564453125,38.48194708466162,9,0.4375,0.04654834096801947,0.0890394902920789,137.14285714285714,2051.2119140625,36.86547830786432,9,0.4375,0.05872381397801917,0.10941485243345948,137.14285714285714
18,16,5,1,ecg_only,2062.0361328125,39.05647032320459,9,0.4580078125,0.08919924227131834,0.11854680394916811,131.00213219616205,2060.75390625,36.73516899363893,10,0.4210069444444444,0.058630711079056534,0.11188355141462232,142.51546391752578
18,16,6,1,ecg_only,2071.513671875,39.9460061436664,10,0.4270833333333333,0.04927314564693881,0.09970507045390796,140.4878048780488,2071.796875,36.883920398791325,10,0.4262152777777778,0.06589222123037619,0.08432434822235509,140.77393075356414
18,16,7,1,ecg_only,2089.15625,42.83868952608728,9,0.42822265625,0.04110562577181831,0.07554327971020983,140.11402508551882,2086.1845703125,38.801831718840845,9,0.42822265625,0.04309894604024875,0.0697209741032834,140.11402508551882
18,16,8,1,ecg_only,2096.7158203125,38.31079604325277,9,0.447265625,0.07523968861038369,0.108554800954485,134.14847161572052,2094.06640625,35.192876537162476,10,0.41796875,0.03546832935384436,0.0631527195868154,143.55140186915887
18,16,9,1,ecg_only,2070.548828125,40.78903851145806,10,0.4149305555555556,0.04120750330353445,0.0726866955700328,144.60251046025104,2071.0380859375,39.93331250846672,10,0.4144965277777778,0.0415217386913243,0.06109567312350411,144.75392670157066
18,16,10,1,ecg_only,2054.91796875,38.72513200750933,10,0.421875,0.04885849749816073,0.09735304492641877,142.22222222222223,2053.712890625,36.70622911314627,10,0.4205729166666667,0.054594414826137055,0.10533302899409241,142.6625386996904
18,17,1,0,ecg_only,2051.4580078125,38.101890977104915,10,0.40234375,0.04941058844013093,0.09698991420261825,149.126213592233,2052.890625,36.92065169365751,10,0.4036458333333333,0.04009063624567878,0.07705567009601119,148.6451612903226
18,17,2,0,ecg_only,2056.2578125,38.83425740682888,10,0.4340277777777778,0.08094821685329699,0.12696814814957036,138.24,2056.9921875,36.78280234484376,10,0.43359375,0.07445822112237394,0.10647666539405477,138.3783783783784
18,17,3,0,ecg_only,2063.337890625,39.11035930448015,10,0.4153645833333333,0.053242313281929354,0.10493390137237137,144.45141065830722,2064.931640625,35.8935766206274,10,0.41796875,0.05198558535853419,0.09010872948767401,143.55140186915887
18,17,4,0,ecg_only,2058.888671875,40.79616954811547,10,0.4214409722222222,0.0522926926452397,0.09531370068403565,142.3686920700309,2057.337890625,38.045653725827044,10,0.4231770833333333,0.0720982718745163,0.1158616402340929,141.7846153846154
18,17,5,0,ecg_only,2045.3115234375,38.794475786964675,9,0.46875,0.08421117631761757,0.12057962576469365,128.0,2043.77734375,35.1845196669549,9,0.48095703125,0.08857023488835689,0.13839848238855568,124.751269035533
18,17,6,0,ecg_only,2055.1259765625,43.27208554851731,10,0.4275173611111111,0.04791635215275202,0.0923148617038787,140.3451776649746,2055.4140625,41.277174258251904,10,0.43359375,0.047271184532998306,0.07966020902161372,138.3783783783784
18,17,7,0,ecg_only,2052.1044921875,44.517770101615056,10,0.41796875,0.05282672597682499,0.10230162241256092,143.55140186915887,2049.3798828125,43.42042408949119,10,0.4175347222222222,0.04649164875267691,0.0821358150520089,143.7006237006237
18,17,8,0,ecg_only,2037.134765625,38.30433490613456,10,0.4223090277777778,0.06913178312805555,0.0937805126126875,142.0760534429599,2038.19921875,35.66112969697747,10,0.4149305555555556,0.06192163432323797,0.10080849922315578,144.60251046025104
18,17,9,0,ecg_only,2045.27734375,42.52036775704481,10,0.4301215277777778,0.05057867059707367,0.08005430285905936,139.4954591321897,2050.6689453125,39.64351367161322,9,0.439453125,0.0684708911834301,0.1237908876806684,136.53333333333333
18,17,10,0,ecg_only,2054.5146484375,42.90396002029741,9,0.4453125,0.054757210034672606,0.09019486901881629,134.73684210526315,2055.353515625,40.294957754697805,9,0.44580078125,0.06584197007839081,0.11465834767189093,134.58926615553122
18,18,1,0,ecg_only,2053.3798828125,42.520712158738206,10,0.4010416666666667,0.0446141710911766,0.08868994171674006,149.6103896103896,2057.927734375,36.22176503229023,10,0.3993055555555556,0.03502472396151392,0.05137869702330432,150.26086956521738
18,18,2,0,ecg_only,2056.943359375,41.940675117832804,10,0.4318576388888889,0.05512323652207125,0.11064931483756886,138.93467336683418,2061.17578125,34.546311186248936,10,0.4188368055555556,0.046540246308195116,0.0656261625641072,143.2538860103627
18,18,3,0,ecg_only,2039.4970703125,40.65016037227813,9,0.44921875,0.04756170180424188,0.08016314628506936,133.56521739130434,2045.8994140625,32.43489030398711,9,0.45556640625,0.08697302029454464,0.13495352777752131,131.70418006430867
18,18,4,0,ecg_only,2028.650390625,42.7506720506814,10,0.4357638888888889,0.05869814516945895,0.10374569068140102,137.68924302788844,2034.560546875,36.06247625234473,10,0.4353298611111111,0.07356738825315488,0.11729324655953796,137.82652043868396
18,18,5,0,ecg_only,2039.2216796875,44.28283429054254,9,0.44580078125,0.05798635374869967,0.11799387740907062,134.58926615553122,2039.6005859375,38.11093028868722,9,0.44580078125,0.06972512636388664,0.116272469266697,134.58926615553122
18,18,6,0,ecg_only,2052.845703125,39.937544271955,9,0.47265625,0.0803159577927816,0.08949125337597844,126.94214876033058,2051.482421875,34.94719347293172,9,0.45751953125,0.0820414218953829,0.10014681257074715,131.1419423692636
18,18,7,0,ecg_only,2047.1572265625,39.5245879579477,9,0.48583984375,0.10443170526158602,0.14986973510352247,123.49748743718592,2049.326171875,34.086044881416775,9,0.45703125,0.08773858377037579,0.11437281967574446,131.28205128205127
18,18,8,0,ecg_only,2046.3203125,44.431334592293574,10,0.4075520833333333,0.05308285705895705,0.1085435051252852,147.22044728434506,2049.4296875,38.99477801452835,10,0.4105902777777778,0.04036224978320371,0.06816378268209042,146.1310782241015
18,18,9,0,ecg_only,2059.1513671875,43.185075208769156,10,0.4171006944444444,0.05052277225183514,0.08846384255971299,143.85015608740895,2062.416015625,37.18438507626227,10,0.4066840277777778,0.044478848175197656,0.07182881073606755,147.53468516542156
18,18,10,0,ecg_only,2064.3662109375,40.631846429085094,10,0.4223090277777778,0.04966537209155172,0.09115048351232839,142.0760534429599,2067.619140625,34.78319380299162,10,0.4266493055555556,0.06316856441221132,0.08513474499102879,140.63072227873855
19,1,1,0,ecg_only,2048.091796875,67.73735302776998,11,0.391015625,0.03411880738798068,0.05295494637412176,153.44655344655345,2043.591796875,56.21003242490383,11,0.38515625,0.023901653969966182,0.04203128226971087,155.78093306288034
19,1,2,0,ecg_only,2060.666015625,67.18264355517915,10,0.42578125,0.05702470948035987,0.07561898704142946,140.91743119266056,2054.775390625,54.455528908951585,10,0.4357638888888889,0.06598649790720144,0.08878666509906802,137.68924302788844
19,1,3,0,ecg_only,2049.6904296875,60.365042416195806,9,0.47998046875,0.08333317438746235,0.16060477264593287,125.00508646998983,2049.869140625,47.02952099026711,9,0.47509765625,0.0833903753238662,0.16532649777018613,126.28982528263104
19,1,4,0,ecg_only,2045.474609375,59.897579737758704,9,0.4775390625,0.0896684345888847,0.13559004754517778,125.6441717791411,2044.9951171875,46.867801276256195,9,0.478515625,0.07388390749756929,0.1267920509765822,125.38775510204081
19,1,5,0,ecg_only,2050.8623046875,65.41821278083356,10,0.4214409722222222,0.04863048349107396,0.08016144674309036,142.3686920700309,2048.8544921875,50.92326602633615,10,0.4214409722222222,0.06188511674526936,0.08536966162505602,142.3686920700309
19,1,6,0,ecg_only,2051.1533203125,65.32963986158407,10,0.4249131944444444,0.05249762886877973,0.09855059227767862,141.2053115423902,2050.0078125,50.4790521364045,10,0.4131944444444444,0.05259442520729552,0.09159927202626769,145.21008403361344
19,1,7,0,ecg_only,2050.5380859375,63.08397889489347,10,0.4236111111111111,0.05992727636837919,0.06029433218919192,141.63934426229508,2050.359375,47.34606790943019,10,0.4166666666666667,0.0660093325814405,0.09078355270853203,144.0
19,1,8,0,ecg_only,2050.93359375,64.35553015930303,9,0.4384765625,0.05144362184010126,0.08794331258076746,136.83741648106906,2053.341796875,48.62052488940489,9,0.4384765625,0.06535676906934425,0.11886815667736671,136.83741648106906
19,1,9,0,ecg_only,2049.0380859375,60.264047203941296,9,0.45458984375,0.07090509556805243,0.07887475060805038,131.98711063372718,2050.8916015625,47.17167540713651,10,0.4388020833333333,0.07547592055307,0.12755267083793512,136.7359050445104
19,1,10,0,ecg_only,2050.603515625,58.12865434869778,9,0.4853515625,0.10189530059190582,0.1252613061175232,123.62173038229376,2054.3779296875,45.381743873101726,9,0.48291015625,0.10980901437523935,0.1692293332826894,124.24671385237613
19,2,1,1,ecg_only,2049.763671875,66.04421761416614,10,0.4192708333333333,0.037782859709757574,0.06976785585738965,143.10559006211182,2050.640625,50.0310621287853,10,0.4301215277777778,0.05170580767998413,0.08117813453367347,139.4954591321897
19,2,2,1,ecg_only,2051.73046875,65.92701049099885,10,0.4084201388888889,0.04840917879721766,0.05759235428822942,146.90754516471839,2051.3466796875,49.62407438438298,10,0.4118923611111111,0.05594751057056256,0.06355914099716008,145.6691253951528
19,2,3,1,ecg_only,2052.62109375,66.04677692782374,10,0.4262152777777778,0.0978807219534632,0.1265920345554594,140.77393075356414,2052.2744140625,49.47347665400929,10,0.4223090277777778,0.08694650015873781,0.10456973611860203,142.0760534429599
19,2,4,1,ecg_only,2050.4150390625,64.53378935983149,10,0.41796875,0.04603559773349919,0.06788338748821393,143.55140186915887,2052.296875,47.3795733899048,10,0.4314236111111111,0.06325796658613565,0.10057171471047259,139.07444668008048
19,2,5,1,ecg_only,2056.0859375,66.01531573522233,9,0.443359375,0.0646599428017455,0.11454422188282162,135.33039647577093,2055.54296875,49.61988431376602,9,0.443359375,0.07074519639169857,0.12288955007590004,135.33039647577093
19,2,6,1,ecg_only,2057.8203125,60.28275608457483,9,0.46044921875,0.09384023774008786,0.17404274221027266,130.30752916224813,2056.802734375,46.79274191205505,9,0.44970703125,0.09324893564225324,0.12650806258714728,133.42019543973942
19,2,7,1,ecg_only,2058.9326171875,65.22624650395024,10,0.4010416666666667,0.05817267683252259,0.06321309504954008,149.6103896103896,2057.5771484375,50.08919685789134,10,0.4032118055555556,0.06394217659966284,0.08060043078891933,148.80516684607105
19,2,8,1,ecg_only,2055.5625,65.83694939963425,11,0.376171875,0.027122430213812422,0.03964410767614148,159.50155763239877,2056.3154296875,50.290398058921184,10,0.4149305555555556,0.10301738679963054,0.1311432904195648,144.60251046025104
19,2,9,1,ecg_only,2048.46875,65.44946016536348,10,0.4019097222222222,0.04164405491774647,0.07898694435113747,149.28725701943844,2050.3720703125,50.44030004242695,10,0.4071180555555556,0.02723675605857158,0.04987166146407697,147.3773987206823
19,2,10,1,ecg_only,2049.421875,65.36906753376842,10,0.4275173611111111,0.08821768066605903,0.12092036478253208,140.3451776649746,2051.32421875,50.100449483534064,10,0.4240451388888889,0.0734982182664911,0.09444929621582186,141.49437052200614
19,3,1,1,ecg_only,2051.076171875,59.81067181925362,10,0.4262152777777778,0.06105769741939956,0.0974607417958957,140.77393075356414,2053.77734375,42.98227326258275,9,0.47412109375,0.10349604583410855,0.15585888549421878,126.54994850669414
19,3,2,1,ecg_only,2056.3359375,64.68391020760954,9,0.43408203125,0.032119109448620474,0.06369189951332957,138.22272215973004,2055.791015625,47.36905550336639,9,0.4345703125,0.06532757890751784,0.1316585902058806,138.06741573033707
19,3,3,1,ecg_only,2049.041015625,63.424462001805786,9,0.4658203125,0.07041415178070452,0.10014681257074715,128.80503144654088,2049.3505859375,46.90575178416744,10,0.4409722222222222,0.05388940345544707,0.1017782414114367,136.06299212598427
19,3,4,1,ecg_only,2045.8916015625,58.980192051791825,9,0.46484375,0.05647200115156625,0.07068354479271881,129.07563025210084,2047.255859375,42.89074698119892,9,0.49462890625,0.09463968914313063,0.16946746248951133,121.30306021717671
19,3,5,1,ecg_only,2055.0927734375,58.75041710725801,10,0.44140625,0.05929842467049844,0.10071385222151358,135.92920353982302,2055.923828125,42.56126166739491,9,0.453125,0.059144546600495,0.10828337582947249,132.41379310344828
19,3,6,1,ecg_only,2055.2099609375,65.39136878608082,9,0.44775390625,0.05185675610454749,0.08568347195388051,134.0021810250818,2057.33984375,47.41006838584591,9,0.44775390625,0.06995725961769639,0.10671183765001359,134.0021810250818
19,3,7,1,ecg_only,2053.65234375,64.46347253586201,10,0.4305555555555556,0.05877511796419678,0.0840865112954268,139.3548387096774,2052.087890625,47.09440412870766,10,0.4305555555555556,0.08253149753551821,0.13787181174775856,139.3548387096774
19,3,8,1,ecg_only,2051.2578125,58.13477687851604,9,0.4736328125,0.06923958974874286,0.08759561102834189,126.68041237113403,2050.0126953125,42.12011788939509,9,0.4697265625,0.08204868676287097,0.11348311754948398,127.73388773388774
19,3,9,1,ecg_only,2051.099609375,58.26992885890983,9,0.4541015625,0.03845970442874066,0.06405024926417985,132.1290322580645,2053.4638671875,42.31139980897419,9,0.4384765625,0.04583606133867709,0.08631714034024678,136.83741648106906
19,3,10,1,ecg_only,2056.08203125,64.26816916443958,10,0.4340277777777778,0.03748753972515484,0.06312251019996996,138.24,2058.3076171875,45.972033157164745,10,0.4344618055555556,0.058976693581468856,0.10778525187826457,138.1018981018981
19,4,1,1,ecg_only,2050.03125,61.06183629373178,10,0.4318576388888889,0.0257872409331822,0.032093118603818326,138.93467336683418,2053.6884765625,47.80806376502178,10,0.4318576388888889,0.06647288096901614,0.1077232986963881,138.93467336683418
19,4,2,1,ecg_only,2056.53515625,67.71838756230161,9,0.4560546875,0.06835239919764498,0.13482424643755794,131.56316916488223,2059.2802734375,53.13965387530984,9,0.4560546875,0.03806088919903335,0.06950177445062618,131.56316916488223
19,4,3,1,ecg_only,2054.0263671875,68.05783879876677,9,0.46142578125,0.059704239180710286,0.10801126863335007,130.03174603174602,2055.8115234375,53.2832809732367,9,0.46142578125,0.048531815780417036,0.09229715028587208,130.03174603174602
19,4,4,1,ecg_only,2050.0068359375,61.77615962960516,8,0.49888392857142855,0.06999289607265695,0.08617391722799113,120.26845637583894,2048.97265625,48.537087486728495,8,0.49441964285714285,0.09351386609537964,0.14656681707838778,121.35440180586907
19,4,5,1,ecg_only,2051.0166015625,61.34702708526814,8,0.51171875,0.10518936209199782,0.17324560048075535,117.25190839694656,2051.142578125,48.249040465622436,8,0.5094866071428571,0.09793169063979687,0.16210545301480583,117.76560788608982
19,4,6,1,ecg_only,2049.3642578125,60.741762010856526,9,0.49609375,0.0920873065166116,0.16448712057429124,120.94488188976378,2053.1572265625,47.20551897814009,9,0.49169921875,0.0819949115011716,0.07999982561364923,122.025819265144
19,4,7,1,ecg_only,2050.2822265625,61.08249925596463,9,0.48291015625,0.05074132670435188,0.07959005772046172,124.24671385237613,2054.0478515625,47.21640934876842,9,0.48046875,0.04597110271851492,0.08366256346580377,124.8780487804878
19,4,8,1,ecg_only,2054.046875,61.34897734668749,9,0.45458984375,0.07236947510604194,0.13821723447620415,131.98711063372718,2056.7900390625,47.539044996899385,9,0.466796875,0.07061026360361414,0.1278535206396576,128.53556485355648
19,4,9,1,ecg_only,2051.5244140625,63.44937842645547,9,0.45654296875,0.10196430247337465,0.1965917924744153,131.42245989304814,2053.5078125,50.37498000833195,9,0.4873046875,0.11831730765415237,0.15213613371189494,123.12625250501002
19,4,10,1,ecg_only,2052.7314453125,63.01526002142118,8,0.48828125,0.09595618419734231,0.18928189749352684,122.88,2055.2373046875,49.70242832898399,8,0.48716517857142855,0.108186992852712,0.17721492889182733,123.16151202749141
19,5,1,1,ecg_only,2054.6064453125,63.65514080296616,9,0.45458984375,0.06206936297161546,0.10071114671447566,131.98711063372718,2057.9501953125,51.87939043884,9,0.48828125,0.10232958513616981,0.14331200256128235,122.88
19,5,2,1,ecg_only,2050.783203125,63.00581160488285,9,0.45849609375,0.07467830329998565,0.11014952170434708,130.8626198083067,2053.8232421875,51.0132968155188,9,0.4541015625,0.0949980002744918,0.1412128091841479,132.1290322580645
19,5,3,1,ecg_only,2054.287109375,64.04017591096067,9,0.46533203125,0.07680619052335534,0.13619958827390832,128.9401888772298,2056.28125,52.247859929259306,8,0.49051339285714285,0.09687988590378083,0.1685204722780675,122.32081911262799
19,5,4,1,ecg_only,2051.6083984375,64.90601654818872,9,0.47900390625,0.1284606630549393,0.2486842819124532,125.25993883792049,2052.0439453125,53.371953792436805,9,0.4736328125,0.11008332997586065,0.1433424200512909,126.68041237113403
19,5,5,1,ecg_only,2046.8203125,61.500706118119844,9,0.47314453125,0.08527884801247587,0.14248062652217594,126.81114551083591,2047.67578125,49.01986960995662,9,0.47265625,0.09556351424003959,0.1462926572786916,126.94214876033058
19,5,6,1,ecg_only,2054.0986328125,61.11693963731167,9,0.46728515625,0.09933973730382406,0.18200777745658975,128.40125391849529,2055.7978515625,48.36986361694352,9,0.4716796875,0.04206026458468365,0.04813684774152823,127.20496894409938
19,5,7,1,ecg_only,2053.9990234375,62.74038925890423,9,0.47265625,0.07001347003490203,0.10985227499432396,126.94214876033058,2055.7353515625,50.677184526343105,9,0.47265625,0.10012504389043982,0.1832312625932536,126.94214876033058
19,5,8,1,ecg_only,2051.8232421875,69.13409048807412,9,0.48388671875,0.04485548337759929,0.0785562872230911,123.99596367305752,2053.3115234375,56.24492706311733,9,0.484375,0.11101930852439307,0.20934001573397285,123.87096774193549
19,5,9,1,ecg_only,2055.0849609375,68.81180182716915,9,0.46826171875,0.08652228016649793,0.15859017633200947,128.13347236704902,2055.1357421875,55.36664133299069,9,0.4677734375,0.08395598175567119,0.1505445495919077,128.26722338204593
19,5,10,1,ecg_only,2050.8857421875,62.54193617957301,8,0.49609375,0.09733205114865078,0.1835660440087459,120.94488188976378,2051.5849609375,50.25651590604048,8,0.49386160714285715,0.1241049347825156,0.2241872164963127,121.49152542372882
19,6,1,0,ecg_only,2047.716796875,62.816447878839746,9,0.4580078125,0.0699521473400243,0.11018909401448104,131.00213219616205,2050.57421875,52.98389679612239,9,0.44873046875,0.09507200824806078,0.13306665545329824,133.71055495103374
19,6,2,0,ecg_only,2053.2451171875,68.39637374160922,9,0.46923828125,0.08641198689349665,0.15027643798180737,127.86680541103017,2054.4560546875,56.74389097127116,9,0.46923828125,0.10903332339125141,0.18198382276084812,127.86680541103017
19,6,3,0,ecg_only,2055.521484375,68.19567382940527,9,0.470703125,0.08721528735064886,0.17289924117949862,127.4688796680498,2056.4931640625,56.55359004537164,9,0.47021484375,0.08825742687064442,0.14109698817673128,127.601246105919
19,6,4,0,ecg_only,2053.7431640625,63.104076453020916,8,0.5178571428571429,0.10078378368512618,0.18569415755413413,115.86206896551722,2054.474609375,52.7830663157339,8,0.515625,0.12938729237669142,0.22768221869160826,116.36363636363636
19,6,5,0,ecg_only,2052.1064453125,62.47114488172077,9,0.4658203125,0.1294194035647011,0.22786724063076413,128.80503144654088,2052.255859375,51.66658967945557,8,0.5267857142857143,0.13668571940648508,0.26918663809019583,113.89830508474576
19,6,6,0,ecg_only,2051.14453125,63.36582010510693,9,0.451171875,0.08026844760950984,0.11695475399070696,132.98701298701297,2050.525390625,53.55118882028822,9,0.44921875,0.08526906231618388,0.14679097377992603,133.56521739130434
19,6,7,0,ecg_only,2053.23046875,67.27115148156209,8,0.5161830357142857,0.09431629031921836,0.17625803394810122,116.23783783783784,2053.66796875,59.26337458961499,8,0.5128348214285714,0.09285553312478344,0.17248795766767192,116.99673558215453
19,6,8,0,ecg_only,2049.2001953125,66.8482274093663,8,0.5474330357142857,0.061211201789295046,0.08970210755025956,109.60244648318043,2052.890625,58.553225569641974,8,0.55078125,0.09976517489970063,0.15277716125980403,108.93617021276596
19,6,9,0,ecg_only,2048.9482421875,62.936974433287986,9,0.4921875,0.07529037213826711,0.07832006896782587,121.9047619047619,2052.51171875,53.151903659896305,9,0.4951171875,0.1061672112547253,0.1810892529177848,121.18343195266272
19,6,10,0,ecg_only,2052.056640625,61.30694670030958,9,0.4609375,0.048475287679651785,0.052178577348867855,130.16949152542372,2054.3037109375,51.1172685349965,9,0.45751953125,0.08280507180349424,0.14164437083830253,131.1419423692636
19,7,1,1,ecg_only,2047.1484375,58.109603450579435,9,0.47509765625,0.08745415712817214,0.1625072435713856,126.28982528263104,2051.443359375,45.042305578640175,9,0.49560546875,0.10505992632543978,0.17570682948438673,121.06403940886699
19,7,2,1,ecg_only,2051.5,58.867601711382804,9,0.45458984375,0.06277215829339886,0.10107843088833648,131.98711063372718,2056.4599609375,45.575554954092155,9,0.48681640625,0.12212791609625806,0.1877323708910031,123.24974924774322
19,7,3,1,ecg_only,2050.8173828125,57.63295473316746,8,0.5066964285714286,0.08870135222643716,0.18178407753803458,118.41409691629956,2055.7119140625,43.76354717319101,8,0.4955357142857143,0.14231114269830364,0.2352414539715878,121.08108108108108
19,7,4,1,ecg_only,2049.3046875,59.79717457708469,8,0.49888392857142855,0.07958223214080361,0.1471469390768544,120.26845637583894,2052.0849609375,46.73441008856963,8,0.5111607142857143,0.13538779086100022,0.26047199932986237,117.37991266375545
19,7,5,1,ecg_only,2046.28125,60.106196708929275,8,0.5094866071428571,0.09038456074876643,0.17910628373230192,117.76560788608982,2048.6923828125,46.860290406467335,8,0.4921875,0.16032629257013872,0.2658594630044423,121.9047619047619
19,7,6,1,ecg_only,2048.453125,60.08652412029984,9,0.47509765625,0.0997230031281914,0.15498933395041367,126.28982528263104,2050.017578125,46.80769838936242,9,0.4892578125,0.14037725029328058,0.23988591707039694,122.63473053892216
19,7,7,1,ecg_only,2053.9384765625,62.27916551346958,10,0.4409722222222222,0.08712181970079823,0.12795577620436874,136.06299212598427,2051.7890625,50.17613933431002,9,0.44873046875,0.11222292370047145,0.18825994618656844,133.71055495103374
19,7,8,1,ecg_only,2052.958984375,59.95231077880573,10,0.4327256944444444,0.07011396009134956,0.09295315651789683,138.65596790371114,2050.48828125,47.13040688659391,10,0.4427083333333333,0.08339434615419747,0.12379639035387274,135.52941176470588
19,7,9,1,ecg_only,2053.3251953125,60.474141474445325,9,0.48046875,0.06866560871580839,0.1233145296154744,124.8780487804878,2053.6162109375,47.860414828101995,9,0.4677734375,0.09729915178954462,0.1588785597977048,128.26722338204593
19,7,10,1,ecg_only,2053.3896484375,60.18783692040821,9,0.46435546875,0.08643405680718372,0.12039871099548782,129.21135646687696,2055.3837890625,47.71337939344692,8,0.5178571428571429,0.11563060176722692,0.2184242366025727,115.86206896551722
19,8,1,1,ecg_only,2050.111328125,59.75865611816069,9,0.45361328125,0.06449565062533257,0.09706292975482085,132.2712594187298,2051.1162109375,44.08883489281051,10,0.4153645833333333,0.05669672150280532,0.09529368730834333,144.45141065830722
19,8,2,1,ecg_only,2045.01171875,58.70950947926493,9,0.462890625,0.052950944186429524,0.07297477223542737,129.62025316455697,2049.0380859375,42.27816085639091,9,0.4775390625,0.11564330909726184,0.1759114101437141,125.6441717791411
19,8,3,1,ecg_only,2047.9833984375,60.3256682335606,8,0.48325892857142855,0.12373301618921528,0.2487558560345029,124.15704387990763,2050.953125,44.153405229487966,8,0.5184151785714286,0.12899439433838605,0.21996731602032948,115.73735199138858
19,8,4,1,ecg_only,2052.0703125,59.045822194735706,9,0.42919921875,0.1121209009074048,0.19061310706460202,139.79522184300342,2054.3916015625,43.66399993591686,8,0.48995535714285715,0.14014142336486238,0.21552920955005342,122.46013667425967
19,8,5,1,ecg_only,2054.8330078125,59.57112709964294,9,0.4794921875,0.1033819523126007,0.1883294062600867,125.13238289205702,2053.560546875,44.573940568744064,9,0.4892578125,0.11635036279009497,0.19384493281979467,122.63473053892216
19,8,6,1,ecg_only,2057.1220703125,59.25578279080706,10,0.4392361111111111,0.08359965401153743,0.10602788709484347,136.600790513834,2054.33203125,44.84549331732257,9,0.47705078125,0.11140412530571674,0.22700464861114944,125.77277379733879
19,8,7,1,ecg_only,2059.212890625,64.5193435583995,9,0.45361328125,0.08800854719442004,0.13568647286082247,132.2712594187298,2057.5673828125,49.649743423874604,9,0.45361328125,0.07811126588263748,0.14739856104450638,132.2712594187298
19,8,8,1,ecg_only,2059.3291015625,64.66562200059673,10,0.4197048611111111,0.05904373252515074,0.0936889449625895,142.95760082730092,2056.345703125,49.44725351295424,10,0.41015625,0.04199092577238828,0.04919781921019531,146.28571428571428
19,8,9,1,ecg_only,2051.6162109375,59.07850453543154,10,0.4184027777777778,0.05847628400381698,0.0964278205963452,143.40248962655602,2051.6826171875,44.58686056830902,10,0.4140625,0.056216232148236726,0.09332177590156476,144.9056603773585
19,8,10,1,ecg_only,2043.37109375,59.1128669532168,9,0.4541015625,0.05993739358616075,0.11440140454385664,132.1290322580645,2047.16796875,44.758216657659894,9,0.4541015625,0.08411486047909708,0.14516331387548473,132.1290322580645
19,9,1,0,ecg_only,2043.869140625,65.3611546109306,9,0.47802734375,0.07006623268222913,0.12694668596308029,125.51583248212462,2047.607421875,48.13557294159665,9,0.47802734375,0.10849846700824693,0.16648927967150232,125.51583248212462
19,9,2,0,ecg_only,2036.1845703125,58.63814248517976,9,0.48095703125,0.09010740652856296,0.1501893800785956,124.751269035533,2041.2978515625,42.42410681598631,9,0.48095703125,0.10335773446532055,0.17342794777427434,124.751269035533
19,9,3,0,ecg_only,2045.9287109375,59.6250965989328,9,0.46533203125,0.11484370847947804,0.20373042501553107,128.9401888772298,2048.6640625,43.072799447517845,9,0.46240234375,0.12008046154759482,0.1784885759243181,129.75712777191129
19,9,4,0,ecg_only,2055.2236328125,63.24079561922567,9,0.47705078125,0.07433270189276528,0.1260246784842301,125.77277379733879,2056.4912109375,45.732342913712394,9,0.4765625,0.09728444847978338,0.15023291533630848,125.90163934426229
19,9,5,0,ecg_only,2056.6015625,60.00141142138736,9,0.44384765625,0.10021905747816393,0.1642351345129359,135.18151815181517,2058.4189453125,44.68290265316964,8,0.5050223214285714,0.13145502238922652,0.22360224841175383,118.80662983425415
19,9,6,0,ecg_only,2057.9384765625,60.531428465336404,8,0.5284598214285714,0.15183084281856207,0.30040899583508784,113.5374868004224,2060.380859375,44.96258714766616,8,0.5245535714285714,0.1482569726609917,0.24513080452714425,114.38297872340426
19,9,7,0,ecg_only,2055.15625,59.23088595962836,9,0.47998046875,0.12892751807268235,0.205291927241733,125.00508646998983,2058.6279296875,42.86430762732621,9,0.4775390625,0.10625700086080725,0.16286901139152218,125.6441717791411
19,9,8,0,ecg_only,2053.927734375,53.07376805734113,10,0.4340277777777778,0.10216906948604877,0.17012380243310127,138.24,2055.7392578125,38.46436284178067,10,0.4283854166666667,0.08932329628199216,0.1426516826521039,140.06079027355622
19,9,9,0,ecg_only,2055.0078125,51.943591113002995,9,0.482421875,0.10042937603267532,0.19515618744994995,124.37246963562752,2055.4384765625,37.24609517105972,9,0.47705078125,0.11714578521870446,0.22413940544843244,125.77277379733879
19,9,10,0,ecg_only,2048.701171875,59.916759956014886,9,0.48193359375,0.1183042089234319,0.2156033649213337,124.4984802431611,2050.9814453125,43.498682714664724,9,0.48681640625,0.11926763049937952,0.21390317650145058,123.24974924774322
19,10,1,0,ecg_only,2049.9453125,59.174488220451416,9,0.47802734375,0.12411087438260456,0.2248288427004966,125.51583248212462,2057.21875,49.1925525518091,9,0.47607421875,0.09145209312150111,0.1479005207380901,126.03076923076924
19,10,2,0,ecg_only,2055.0439453125,59.520947455471585,9,0.4384765625,0.13832414037346696,0.23939471984933391,136.83741648106906,2059.2783203125,49.57713449127682,9,0.43896484375,0.1369826902605956,0.20600740772319415,136.68520578420467
19,10,3,0,ecg_only,2056.9765625,60.4528276638785,10,0.4131944444444444,0.09322003304628085,0.13057484225037738,145.21008403361344,2058.248046875,50.71241484708456,10,0.4131944444444444,0.08830732195858344,0.1081121289304535,145.21008403361344
19,10,4,0,ecg_only,2053.0361328125,59.51271580811416,8,0.5184151785714286,0.12086337327083675,0.21449427068093896,115.73735199138858,2057.1923828125,50.31278241949013,9,0.46044921875,0.12593397263350678,0.21609820455588424,130.30752916224813
19,10,5,0,ecg_only,2048.9208984375,61.5064195135785,10,0.4266493055555556,0.07838017739657864,0.08312835916027507,140.63072227873855,2057.4833984375,52.722572454908935,11,0.384375,0.048701398048464684,0.060780937588457325,156.09756097560975
19,10,6,0,ecg_only,2046.369140625,54.35346614590439,11,0.37734375,0.0315512820411073,0.04263204568683568,159.00621118012424,2055.939453125,45.86759398339886,9,0.45654296875,0.09232390059708245,0.07049826650604356,131.42245989304814
19,10,7,0,ecg_only,2048.974609375,51.230401548457166,10,0.3893229166666667,0.04117549036677577,0.06384359034641075,154.11371237458192,2056.4033203125,42.233012819215546,8,0.5340401785714286,0.08921593255228277,0.11141375544493486,112.35109717868337
19,10,8,0,ecg_only,2053.9013671875,58.7306736670098,10,0.4084201388888889,0.09465189570694403,0.15037794183531372,146.90754516471839,2059.865234375,48.97262271643534,10,0.4084201388888889,0.09366154520481883,0.07858749819816684,146.90754516471839
19,10,9,0,ecg_only,2053.6748046875,59.02620172598122,10,0.4283854166666667,0.0943987966687076,0.10945344564103641,140.06079027355622,2062.4677734375,49.439662331458834,10,0.4283854166666667,0.10146229030613622,0.1424576760063318,140.06079027355622
19,10,10,0,ecg_only,2052.1494140625,52.41663898635077,9,0.48583984375,0.14501788719606806,0.2222005439962561,123.49748743718592,2061.4697265625,43.55623454677851,9,0.453125,0.1189483592076962,0.16427494748297963,132.41379310344828
19,11,1,1,ecg_only,2049.962890625,58.64672263664259,10,0.4188368055555556,0.10092242510599263,0.12551012850921012,143.2538860103627,2059.076171875,47.7300356926376,10,0.4079861111111111,0.09497376752118561,0.11347471357142606,147.06382978723406
19,11,2,1,ecg_only,2053.58203125,58.292275342656026,9,0.46337890625,0.11316227420003551,0.175197443225417,129.4836670179136,2061.2412109375,46.98827377092215,10,0.43359375,0.10573365651386349,0.14801930193429905,138.3783783783784
19,11,3,1,ecg_only,2052.1328125,51.94607271213911,10,0.4340277777777778,0.08982382864216336,0.09450986005418131,138.24,2057.1865234375,42.26573040679367,10,0.4118923611111111,0.07491475350830354,0.10452412625202853,145.6691253951528
19,11,4,1,ecg_only,2055.044921875,51.434347693444565,9,0.47119140625,0.1131454179578581,0.19155424307828486,127.33678756476684,2060.537109375,41.56074467444354,10,0.4166666666666667,0.10428053671966628,0.1769600233202845,144.0
19,11,5,1,ecg_only,2056.859375,59.145607451943334,9,0.4609375,0.13747003402162325,0.23242773664577296,130.16949152542372,2060.5224609375,47.968958503195445,9,0.46142578125,0.13149097664047601,0.2248288427004966,130.03174603174602
19,11,6,1,ecg_only,2052.4892578125,58.43763270235549,9,0.42724609375,0.10886701054827295,0.15702236559799712,140.43428571428572,2056.921875,47.39004285827747,8,0.48828125,0.09540942086233263,0.1151736686848749,122.88
19,11,7,1,ecg_only,2050.259765625,58.77363971156685,11,0.3921875,0.07965685685331803,0.08570043058283507,152.98804780876492,2059.8408203125,47.0965706449481,10,0.4114583333333333,0.06994987509668382,0.08169340772798585,145.8227848101266
19,11,8,1,ecg_only,2050.9931640625,52.48987022947817,11,0.395703125,0.04835079184734853,0.06725610192783832,151.62882527147087,2060.93359375,41.166955758957464,11,0.37734375,0.02155174097520894,0.03457270324831186,159.00621118012424
19,11,9,1,ecg_only,2055.345703125,52.12790029676397,9,0.4375,0.07556852391466055,0.10134764361380795,137.14285714285714,2060.2421875,41.861610936690475,10,0.4079861111111111,0.09013786233044105,0.09877291256633033,147.06382978723406
19,11,10,1,ecg_only,2057.4931640625,58.8906059477652,11,0.374609375,0.01979894671480342,0.03234307903222453,160.16684045881127,2059.7353515625,47.99112141471617,9,0.4677734375,0.10129453080109925,0.11618807454422611,128.26722338204593
19,12,1,1,ecg_only,2056.9833984375,58.535335196576966,8,0.5318080357142857,0.10090421475264023,0.1550572968275894,112.82266526757608,2064.515625,48.343434367909516,8,0.5245535714285714,0.13198458940317037,0.23643302165828856,114.38297872340426
19,12,2,1,ecg_only,2056.5341796875,58.448585209558004,10,0.4283854166666667,0.10715125318458846,0.13418409404154427,140.06079027355622,2064.2646484375,47.65844544403467,8,0.5452008928571429,0.13223444883202018,0.21435787862872765,110.05117707267144
19,12,3,1,ecg_only,2054.1884765625,51.98026428388844,10,0.4084201388888889,0.09466980618408437,0.15455007903172013,146.90754516471839,2062.5537109375,41.809008704885514,10,0.4188368055555556,0.11206661099095,0.18176134261427898,143.2538860103627
19,12,4,1,ecg_only,2049.6689453125,51.819819790369635,10,0.3745659722222222,0.017120731704267377,0.028969525340217434,160.1853997682503,2058.1826171875,41.92539936482812,10,0.44140625,0.1286099815090182,0.1804712865081486,135.92920353982302
19,12,5,1,ecg_only,2055.3037109375,59.27407990621991,10,0.4266493055555556,0.08710884516876459,0.07956437715651828,140.63072227873855,2061.150390625,48.50014940219166,10,0.4262152777777778,0.10286366765884054,0.09957107106664755,140.77393075356414
19,12,6,1,ecg_only,2057.42578125,59.02441198628876,8,0.4921875,0.11489574563956417,0.17562927458098707,121.9047619047619,2064.0322265625,48.30061238494984,9,0.43115234375,0.09827804972618961,0.12875396849379744,139.16194790486975
19,12,7,1,ecg_only,2056.9443359375,59.53637467401459,10,0.44140625,0.12834605760782924,0.21034893292808587,135.92920353982302,2064.9296875,48.109118092647925,10,0.4409722222222222,0.10796217412886411,0.12029569434168638,136.06299212598427
19,12,8,1,ecg_only,2056.138671875,53.996620884885786,11,0.386328125,0.035649748119946444,0.06513020312708229,155.30839231547017,2061.94140625,43.715907300975246,10,0.41796875,0.09041747671488136,0.13156439048151836,143.55140186915887
19,12,9,1,ecg_only,2053.21875,52.033783722092515,9,0.43603515625,0.09429645225347968,0.16449374657363228,137.60358342665174,2057.85546875,41.80650425732548,10,0.4127604166666667,0.09700302360515195,0.1663312716206586,145.3627760252366
19,12,10,1,ecg_only,2050.6806640625,61.2739635611776,9,0.44091796875,0.12697472021857328,0.21891933815518347,136.0797342192691,2056.880859375,50.478409145757304,9,0.4404296875,0.13953229436024334,0.24975137609328815,136.23059866962305
19,13,1,1,ecg_only,2057.0380859375,56.9125864354614,9,0.4619140625,0.08431869323470682,0.13464628191397982,129.89429175475686,2057.7734375,51.786798487245704,9,0.4609375,0.08368861439698652,0.1270153521944507,130.16949152542372
19,13,2,1,ecg_only,2058.2529296875,62.0277588061239,9,0.44140625,0.06580031456219929,0.11527456547924425,135.92920353982302,2061.5927734375,55.756946618464454,9,0.44091796875,0.0707300293035998,0.11025831138193004,136.0797342192691
19,13,3,1,ecg_only,2056.4130859375,62.1125039671622,9,0.451171875,0.0933830709990775,0.14303795407444686,132.98701298701297,2060.95703125,54.94821878311001,9,0.45068359375,0.08701686993730884,0.156681880811259,133.1310942578548
19,13,4,1,ecg_only,2050.01953125,55.925187274208334,10,0.4279513888888889,0.1077053726131508,0.16674357864849793,140.20283975659228,2058.1416015625,48.49968254339401,8,0.5435267857142857,0.08266466154973753,0.1401267939829035,110.39014373716633
19,13,5,1,ecg_only,2051.6015625,48.69200714756575,10,0.4405381944444444,0.10426066360847817,0.1485723585581755,136.19704433497537,2060.607421875,41.89710451559596,9,0.48828125,0.09313764857473722,0.12296934561482183,122.88
19,13,6,1,ecg_only,2052.75390625,50.20958014030999,11,0.376171875,0.03779385193573982,0.06308052871765273,159.50155763239877,2059.322265625,43.94898556698372,10,0.4166666666666667,0.0727304168946299,0.09700957764209096,144.0
19,13,7,1,ecg_only,2049.775390625,56.81599222493313,10,0.4236111111111111,0.0760824820700015,0.05117411135380431,141.63934426229508,2054.6611328125,49.46065960656748,10,0.4045138888888889,0.07958938146617431,0.11245319664441236,148.3261802575107
19,13,8,1,ecg_only,2055.3984375,56.851484128020736,9,0.44384765625,0.0879326613883759,0.07410117566875084,135.18151815181517,2059.6796875,48.96466098016348,9,0.4453125,0.11995431666237569,0.1775579849799325,134.73684210526315
19,13,9,1,ecg_only,2057.8369140625,57.99568751350819,9,0.43994140625,0.1441736695163563,0.22260729411673197,136.38179800221977,2064.232421875,49.68033245859997,8,0.5005580357142857,0.13617443578402275,0.24308888040394128,119.86622073578596
19,13,10,1,ecg_only,2054.8935546875,57.28108290228064,9,0.458984375,0.11385227845148181,0.19065884506335617,130.72340425531914,2063.9892578125,48.72388004016006,8,0.5245535714285714,0.12023047495448319,0.19133315993953562,114.38297872340426
19,14,1,1,ecg_only,2050.5517578125,67.1328211868371,9,0.4501953125,0.08090158733607206,0.12860150666590603,133.2754880694143,2060.1650390625,62.35773737512731,9,0.4501953125,0.050884435430129014,0.09072500639688204,133.2754880694143
19,14,2,1,ecg_only,2050.265625,66.99814705635056,9,0.4912109375,0.09087280069284603,0.16828640022295324,122.14711729622266,2057.4609375,62.32507111705605,9,0.4912109375,0.04932365741864996,0.06556385331573444,122.14711729622266
19,14,3,1,ecg_only,2045.00390625,53.03089076534743,10,0.421875,0.0956122903681553,0.1312523251282144,142.22222222222223,2050.82421875,48.70003809369299,9,0.47216796875,0.12502193258512417,0.21699913144267421,127.07342295760083
19,14,4,1,ecg_only,2045.4970703125,53.43263858744888,10,0.41015625,0.10209529054121176,0.16850726719248546,146.28571428571428,2051.068359375,47.98086384951661,10,0.4118923611111111,0.07545595073646089,0.0912968429103144,145.6691253951528
19,14,5,1,ecg_only,2048.5048828125,60.959963612670755,9,0.4853515625,0.10750618140612819,0.16969883504301186,123.62173038229376,2052.48046875,54.280283970381674,9,0.455078125,0.12533524380573785,0.21538082221267735,131.84549356223175
19,14,6,1,ecg_only,2056.4716796875,60.925248597850626,11,0.35703125,0.008414320011147662,0.010971549183823384,168.05251641137855,2059.9638671875,53.081983163851,9,0.44580078125,0.09050869549027091,0.08672025819151816,134.58926615553122
19,14,7,1,ecg_only,2073.943359375,64.25445870688353,9,0.43310546875,0.12183864736035355,0.20775647908980996,138.53438556933483,2063.7373046875,54.602436835367435,9,0.43310546875,0.1324736817331228,0.23565498696073522,138.53438556933483
19,14,8,1,ecg_only,2074.8515625,67.44708166913965,10,0.4409722222222222,0.09625636302520216,0.16453846508990116,136.06299212598427,2059.0654296875,59.51817126847475,8,0.5680803571428571,0.14102524178936002,0.1553276814972879,105.6188605108055
19,14,9,1,ecg_only,2051.568359375,59.29811810985952,10,0.4409722222222222,0.0984162173250005,0.14149039278339715,136.06299212598427,2045.93359375,53.82621308628316,9,0.4853515625,0.1200933665404202,0.1235617593373278,123.62173038229376
19,14,10,1,ecg_only,2052.3212890625,56.56632666525923,9,0.44384765625,0.10697594766252785,0.18663187234679302,135.18151815181517,2052.880859375,52.38985343567469,10,0.4405381944444444,0.071360291370016,0.07258165693774236,136.19704433497537
19,15,1,1,ecg_only,2056.15625,62.01402468645701,8,0.4849330357142857,0.09348055987710079,0.13047498737585364,123.72842347525892,2057.556640625,53.47143216208632,8,0.48549107142857145,0.1161920947305362,0.19051397039762377,123.58620689655172
19,15,2,1,ecg_only,2062.1962890625,61.84860189641673,8,0.49776785714285715,0.1073200032960386,0.20425492020606362,120.53811659192824,2064.9716796875,52.60707253566197,8,0.49776785714285715,0.0689304002001109,0.12335135113497102,120.53811659192824
19,15,3,1,ecg_only,2058.24609375,62.7167957497528,9,0.47119140625,0.14998343694158872,0.2587661609644272,127.33678756476684,2062.89453125,53.225755643699166,9,0.46875,0.13017252111680963,0.1768198484024418,128.0
19,15,4,1,ecg_only,2060.0166015625,61.27221151611571,10,0.4275173611111111,0.11327542955460077,0.14204201434044303,140.3451776649746,2065.8837890625,51.14082474848744,11,0.391796875,0.0664762957781992,0.07949109442498539,153.1405782652044
19,15,5,1,ecg_only,2059.9296875,63.11765843369305,9,0.4873046875,0.1378821870205089,0.2557411378247404,123.12625250501002,2064.2021484375,53.12907296219007,9,0.4833984375,0.1207901625410746,0.2112782466058427,124.12121212121212
19,15,6,1,ecg_only,2053.7158203125,55.78810622877167,10,0.4092881944444444,0.10876531738569424,0.17527052541736196,146.59597030752917,2058.1591796875,46.89132063494893,9,0.4462890625,0.14123065647244126,0.21642075441336076,134.44201312910283
19,15,7,1,ecg_only,2056.04296875,55.311847713094195,9,0.4638671875,0.12748910296378949,0.24000855930142664,129.34736842105264,2060.732421875,46.46235753351331,9,0.46630859375,0.12556235654147713,0.22848342836370072,128.67015706806282
19,15,8,1,ecg_only,2059.826171875,61.82816297536228,9,0.48876953125,0.1289571025997137,0.24650528939739377,122.75724275724276,2064.9951171875,52.04346680512014,10,0.4318576388888889,0.10027075012886022,0.17095702120879955,138.93467336683418
19,15,9,1,ecg_only,2059.4619140625,63.133388324533676,9,0.4873046875,0.11589044567154455,0.23937650800298962,123.12625250501002,2064.6826171875,54.053104770566414,9,0.486328125,0.11275808612391452,0.22592660144629148,123.37349397590361
19,15,10,1,ecg_only,2053.6376953125,63.712186893489346,10,0.4375,0.1040526720000367,0.17961849048475895,137.14285714285714,2057.5166015625,54.49748881267946,10,0.4370659722222222,0.12583063380489778,0.21975043273119368,137.27904667328698
19,16,1,1,ecg_only,2054.8603515625,61.51047159225333,9,0.45263671875,0.13525214349031806,0.2351410472067206,132.5566343042071,2056.6640625,52.25787206604469,10,0.4032118055555556,0.08636607499538244,0.10291504728662283,148.80516684607105
19,16,2,1,ecg_only,2053.9091796875,60.69997420805331,10,0.4105902777777778,0.09402889008758636,0.15022566033616727,146.1310782241015,2058.2646484375,50.77005915416121,9,0.46142578125,0.10601776773062599,0.14357793710538364,130.03174603174602
19,16,3,1,ecg_only,2055.5849609375,54.16226892763171,10,0.4296875,0.12475562048961962,0.15098553195381006,139.63636363636363,2061.01953125,44.348161000827005,9,0.4716796875,0.0990477041272088,0.10472205919442017,127.20496894409938
19,16,4,1,ecg_only,2055.7587890625,57.377769378445954,10,0.4049479166666667,0.06211906480144043,0.11188355141462232,148.16720257234726,2060.2080078125,48.634726436595066,10,0.43359375,0.09652996350443041,0.13998607021241657,138.3783783783784
19,16,5,1,ecg_only,2059.8779296875,63.95170099204795,9,0.45166015625,0.11746285196259507,0.15154754160352266,132.84324324324325,2064.205078125,54.71559040700965,9,0.4521484375,0.10877608764637724,0.12761460568330474,132.69978401727863
19,16,6,1,ecg_only,2052.478515625,58.417221810409906,11,0.3828125,0.04470907477445155,0.052488657215485346,156.73469387755102,2060.5107421875,48.050773539355305,10,0.4353298611111111,0.09534791135342124,0.1380377225319111,137.82652043868396
19,16,7,1,ecg_only,2044.61328125,54.90605310308143,11,0.3890625,0.034463664062676216,0.05159274155249727,154.21686746987953,2051.810546875,46.1883589028494,11,0.386328125,0.022128139122294603,0.027157101060695587,155.30839231547017
19,16,8,1,ecg_only,2052.8017578125,62.810438063450846,10,0.3810763888888889,0.029641269234312276,0.05029059839681146,157.44874715261957,2056.2265625,55.1327361130263,11,0.3703125,0.02783048926649512,0.04555431167847891,162.0253164556962
19,16,9,1,ecg_only,2053.662109375,64.98621465780676,10,0.39453125,0.03157384284630766,0.057559226673013185,152.07920792079207,2056.5341796875,56.317345134505075,10,0.3940972222222222,0.04699941693188042,0.08272585384588817,152.2466960352423
19,16,10,1,ecg_only,2051.7138671875,63.2689969856968,10,0.4175347222222222,0.08795463418476378,0.08406382506506775,143.7006237006237,2057.1845703125,53.896476615937,10,0.4279513888888889,0.10768963017730057,0.1204699786132226,140.20283975659228
19,17,1,1,ecg_only,2051.8701171875,65.16051189288277,11,0.38671875,0.03787249888606507,0.050997802155120155,155.15151515151516,2056.2900390625,56.66364280916577,11,0.37578125,0.027388356473372035,0.04665748142491905,159.66735966735968
19,17,2,1,ecg_only,2049.9658203125,70.64499028283224,11,0.39140625,0.03453443141453179,0.05273035607113694,153.29341317365268,2054.171875,60.86724916968382,11,0.39140625,0.04246149450531622,0.07253200248544509,153.29341317365268
19,17,3,1,ecg_only,2050.2939453125,65.77131399471018,9,0.4541015625,0.11216023318322249,0.17431806706266648,132.1290322580645,2056.662109375,55.172749743877525,10,0.4036458333333333,0.07847145402770503,0.1288248440872395,148.6451612903226
19,17,4,1,ecg_only,2051.9873046875,53.42082008464996,9,0.45068359375,0.1365503636604308,0.22593142558767773,133.1310942578548,2057.51953125,43.27532235327974,9,0.4462890625,0.13072448154681507,0.21742062578243354,134.44201312910283
19,17,5,1,ecg_only,2051.9521484375,54.64322006699886,10,0.4197048611111111,0.05791303404208656,0.09662541879659403,142.95760082730092,2055.1513671875,44.05566811049457,10,0.4175347222222222,0.06019074938666568,0.06397788810218437,143.7006237006237
19,17,6,1,ecg_only,2055.6806640625,62.32298821860615,10,0.4175347222222222,0.05559284230499318,0.10600089997683244,143.7006237006237,2062.337890625,51.50076882242184,10,0.4175347222222222,0.04863048349107396,0.05820181416309117,143.7006237006237
19,17,7,1,ecg_only,2059.33984375,55.9602235127826,11,0.392578125,0.04247766244322568,0.07644681949523799,152.83582089552237,2065.7763671875,46.29866304012108,11,0.396484375,0.04396050084752931,0.078125,151.33004926108376
19,17,8,1,ecg_only,2061.9765625,56.89245471772679,9,0.4189453125,0.055783862311905165,0.10704835629722438,143.21678321678323,2061.662109375,46.715657191144565,11,0.396875,0.05075720584618996,0.08661546025813849,151.18110236220474
19,17,9,1,ecg_only,2060.369140625,63.10434737063663,11,0.382421875,0.027975405109052935,0.04017512661599352,156.89479060265577,2062.7333984375,51.719384604994794,11,0.383984375,0.031203578802408625,0.04288976326041824,156.25635808748729
19,17,10,1,ecg_only,2054.662109375,55.44316390390737,10,0.4305555555555556,0.0888814287234042,0.12478619410127569,139.3548387096774,2059.60546875,45.51155211968466,9,0.44873046875,0.10162703591122092,0.13287813504230644,133.71055495103374
19,18,1,1,ecg_only,2053.6484375,55.52435977846655,9,0.458984375,0.13081564101281523,0.24330101161825096,130.72340425531914,2056.671875,46.817795824444524,8,0.49107142857142855,0.15021425891370932,0.24384096192711688,122.18181818181819
19,18,2,1,ecg_only,2056.2373046875,61.66640450275815,10,0.4392361111111111,0.1268460567622287,0.22077225134262374,136.600790513834,2058.3369140625,52.11029810509617,9,0.494140625,0.13854803008568906,0.2193917960730341,121.42292490118577
19,18,3,1,ecg_only,2056.845703125,64.81584204478382,9,0.48046875,0.14024471149231438,0.2772808656072749,124.8780487804878,2059.314453125,56.16209056033418,9,0.48046875,0.12443414403278497,0.2442577843884919,124.8780487804878
19,18,4,1,ecg_only,2052.1875,65.62909213431952,10,0.41796875,0.10665962195975205,0.18278161464530218,143.55140186915887,2054.7509765625,56.960508343632924,10,0.41796875,0.09607222263383706,0.16105881350068987,143.55140186915887
19,18,5,1,ecg_only,2049.48828125,63.31695643384873,11,0.38359375,0.03295171360775491,0.04649367466499251,156.41547861507127,2055.25390625,54.275753395196745,11,0.385546875,0.03914249621275609,0.05004135117337405,155.62310030395136
19,18,6,1,ecg_only,2049.9912109375,58.12326039818207,10,0.4270833333333333,0.07628030477019171,0.11865133905181628,140.4878048780488,2056.365234375,50.09344200567893,10,0.4253472222222222,0.08657521522693147,0.12664475770169215,141.06122448979593
19,18,7,1,ecg_only,2055.7529296875,57.18362769686076,10,0.42578125,0.06941459862115541,0.12118821919912946,140.91743119266056,2057.46484375,47.915929126315454,10,0.4244791666666667,0.05986752048214921,0.09588232584869982,141.34969325153372
19,18,8,1,ecg_only,2057.8564453125,62.25175619903584,10,0.4270833333333333,0.0796934570213508,0.10594690511808999,140.4878048780488,2061.484375,52.33534214189657,11,0.38515625,0.03283109592101671,0.04508669190932496,155.78093306288034
19,18,9,1,ecg_only,2057.5224609375,54.64989317127058,9,0.47216796875,0.12331687731545492,0.19675804349141976,127.07342295760083,2064.5927734375,45.7154410384423,10,0.3967013888888889,0.06781119768192491,0.08962056177448029,151.2472647702407
19,18,10,1,ecg_only,2058.08203125,56.426330475000974,9,0.46435546875,0.11683602075755559,0.2231647545491695,129.21135646687696,2063.900390625,47.4968526901774,9,0.44482421875,0.11257927538610275,0.2004296184388541,134.8847420417124
20,1,1,0,ecg_only,2057.171875,58.03579975096729,11,0.396484375,0.06755102419016773,0.0646599428017455,151.33004926108376,2041.9921875,53.62438025483226,11,0.381640625,0.02751342445771927,0.02882284325674304,157.21596724667347
20,1,2,0,ecg_only,2050.736328125,62.30716195003054,11,0.358984375,0.005370205892526375,0.010169595932170122,167.13819368879214,2024.537109375,58.42263004195623,11,0.358984375,0.008638025151365617,0.015461382925830621,167.13819368879214
20,1,3,0,ecg_only,2044.3076171875,58.389486463561695,10,0.4092881944444444,0.08693349946085688,0.11982704414201537,146.59597030752917,2026.29296875,55.30667438755944,10,0.4084201388888889,0.08478774575177837,0.11601792663962675,146.90754516471839
20,1,4,0,ecg_only,2051.41796875,59.516879083786165,10,0.3953993055555556,0.04182010232793717,0.08493287072327695,151.74533479692644,2054.0693359375,56.49453856648686,10,0.3953993055555556,0.040334236651003275,0.072265625,151.74533479692644
20,1,5,0,ecg_only,2064.978515625,63.35727321840509,11,0.38671875,0.03314563036811941,0.05285881023485531,155.15151515151516,2072.916015625,57.87173297798119,11,0.38671875,0.02614562582918986,0.03919249203982399,155.15151515151516
20,1,6,0,ecg_only,2069.736328125,56.49724143391723,10,0.4388020833333333,0.11054679831662045,0.14065212412022526,136.7359050445104,2068.0771484375,52.78668845273486,11,0.396484375,0.06454775250553364,0.08189679788289785,151.33004926108376
20,1,7,0,ecg_only,2061.6357421875,57.50783856078694,10,0.4201388888888889,0.11247936839279997,0.13365712586660644,142.8099173553719,2060.630859375,52.23781691886611,10,0.4123263888888889,0.10756360774728901,0.1618679961232155,145.5157894736842
20,1,8,0,ecg_only,2058.3134765625,63.504493366668655,11,0.3671875,0.018814991529362963,0.02718829820028789,163.40425531914894,2060.7001953125,57.00806001094804,10,0.4079861111111111,0.10392405195362563,0.15859447159626477,147.06382978723406
20,1,9,0,ecg_only,2071.2119140625,59.42580897318618,10,0.4006076388888889,0.05434887445311989,0.07657146790590882,149.77248104008666,2060.61328125,52.68231791107333,10,0.4006076388888889,0.05840859377006082,0.08741189062734471,149.77248104008666
20,1,10,0,ecg_only,2074.228515625,58.81207265506063,10,0.43359375,0.10689779037382183,0.17639324887044378,138.3783783783784,2062.7421875,52.65522010769534,10,0.4036458333333333,0.10385696147192326,0.171146583238175,148.6451612903226
20,2,1,0,ecg_only,2070.9453125,58.46854905012903,8,0.5518973214285714,0.11473843958541051,0.1448125078675728,108.71587462082913,2062.568359375,59.004164435621405,8,0.5675223214285714,0.09540289290085517,0.12008145428858905,105.7227138643068
20,2,2,0,ecg_only,2073.94140625,59.266417856341384,8,0.5686383928571429,0.1004154218015676,0.12804518283659191,105.5152109911678,2071.3232421875,58.969801650299964,8,0.5680803571428571,0.10080541011229587,0.12866928978125472,105.6188605108055
20,2,3,0,ecg_only,2051.45703125,62.43909618029014,7,0.5924479166666666,0.1003449319110988,0.13353434351670546,101.27472527472528,2058.3388671875,59.91011670070203,7,0.5924479166666666,0.1003449319110988,0.13353434351670546,101.27472527472528
20,2,4,0,ecg_only,2037.60546875,59.80136888142924,10,0.4279513888888889,0.12352799610907546,0.11508531142700183,140.20283975659228,2048.4736328125,57.864565137235964,9,0.47900390625,0.15146402522344918,0.21225099479985196,125.25993883792049
20,2,5,0,ecg_only,2041.46484375,59.84089202032408,11,0.36015625,0.011294400230313252,0.01790068630842125,166.5943600867679,2044.0869140625,57.700290299384456,10,0.4001736111111111,0.10928367825590624,0.17233492264054734,149.93492407809111
20,2,6,0,ecg_only,2050.044921875,60.50443822171351,10,0.3988715277777778,0.10381523472513055,0.11972353559591338,150.42437431991294,2050.0693359375,58.05774063133418,10,0.3988715277777778,0.10259961331314155,0.11695125927453041,150.42437431991294
20,2,7,0,ecg_only,2066.5771484375,60.027401826112644,9,0.4931640625,0.15601483768423027,0.18652088103614567,121.66336633663366,2066.69921875,56.259420733461596,9,0.48046875,0.16143733062321738,0.180776012008942,124.8780487804878
20,2,8,0,ecg_only,2076.236328125,54.73052600827379,9,0.48291015625,0.14474142103846224,0.2553658254330582,124.24671385237613,2072.6533203125,51.32372677799007,9,0.46875,0.14958948545989537,0.2698060839995452,128.0
20,2,9,0,ecg_only,2072.689453125,55.050715663045,11,0.3796875,0.02916899172280386,0.03447448514290033,158.02469135802468,2063.9072265625,53.20872250770351,11,0.371875,0.012451076133210334,0.0160002678742767,161.34453781512605
20,2,10,0,ecg_only,2061.69921875,58.9792018375092,11,0.371484375,0.015668883687602796,0.029577647634376425,161.51419558359623,2053.0439453125,56.247960227434106,11,0.371484375,0.009317859720216065,0.015072704300508106,161.51419558359623
20,3,1,1,ecg_only,2073.8408203125,58.5711961068714,11,0.369921875,0.016298942222675833,0.024044512125806494,162.1964097148891,2062.9306640625,54.29127963209442,11,0.369921875,0.01019374089898429,0.017224943431410095,162.1964097148891
20,3,2,1,ecg_only,2072.984375,53.504378380272534,11,0.38515625,0.030217311884083935,0.03851614442122146,155.78093306288034,2057.55078125,49.93964481641463,11,0.396484375,0.06114872247042963,0.07291666666666667,151.33004926108376
20,3,3,1,ecg_only,2083.515625,57.53256338465526,11,0.381640625,0.044710781195122555,0.04562868611441467,157.21596724667347,2070.5517578125,53.045356263567925,11,0.37421875,0.023812110397075266,0.024255125013277548,160.3340292275574
20,3,4,1,ecg_only,2071.201171875,66.23138416662232,11,0.361328125,0.013217909621631743,0.023328740712459526,166.05405405405406,2069.6748046875,57.570682693722055,10,0.4014756944444444,0.10862493584755667,0.17265558717350146,149.44864864864866
20,3,5,1,ecg_only,2048.998046875,59.883659962967386,11,0.36171875,0.013327126647837487,0.022627795829404645,165.87473002159828,2049.2236328125,54.92937393760895,11,0.36171875,0.011744762795603835,0.01935686034807097,165.87473002159828
20,3,6,1,ecg_only,2044.28125,54.6131011783116,9,0.4814453125,0.14178328856225386,0.1458673761817624,124.62474645030426,2039.2998046875,49.89489891223203,9,0.478515625,0.14224329262525878,0.14218964627501013,125.38775510204081
20,3,7,1,ecg_only,2036.4482421875,54.66984765850226,9,0.47998046875,0.1431447097999978,0.2050581941845586,125.00508646998983,2032.97265625,50.59087617663224,9,0.4736328125,0.14390635073116725,0.2130607834889788,126.68041237113403
20,3,8,1,ecg_only,2044.4482421875,60.821020542891624,9,0.4892578125,0.16343058642613337,0.2508877930665847,122.63473053892216,2044.1728515625,57.247871184436555,9,0.48583984375,0.16546251495976821,0.25634559682421054,123.49748743718592
20,3,9,1,ecg_only,2047.2861328125,61.53872608123368,8,0.5541294642857143,0.14888367758064086,0.1682410583387346,108.27794561933534,2048.1103515625,57.31647452713882,8,0.5463169642857143,0.1556549575194528,0.18021745897534802,109.82635342185904
20,3,10,1,ecg_only,2039.62109375,61.49741947373655,7,0.6256510416666666,0.1194106968560795,0.15050979450583107,95.90010405827263,2042.8125,57.62881291615332,7,0.6321614583333334,0.10489855189811334,0.13307648397045024,94.91246138002059
20,4,1,0,ecg_only,2042.0439453125,56.31285570140276,9,0.47802734375,0.1592957243379696,0.1271354288591711,125.51583248212462,2046.7353515625,54.83784049602089,8,0.5457589285714286,0.16379275078726527,0.13738676089897636,109.93865030674846
20,4,2,0,ecg_only,2050.068359375,56.883903963431074,11,0.36953125,0.023580294176229016,0.037308720786183344,162.3678646934461,2059.26171875,54.052833848429245,10,0.4105902777777778,0.10350447798414357,0.12404265968165322,146.1310782241015
20,4,3,0,ecg_only,2062.1611328125,53.05740564736685,11,0.380078125,0.02045100017610691,0.03014540860101621,157.8622816032888,2067.083984375,49.51561047790642,11,0.3765625,0.0265625,0.04006948581622166,159.33609958506224
20,4,4,0,ecg_only,2075.796875,53.31028122214678,10,0.4001736111111111,0.04798706583710157,0.059833881570470274,149.93492407809111,2071.9091796875,50.29285868275274,10,0.3802083333333333,0.029289640310421857,0.05113682602182049,157.8082191780822
20,4,5,0,ecg_only,2077.6181640625,53.017351432142796,10,0.4136284722222222,0.0822571386482863,0.11003567203908808,145.05771248688353,2070.7939453125,50.63984661216165,10,0.4136284722222222,0.08180243476998615,0.09515347581649836,145.05771248688353
20,4,6,0,ecg_only,2068.0361328125,57.0113378174233,11,0.39609375,0.04078992963189566,0.05370205892526375,151.47928994082838,2067.2265625,54.150735775782344,11,0.383984375,0.018574208481201157,0.03304317067825396,156.25635808748729
20,4,7,0,ecg_only,2054.103515625,62.92186551204105,11,0.389453125,0.02573682251567052,0.048806418786435705,154.06218655967902,2060.15625,58.17993875415735,11,0.389453125,0.019140625,0.03380404944204992,154.06218655967902
20,4,8,0,ecg_only,2051.5673828125,56.911915823328066,11,0.39375,0.028157533267093904,0.04669380488812788,152.38095238095238,2056.126953125,53.08295667306083,11,0.392578125,0.027800317732278257,0.04561010387535676,152.83582089552237
20,4,9,0,ecg_only,2063.6220703125,57.101050959801135,10,0.4027777777777778,0.05494867089617521,0.06574231515510483,148.9655172413793,2063.1708984375,54.919428668610166,10,0.3849826388888889,0.011949565883625177,0.02135079209870649,155.8511837655017
20,4,10,0,ecg_only,2069.525390625,55.12736796788109,10,0.4010416666666667,0.07261376819582649,0.09181765057455593,149.6103896103896,2065.6806640625,51.80681302803253,10,0.4010416666666667,0.07230960092143136,0.091796875,149.6103896103896
20,5,1,1,ecg_only,2027.837890625,52.07263828586503,10,0.4270833333333333,0.12157582135664009,0.18364049438170715,140.4878048780488,2036.8505859375,50.56161289827914,10,0.42578125,0.12154792739703087,0.1878810824629796,140.91743119266056
20,5,2,1,ecg_only,2032.2177734375,52.24878920288411,11,0.3890625,0.04156807998257196,0.05793905068043487,154.21686746987953,2046.0556640625,50.09902135346204,11,0.37890625,0.02561499423555469,0.0473786598923444,158.35051546391753
20,5,3,1,ecg_only,2038.095703125,55.64171642335331,11,0.371484375,0.01917248623720004,0.03221176270013797,161.51419558359623,2052.8623046875,53.909606643328566,11,0.371484375,0.015373959886058147,0.024602140140222894,161.51419558359623
20,5,4,1,ecg_only,2052.5830078125,57.833922925503366,11,0.369140625,0.02016548359240673,0.03728599235228217,162.53968253968253,2062.3916015625,55.08620701140847,11,0.369140625,0.02083536773921029,0.04053224587571193,162.53968253968253
20,5,5,1,ecg_only,2068.5478515625,56.31875706838678,11,0.37734375,0.02568637847308375,0.039322054350368486,159.00621118012424,2066.5009765625,51.94722004998271,11,0.37265625,0.020536624106398307,0.038273277230987154,161.0062893081761
20,5,6,1,ecg_only,2072.4404296875,54.90409221545211,10,0.390625,0.04562868611441467,0.0470982638741699,153.6,2064.21484375,52.882375504870105,10,0.3741319444444444,0.02153582678829041,0.04168446478596298,160.37122969837588
20,5,7,1,ecg_only,2068.095703125,56.377014766985184,11,0.36875,0.015249391637455574,0.025548719883266385,162.71186440677965,2065.638671875,55.96054264042732,11,0.36875,0.018504248878635953,0.03197403426512676,162.71186440677965
20,5,8,1,ecg_only,2063.6669921875,52.46505016303057,11,0.384375,0.06831360074593493,0.07840661050689894,156.09756097560975,2065.0087890625,49.871601945043636,11,0.387109375,0.06553774891772775,0.08057150262710928,154.9949545913219
20,5,9,1,ecg_only,2054.5693359375,53.016977281129215,11,0.38203125,0.04313886778837039,0.048754284444919416,157.05521472392638,2054.9208984375,50.585059406215095,11,0.378125,0.034578587463016765,0.037760416666666664,158.67768595041323
20,5,10,1,ecg_only,2048.486328125,55.89318957802313,10,0.4340277777777778,0.1377188673514839,0.1622622584809658,138.24,2048.2587890625,54.29488009733174,10,0.4370659722222222,0.1366312274970601,0.1587387249164045,137.27904667328698
20,6,1,0,ecg_only,2055.08984375,54.12021607011179,10,0.4340277777777778,0.060387599768707625,0.06520337493212343,138.24,2054.619140625,50.81678050124265,10,0.4131944444444444,0.03759291953738278,0.06634878027915246,145.21008403361344
20,6,2,0,ecg_only,2051.51171875,54.18695807268478,9,0.42822265625,0.022434384780586215,0.03484485103961867,140.11402508551882,2046.15625,49.56607608473259,9,0.42822265625,0.04375773770162997,0.07641829988242112,140.11402508551882
20,6,3,0,ecg_only,2051.31640625,49.64136502414051,9,0.4560546875,0.06921203718507782,0.07365860048373994,131.56316916488223,2044.6083984375,44.54974361350183,9,0.45947265625,0.06562434604863902,0.07945299879713252,130.5844845908608
20,6,4,0,ecg_only,2055.8115234375,53.62391301367225,10,0.4110243055555556,0.04095989839376398,0.07104114640419223,145.9767687434002,2048.65234375,50.04911878726573,10,0.4144965277777778,0.03615219517874792,0.04992899621548522,144.75392670157066
20,6,5,0,ecg_only,2061.46875,53.18350638649637,10,0.4006076388888889,0.038586997866133455,0.0664636700280217,149.77248104008666,2056.759765625,49.91736239721675,10,0.3975694444444444,0.03272235559890758,0.055586911995147294,150.9170305676856
20,6,6,0,ecg_only,2067.8056640625,52.88962865705238,10,0.4058159722222222,0.052615911321846315,0.06381370801837712,147.85026737967914,2076.3994140625,53.09270746151657,10,0.3875868055555556,0.019899120462409114,0.031341419015392995,154.80403135498318
20,6,7,0,ecg_only,2051.994140625,56.616082741944666,10,0.3962673611111111,0.035377923389435476,0.06065703184870912,151.41292442497263,2072.26171875,54.51006805096558,10,0.39453125,0.021076059969060736,0.0350475750877468,152.07920792079207
20,6,8,0,ecg_only,2044.3154296875,55.74042725594004,10,0.43359375,0.03979350726545866,0.060892411203593344,138.3783783783784,2054.9833984375,49.384440531159434,10,0.43359375,0.03178790524930652,0.045260274321314325,138.3783783783784
20,6,9,0,ecg_only,2053.9541015625,54.067402620672794,10,0.4253472222222222,0.033976364220105776,0.039451191165476865,141.06122448979593,2052.4638671875,48.82134866065112,9,0.4345703125,0.030367796495051197,0.05152697639950359,138.06741573033707
20,6,10,0,ecg_only,2051.92578125,47.95170054677048,9,0.46240234375,0.08139957451861479,0.0936569478678895,129.75712777191129,2046.685546875,44.48464387973875,9,0.4375,0.06136046122033206,0.07701499393815885,137.14285714285714
20,7,1,0,ecg_only,2065.3466796875,54.7875863483853,10,0.4166666666666667,0.09353273435452068,0.11593569689888308,144.0,2059.9755859375,51.98649905159081,10,0.4166666666666667,0.09398480433655515,0.1152509257182182,144.0
20,7,2,0,ecg_only,2061.478515625,55.85088901751369,10,0.4014756944444444,0.0286326779556782,0.04794116292434991,149.44864864864866,2054.5390625,51.028335777743074,10,0.4045138888888889,0.031092872723215825,0.05901540988178956,148.3261802575107
20,7,3,0,ecg_only,2076.35546875,60.990206448189475,10,0.3993055555555556,0.026286465155775558,0.050875063584496505,150.26086956521738,2075.021484375,57.708178912712455,10,0.3967013888888889,0.031900303515647495,0.05752607998055914,151.2472647702407
20,7,4,0,ecg_only,2059.8779296875,66.59827194005342,11,0.3875,0.030348319686804737,0.053274147253851,154.83870967741936,2058.1015625,65.39332198365972,11,0.387890625,0.02666856123234107,0.042830427613016996,154.68277945619334
20,7,5,0,ecg_only,2029.5947265625,56.57436694854267,10,0.4388020833333333,0.08282314528015235,0.09309668193603894,136.7359050445104,2028.744140625,53.39979449029017,10,0.4388020833333333,0.08187609334511713,0.0869085760206523,136.7359050445104
20,7,6,0,ecg_only,2052.8642578125,60.607182721984636,11,0.3921875,0.03694247005480278,0.06342896853551354,152.98804780876492,2054.896484375,56.188325801632324,11,0.3953125,0.024382010209886302,0.026203921611325662,151.77865612648222
20,7,7,0,ecg_only,2077.453125,54.52246302772257,10,0.4227430555555556,0.0960859473771889,0.12068352895137037,141.93018480492813,2071.568359375,50.349125012216945,10,0.4227430555555556,0.09541308760774979,0.10272026400238052,141.93018480492813
20,7,8,0,ecg_only,2088.07421875,55.25124043586848,10,0.41015625,0.03410364805653332,0.05546668680141768,146.28571428571428,2072.7041015625,51.114219358972754,10,0.4092881944444444,0.033943081243085337,0.04582565705722682,146.59597030752917
20,7,9,0,ecg_only,2082.2958984375,56.789198181099415,10,0.4275173611111111,0.03320241579671055,0.0583817780376372,140.3451776649746,2072.8779296875,51.56827374123848,10,0.4283854166666667,0.03340040452703297,0.05531172757229022,140.06079027355622
20,7,10,0,ecg_only,2060.98828125,52.57293909580192,9,0.46923828125,0.0741271407283035,0.10468042020303477,127.86680541103017,2065.3173828125,47.15905444967943,9,0.46923828125,0.07188024087125724,0.09603566043286622,127.86680541103017
20,8,1,0,ecg_only,2083.416015625,58.117176702544285,10,0.4223090277777778,0.04440254779812197,0.06499828629802241,142.0760534429599,2084.3466796875,52.741149367754346,10,0.4192708333333333,0.05478042699990268,0.08455023758559907,143.10559006211182
20,8,2,0,ecg_only,2079.0390625,59.27867546383011,10,0.41796875,0.027125868041666223,0.04458090707231768,143.55140186915887,2084.4404296875,51.83221471853068,10,0.41796875,0.047091513854232096,0.0810017240364364,143.55140186915887
20,8,3,0,ecg_only,2059.857421875,50.091919254539164,9,0.4658203125,0.09030431373743916,0.11390491805511674,128.80503144654088,2065.919921875,42.502842662213745,9,0.46484375,0.09173452004544827,0.11687085196038587,129.07563025210084
20,8,4,0,ecg_only,2062.5185546875,54.40709942850815,10,0.40234375,0.04227261218944773,0.0720674012792777,149.126213592233,2072.365234375,46.780189558202075,10,0.4036458333333333,0.04423252018610164,0.07023107264205157,148.6451612903226
20,8,5,0,ecg_only,2053.4169921875,53.823395967302766,10,0.4327256944444444,0.09147592344344081,0.12502288608850157,138.65596790371114,2059.3251953125,49.025550476983206,10,0.4327256944444444,0.09893739118073455,0.14124078501122095,138.65596790371114
20,8,6,0,ecg_only,2051.869140625,54.736714148951016,10,0.4053819444444444,0.030357132725773808,0.057971961248655585,148.00856531049251,2049.4091796875,48.40942284742545,10,0.4131944444444444,0.03526592546140951,0.048828125,145.21008403361344
20,8,7,0,ecg_only,2047.8818359375,57.23709173313083,10,0.4318576388888889,0.08372124702207977,0.11614937313598732,138.93467336683418,2051.2548828125,48.577303040508454,10,0.4322916666666667,0.08005430285905936,0.10494298931257569,138.79518072289156
20,8,8,0,ecg_only,2037.93359375,55.00274748442082,10,0.3914930555555556,0.03323644048450807,0.06150018161653824,153.25942350332593,2045.86328125,47.82927462452675,10,0.39453125,0.027926576288446896,0.045386523588368165,152.07920792079207
20,8,9,0,ecg_only,2036.0068359375,58.0198894385146,11,0.384375,0.02934631245467648,0.05271427729165927,156.09756097560975,2041.767578125,51.526679637320136,11,0.384375,0.020610790559801435,0.03017351621420955,156.09756097560975
20,8,10,0,ecg_only,2038.396484375,54.812544784614595,11,0.3828125,0.024269100885951668,0.042452709340888295,156.73469387755102,2046.0869140625,47.39615771619298,11,0.386328125,0.030977818582666936,0.05224584022848666,155.30839231547017
20,9,1,0,ecg_only,2038.4794921875,60.66477085738993,10,0.41015625,0.023365050058497865,0.04234274099351328,146.28571428571428,2031.734375,50.88568827759309,10,0.41015625,0.04227261218944773,0.07851465329000695,146.28571428571428
20,9,2,0,ecg_only,2060.9619140625,55.711883643876774,10,0.4210069444444444,0.056058514308064473,0.0637688582707598,142.51546391752578,2037.9208984375,50.42056128957025,10,0.41796875,0.05103103630798288,0.07799060706289612,143.55140186915887
20,9,3,0,ecg_only,2065.9970703125,56.12671377543345,10,0.3975694444444444,0.03507309696325855,0.06942528354365711,150.9170305676856,2042.244140625,50.67511952729095,10,0.3984375,0.02255274489021976,0.044086145860530127,150.58823529411765
20,9,4,0,ecg_only,2058.591796875,56.601759261163785,10,0.421875,0.055089051565901506,0.06694975195704145,142.22222222222223,2037.650390625,50.39322754755754,10,0.41796875,0.041462717000236085,0.04975679376116014,143.55140186915887
20,9,5,0,ecg_only,2043.4453125,56.15372783620286,11,0.39765625,0.024256522962906285,0.03340040452703297,150.88408644400786,2026.8798828125,50.02610866761243,11,0.39765625,0.035320795485804114,0.0590118187167951,150.88408644400786
20,9,6,0,ecg_only,2037.5302734375,55.70549882322195,10,0.4166666666666667,0.06479091304492046,0.07696898630952356,144.0,2023.283203125,49.34108676209909,10,0.4140625,0.06190033502085788,0.07928821535228296,144.9056603773585
20,9,7,0,ecg_only,2029.541015625,56.05861780510206,11,0.39609375,0.041125225588287045,0.0774931042519089,151.47928994082838,2015.9951171875,49.990418765455864,11,0.39296875,0.03164785796957671,0.05982502608156324,152.68389662027835
20,9,8,0,ecg_only,2024.765625,55.69938627004228,10,0.4184027777777778,0.06714116529636192,0.09004520552525791,143.40248962655602,2014.0419921875,50.01795765741229,10,0.4171006944444444,0.056988359590867545,0.06271325921094657,143.85015608740895
20,9,9,0,ecg_only,2029.49609375,56.155789024740905,11,0.39609375,0.03644344934278313,0.07087688229300432,151.47928994082838,2025.2734375,50.64989200441195,11,0.393359375,0.026839661541096696,0.04030153005349521,152.53227408143
20,9,10,0,ecg_only,2027.728515625,56.382400838906555,10,0.4192708333333333,0.04965019782535838,0.06087674756058086,143.10559006211182,2024.177734375,50.38895251433536,11,0.3984375,0.025012204052472065,0.04053224587571193,150.58823529411765
20,10,1,0,ecg_only,2036.3984375,52.234666536540594,9,0.46142578125,0.11560516187237525,0.19489911610263727,130.03174603174602,2017.31640625,44.65205635897367,10,0.4357638888888889,0.09409497998558507,0.15604845399784384,137.68924302788844
20,10,2,0,ecg_only,2029.9560546875,50.49575537604135,9,0.48095703125,0.11237578422094531,0.1292187095137266,124.751269035533,2016.044921875,43.46523320597908,8,0.5457589285714286,0.11032184009716059,0.2233291185275482,109.93865030674846
20,10,3,0,ecg_only,2035.48828125,42.7734751355428,8,0.5223214285714286,0.08288286383028269,0.11419797890250363,114.87179487179486,2023.6416015625,36.366776719933505,8,0.52734375,0.07586002441056441,0.09099690213362577,113.77777777777777
20,10,4,0,ecg_only,2017.8486328125,50.24659443223041,9,0.47802734375,0.08221560153710729,0.10200154074138328,125.51583248212462,2006.375,43.567386741690164,9,0.4892578125,0.09085180905461428,0.12262318992584269,122.63473053892216
20,10,5,0,ecg_only,2007.4833984375,58.1899311201098,9,0.4560546875,0.0787995778803484,0.10557203936957828,131.56316916488223,1996.318359375,51.57912814121958,9,0.45849609375,0.0806226129695999,0.10647666539405477,130.8626198083067
20,10,6,0,ecg_only,2013.048828125,56.34406681997856,10,0.4166666666666667,0.07725206757391315,0.10829721484490754,144.0,2000.3037109375,49.8090351866902,10,0.41015625,0.07096055517415996,0.095703125,146.28571428571428
20,10,7,0,ecg_only,2015.44921875,51.567986065868894,10,0.44140625,0.1002181323171555,0.1540865853384064,135.92920353982302,2001.2998046875,44.1846595617399,10,0.4361979166666667,0.09232863490226997,0.12168297923918299,137.55223880597015
20,10,8,0,ecg_only,2027.3115234375,64.33217343666688,9,0.4560546875,0.1028640682674341,0.16252065673995875,131.56316916488223,2013.4609375,55.278471502214074,9,0.455078125,0.10322039266971728,0.17153858106422235,131.84549356223175
20,10,9,0,ecg_only,2024.138671875,63.718085674210926,11,0.390625,0.06021202771249279,0.08262844785523493,153.6,2012.8076171875,55.99416735621626,11,0.391015625,0.06004580974204716,0.0751833335065211,153.44655344655345
20,10,10,0,ecg_only,2015.353515625,45.08371149681314,10,0.4305555555555556,0.0755158443435123,0.08713871072736022,139.3548387096774,2004.0009765625,39.86418592369378,10,0.4305555555555556,0.1074163947114981,0.1707672487541751,139.3548387096774
20,11,1,0,ecg_only,2105.8115234375,54.97736238692148,9,0.46728515625,0.09317731782994935,0.15902255541457117,128.40125391849529,2104.3408203125,46.99299787550362,9,0.47314453125,0.11431101025194089,0.2192277945262807,126.81114551083591
20,11,2,0,ecg_only,2109.9228515625,52.08613757811277,10,0.4357638888888889,0.10647047296154141,0.16726893643090626,137.68924302788844,2103.8193359375,44.33719315015353,10,0.4396701388888889,0.1034498630064685,0.12995254824327945,136.4659427443238
20,11,3,0,ecg_only,2079.4091796875,52.84861518214869,9,0.48291015625,0.07307761458405644,0.10785980134717375,124.24671385237613,2074.8994140625,47.6292304515481,9,0.48876953125,0.060843448930102254,0.10974308280857777,122.75724275724276
20,11,4,0,ecg_only,2051.6357421875,50.651952044650095,9,0.484375,0.06974051199748876,0.12329685138018674,123.87096774193549,2050.900390625,45.72491029758738,9,0.47509765625,0.09319778567782082,0.1405397186844409,126.28982528263104
20,11,5,0,ecg_only,2027.54296875,52.05070121945067,9,0.478515625,0.0712556107302918,0.11259606513519277,125.38775510204081,2028.517578125,45.819892859264975,9,0.474609375,0.11034724134238699,0.17353475193271292,126.41975308641975
20,11,6,0,ecg_only,2003.4658203125,50.68795086604865,9,0.48779296875,0.09082425016665406,0.13226152784030504,123.003003003003,2002.482421875,44.75436086025049,9,0.49755859375,0.09534246255161062,0.15530545983253338,120.58881256133465
20,11,7,0,ecg_only,2002.6826171875,51.43597972565342,9,0.47509765625,0.10323771472469326,0.1665154634067702,126.28982528263104,2003.234375,45.92140183492197,9,0.47509765625,0.09123283956457043,0.1397932370862219,126.28982528263104
20,11,8,0,ecg_only,2018.873046875,54.089150729643116,10,0.4223090277777778,0.07763397001039955,0.1368930250866815,142.0760534429599,2022.8046875,48.96342442223934,10,0.4223090277777778,0.07465025431781533,0.12088092436764604,142.0760534429599
20,11,9,0,ecg_only,2030.62890625,52.6233760918445,9,0.4658203125,0.07398065221296356,0.15105770132457427,128.80503144654088,2033.1640625,47.70914520949934,9,0.4658203125,0.09829381719880309,0.19750995962681403,128.80503144654088
20,11,10,0,ecg_only,2053.1923828125,52.98591260104854,8,0.5217633928571429,0.08511828340586841,0.11611926312300283,114.9946524064171,2056.041015625,48.360526312463826,8,0.5189732142857143,0.10318984220725241,0.19260493073243976,115.61290322580645
20,12,1,1,ecg_only,2055.01171875,56.78134338337636,9,0.46337890625,0.08205304537461741,0.07243509929924215,129.4836670179136,2059.0458984375,47.35170975551923,10,0.4131944444444444,0.07913363178323896,0.0650569490232284,145.21008403361344
20,12,2,1,ecg_only,2082.3671875,52.105642552796944,9,0.4677734375,0.0873627812869944,0.10783958963494775,128.26722338204593,2082.162109375,44.596444490290224,8,0.5295758928571429,0.058681375805193135,0.10860499042545191,113.29820864067439
20,12,3,1,ecg_only,2085.322265625,50.7040244753012,9,0.4775390625,0.08898515521771648,0.14594954447085473,125.6441717791411,2083.26953125,42.82360268187712,9,0.4736328125,0.11366365278467637,0.205185717949487,126.68041237113403
20,12,4,1,ecg_only,2086.2880859375,50.63387282052514,9,0.45263671875,0.09971343943657976,0.16656781852939917,132.5566343042071,2081.5068359375,42.31397652691081,9,0.44970703125,0.10903332339125141,0.17168465515220674,133.42019543973942
20,12,5,1,ecg_only,2077.1376953125,60.29635134328955,8,0.5306919642857143,0.09573850410720978,0.15470426834619416,113.05993690851734,2075.6923828125,51.23978652598442,9,0.4609375,0.10550491278179301,0.11869381600869254,130.16949152542372
20,12,6,1,ecg_only,2035.548828125,66.23420771824941,9,0.47998046875,0.13061774420777872,0.2058168561233723,125.00508646998983,2035.744140625,59.38755594908099,10,0.4231770833333333,0.09464990544472004,0.10234822270760861,141.7846153846154
20,12,7,1,ecg_only,2023.77734375,52.767040664076816,9,0.455078125,0.12849128283905098,0.22881233598835188,131.84549356223175,2021.373046875,45.876633742342655,8,0.5150669642857143,0.12523395675847127,0.18202174957325384,116.48970747562296
20,12,8,1,ecg_only,2030.765625,50.56421649975776,10,0.4253472222222222,0.06035951759094607,0.080078125,141.06122448979593,2027.9736328125,43.380001153572174,10,0.421875,0.07847145402770501,0.12573028858930532,142.22222222222223
20,12,9,1,ecg_only,2018.779296875,50.84057228366549,9,0.49072265625,0.060702216928335065,0.08494249466288102,122.26865671641791,2017.279296875,42.0774272488304,9,0.47314453125,0.07583150868438915,0.1035498385171104,126.81114551083591
20,12,10,1,ecg_only,2035.078125,56.70723669303042,9,0.48828125,0.12301586910937294,0.24729546444585487,122.88,2035.326171875,48.487444599431704,10,0.43359375,0.09532815217564128,0.16231514613565506,138.3783783783784
20,13,1,1,ecg_only,2028.923828125,58.376539549038526,10,0.4071180555555556,0.037817744636791606,0.057691622998991915,147.3773987206823,2020.3193359375,47.57090285034037,10,0.4045138888888889,0.05711713208473335,0.09160968280905137,148.3261802575107
20,13,2,1,ecg_only,2019.685546875,48.4527873667468,9,0.4521484375,0.04422653075868849,0.07984982154717737,132.69978401727863,2018.4599609375,42.514064290520075,9,0.47021484375,0.08589171143445477,0.10651760221425008,127.601246105919
20,13,3,1,ecg_only,2035.3857421875,46.82122573712998,10,0.43359375,0.05378092819808172,0.07378057331064103,138.3783783783784,2038.6376953125,41.302010120585116,10,0.4327256944444444,0.05495895481109033,0.059897602442170524,138.65596790371114
20,13,4,1,ecg_only,2042.7783203125,48.50304716900423,9,0.43994140625,0.06203862605213403,0.09047237378629339,136.38179800221977,2045.2734375,41.17200767886592,9,0.4384765625,0.06113468447613101,0.08367558994520786,136.83741648106906
20,13,5,1,ecg_only,2045.435546875,52.60084943629406,9,0.47265625,0.07810058212161018,0.1281004985283597,126.94214876033058,2044.7626953125,44.8520716904224,9,0.47265625,0.0777579267085718,0.1258256077507604,126.94214876033058
20,13,6,1,ecg_only,2057.0771484375,52.58106562424435,9,0.4765625,0.07866027564688385,0.14277864751950833,125.90163934426229,2056.1533203125,45.26466147911939,9,0.4765625,0.07943241956118263,0.13444376355203583,125.90163934426229
20,13,7,1,ecg_only,2079.0986328125,49.86582620523597,8,0.5139508928571429,0.09808737742285639,0.17101465542400648,116.74267100977198,2077.3154296875,42.29134344844987,9,0.46875,0.10956665685746679,0.17095303655889052,128.0
20,13,8,1,ecg_only,2086.2802734375,49.86781904683352,9,0.4638671875,0.10072805494124312,0.15946059719928238,129.34736842105264,2084.05859375,41.85501487154748,9,0.4599609375,0.13395291061855877,0.20381600356486188,130.44585987261146
20,13,9,1,ecg_only,2079.021484375,50.740931372479075,9,0.46044921875,0.05702447720379566,0.08027184212656925,130.30752916224813,2075.7421875,41.97043622706159,9,0.45751953125,0.105945779932579,0.1763445834421205,131.1419423692636
20,13,10,1,ecg_only,2070.78515625,50.88874904792891,8,0.5172991071428571,0.09583928321887722,0.13826322563791893,115.98705501618124,2066.9794921875,42.30745180068313,8,0.5128348214285714,0.11241615267537929,0.18790646048133897,116.99673558215453
20,14,1,0,ecg_only,2040.185546875,49.228528255800796,9,0.458984375,0.07741375461955631,0.09606970154946654,130.72340425531914,2039.5478515625,44.23414766447938,9,0.462890625,0.09190070590639525,0.10657897796247995,129.62025316455697
20,14,2,0,ecg_only,2043.17578125,48.56157857249029,8,0.5011160714285714,0.10762135062343695,0.1328699324351168,119.73273942093542,2042.2451171875,42.975913898099854,9,0.4384765625,0.09032543261371886,0.0968605980077997,136.83741648106906
20,14,3,0,ecg_only,2049.04296875,48.31525005690774,9,0.49169921875,0.10737636642563606,0.1276829127165291,122.025819265144,2050.4208984375,42.33656065320859,9,0.46142578125,0.07126732063576255,0.09985253496451298,130.03174603174602
20,14,4,0,ecg_only,2054.8095703125,45.12337542750563,9,0.4775390625,0.12231226022547717,0.19220746121657564,125.6441717791411,2054.779296875,38.84758530308692,10,0.4214409722222222,0.08737443799051843,0.10204961310635259,142.3686920700309
20,14,5,0,ecg_only,2056.630859375,46.24831568769802,9,0.421875,0.04617808756850347,0.04824992482414573,142.22222222222223,2054.3935546875,40.10913331955013,9,0.419921875,0.06148467280741091,0.10494039283854022,142.88372093023256
20,14,6,0,ecg_only,2053.6787109375,50.431180829927214,10,0.4292534722222222,0.07839459656163637,0.09413576232254602,139.77755308392315,2049.4541015625,44.50570366771471,10,0.4292534722222222,0.08023294325435265,0.09692106074843364,139.77755308392315
20,14,7,0,ecg_only,2043.513671875,50.36443174458373,8,0.5234375,0.08547970597708307,0.09517685874257548,114.6268656716418,2040.517578125,44.48221734310826,8,0.5284598214285714,0.08711436178756987,0.10108561919904416,113.5374868004224
20,14,8,0,ecg_only,2030.638671875,44.64926586166993,8,0.5301339285714286,0.059962229355640786,0.11265090428833302,113.17894736842105,2034.0634765625,38.176180733718155,9,0.46240234375,0.07921450992952,0.07861176483397699,129.75712777191129
20,14,9,0,ecg_only,2025.38671875,44.5975587390543,10,0.44140625,0.09114583333333333,0.1653652241211338,135.92920353982302,2029.1318359375,38.317714802987446,10,0.4392361111111111,0.09596824302833717,0.13722006304883044,136.600790513834
20,14,10,0,ecg_only,2032.0439453125,50.179434112712045,9,0.4775390625,0.10264131806119718,0.17303156928038863,125.6441717791411,2030.6748046875,43.88522305624329,9,0.4873046875,0.11049838131370622,0.16555707417766194,123.12625250501002
20,15,1,0,ecg_only,2072.4892578125,58.5091629595776,10,0.4049479166666667,0.050294812280801994,0.08548129978132461,148.16720257234726,2056.1865234375,44.314674819068266,10,0.3919270833333333,0.036084391824351615,0.05864255779688449,153.08970099667775
20,15,2,0,ecg_only,2060.02734375,49.24967514937876,10,0.421875,0.054314202121391174,0.08860387673604496,142.22222222222223,2059.2880859375,41.00550190133166,10,0.4175347222222222,0.058995855338702066,0.09936973317902344,143.7006237006237
20,15,3,0,ecg_only,2072.453125,49.42637507176077,9,0.4580078125,0.10413563584026109,0.18975347831721595,131.00213219616205,2071.8056640625,39.59314974816851,9,0.4580078125,0.10057645586379098,0.18200777745658975,131.00213219616205
20,15,4,0,ecg_only,2072.1474609375,50.4527619160677,9,0.4833984375,0.05673315448546021,0.07697252633419184,124.12121212121212,2071.3291015625,40.34935443224662,9,0.47607421875,0.09444803405622036,0.1532212024693734,126.03076923076924
20,15,5,0,ecg_only,2064.3349609375,49.40420525099912,9,0.4873046875,0.05467877999675554,0.06394806853025352,123.12625250501002,2065.470703125,40.562585721858454,9,0.4873046875,0.0893060933425344,0.15722352966795397,123.12625250501002
20,15,6,0,ecg_only,2059.017578125,48.94242555426244,9,0.45361328125,0.08995911199230645,0.12684361691824222,132.2712594187298,2058.072265625,40.059168303641094,8,0.53125,0.08455668270033843,0.09131773224657,112.94117647058823
20,15,7,0,ecg_only,2057.69140625,49.369525847403686,9,0.4501953125,0.0896684345888847,0.11881312936633488,133.2754880694143,2056.1455078125,40.16084992301584,8,0.5368303571428571,0.08963380805920207,0.1676580823719376,111.76715176715177
20,15,8,0,ecg_only,2058.115234375,49.306364502098695,9,0.43505859375,0.0863126024470733,0.0953865710426151,137.9124579124579,2055.7626953125,40.79047231643427,8,0.5078125,0.0859882155547242,0.15494244563170328,118.15384615384616
20,15,9,0,ecg_only,2041.2666015625,52.48560272988558,10,0.4348958333333333,0.08684027083610972,0.14932787035985928,137.96407185628743,2040.1552734375,42.95567200437105,9,0.49169921875,0.07374016906387817,0.1171502917120324,122.025819265144
20,15,10,0,ecg_only,2033.7470703125,51.950730595302325,10,0.43359375,0.12773696321282002,0.2120197928923736,138.3783783783784,2035.603515625,41.6732667247887,9,0.48828125,0.11067516848833742,0.17766230632659735,122.88
20,16,1,1,ecg_only,2053.0107421875,51.84529346930064,10,0.4127604166666667,0.06835627473128483,0.08811819496664515,145.3627760252366,2052.556640625,46.650092892079,10,0.3919270833333333,0.03319674162495303,0.04630183434035038,153.08970099667775
20,16,2,1,ecg_only,2048.529296875,47.06545808571415,9,0.45703125,0.0632583388308658,0.12798132732976825,131.28205128205127,2049.1181640625,42.605369175337906,9,0.453125,0.05777421663183219,0.09219081032192146,132.41379310344828
20,16,3,1,ecg_only,2054.4013671875,47.188141946026,9,0.455078125,0.049023048429730987,0.06523053212590382,131.84549356223175,2053.6328125,42.47995779146731,9,0.455078125,0.0530229373456962,0.079890759679345,131.84549356223175
20,16,4,1,ecg_only,2058.6875,47.664743095657194,9,0.47119140625,0.08233151658044763,0.13056962524580654,127.33678756476684,2056.9189453125,42.43223310998532,9,0.47119140625,0.07305150960815439,0.13223680374852154,127.33678756476684
20,16,5,1,ecg_only,2070.078125,52.484928547244635,9,0.4638671875,0.08438652807531229,0.1034761338080291,129.34736842105264,2068.673828125,46.62878104007179,9,0.4638671875,0.11037748589313784,0.15122356017059527,129.34736842105264
20,16,6,1,ecg_only,2061.421875,59.4507226847107,9,0.4814453125,0.08568744693367704,0.12758898111780098,124.62474645030426,2062.1337890625,53.40341265592729,9,0.4814453125,0.10264131806119718,0.15337761596907531,124.62474645030426
20,16,7,1,ecg_only,2038.603515625,49.448511606926864,9,0.47998046875,0.03419014906862737,0.05480694863157017,125.00508646998983,2042.6552734375,43.14032009946851,9,0.47900390625,0.040071799688172524,0.06524723862691433,125.25993883792049
20,16,8,1,ecg_only,2036.619140625,44.292677433876975,9,0.466796875,0.11778817408839533,0.1458897903048002,128.53556485355648,2042.28125,36.79062115115074,8,0.48939732142857145,0.11604191331465989,0.15990993507984294,122.59977194982896
20,16,9,1,ecg_only,2038.19921875,49.007626154147154,9,0.4716796875,0.12897651375763813,0.18271899318010157,127.20496894409938,2041.73046875,42.113866404431135,9,0.48486328125,0.11649269120370528,0.12637876599500267,123.74622356495469
20,16,10,1,ecg_only,2040.224609375,49.41318084533379,9,0.47705078125,0.09101305781988421,0.11407702329261389,125.77277379733879,2040.697265625,42.77973372431382,8,0.5323660714285714,0.08206351102746953,0.14048024957563726,112.70440251572327
20,17,1,0,ecg_only,2065.953125,50.93987484878006,10,0.3858506944444444,0.03483056015232444,0.05121136953955818,155.5005624296963,2058.662109375,48.295468070778,11,0.373046875,0.0240955789270174,0.021513947450336336,160.83769633507853
20,17,2,0,ecg_only,2069.0771484375,52.11513419517493,10,0.4205729166666667,0.0542204760772318,0.08834517873358314,142.6625386996904,2067.533203125,48.75577761329923,10,0.4236111111111111,0.0769907046369985,0.10385594118082359,141.63934426229508
20,17,3,0,ecg_only,2066.8310546875,48.65266497370811,9,0.4892578125,0.05376417815820626,0.06647186884012074,122.63473053892216,2066.8115234375,44.88542949858994,9,0.46533203125,0.10185200437540778,0.17954793687214746,128.9401888772298
20,17,4,0,ecg_only,2049.8681640625,48.029361159066895,9,0.46728515625,0.0735199810038844,0.13444376355203583,128.40125391849529,2050.21875,45.02476532073765,9,0.45751953125,0.08897845669725671,0.1782808391756879,131.1419423692636
20,17,5,0,ecg_only,2038.88671875,47.49240131835195,10,0.4422743055555556,0.09089955152474456,0.16093441858397145,135.66241413150146,2039.0224609375,42.94989908537372,10,0.4405381944444444,0.07143153162613305,0.08951408607836708,136.19704433497537
20,17,6,0,ecg_only,2038.517578125,48.16422593335765,9,0.45703125,0.09653654965826092,0.1721284657032565,131.28205128205127,2038.8125,42.98128226332946,9,0.45703125,0.09860863719815889,0.18262352870483897,131.28205128205127
20,17,7,0,ecg_only,2039.9921875,52.826606266064864,9,0.47314453125,0.041544098186339425,0.07799934090695666,126.81114551083591,2041.216796875,48.15982781053095,9,0.47314453125,0.0884624950012749,0.16792981276268049,126.81114551083591
20,17,8,0,ecg_only,2044.671875,53.25416054388967,9,0.47119140625,0.04296597558514642,0.07452650011069888,127.33678756476684,2047.134765625,48.973679577415034,9,0.4716796875,0.08169924443057808,0.13334484958868997,127.20496894409938
20,17,9,0,ecg_only,2050.466796875,48.8180101632839,8,0.5145089285714286,0.11893625045591757,0.17835214866183044,116.61605206073752,2052.1845703125,44.027957606357845,8,0.5072544642857143,0.08397278708025303,0.13234253553653708,118.28382838283828
20,17,10,0,ecg_only,2051.796875,49.406079518206816,9,0.47021484375,0.10131688863766876,0.11878560615156468,127.601246105919,2053.2333984375,43.608378121146316,9,0.48388671875,0.08183191694702982,0.13082813792952624,123.99596367305752
20,18,1,1,ecg_only,2047.4755859375,50.3911011571344,10,0.4036458333333333,0.06346905003621844,0.09204587240584515,148.6451612903226,2047.0126953125,47.739311170318956,10,0.4175347222222222,0.06299835074940503,0.05642131572521207,143.7006237006237
20,18,2,1,ecg_only,2050.3701171875,46.1168345328473,10,0.4244791666666667,0.07561057885915612,0.13262567282316376,141.34969325153372,2048.4892578125,41.97583337743764,10,0.4236111111111111,0.04844418885516483,0.064453125,141.63934426229508
20,18,3,1,ecg_only,2056.056640625,50.09092040943747,9,0.46728515625,0.09978036602810268,0.19184988674940345,128.40125391849529,2052.703125,45.84060518780675,9,0.46728515625,0.04045079366803603,0.07890238233095373,128.40125391849529
20,18,4,1,ecg_only,2052.18359375,50.92896290015104,9,0.4853515625,0.10888124460735234,0.18466513944889157,123.62173038229376,2050.88671875,45.92881358535618,9,0.4853515625,0.08336320977297086,0.150920550013226,123.62173038229376
20,18,5,1,ecg_only,2047.1474609375,47.31880255864905,8,0.5295758928571429,0.11081751919523705,0.209115150865772,113.29820864067439,2047.9697265625,41.27958292341968,8,0.5239955357142857,0.10801991749180438,0.18431264393997998,114.50479233226838
20,18,6,1,ecg_only,2046.892578125,42.907105595003394,8,0.5245535714285714,0.08120905684456743,0.10124901539516117,114.38297872340426,2048.5498046875,36.21535871689114,8,0.5184151785714286,0.08259305613980364,0.1197633571621554,115.73735199138858
20,18,7,1,ecg_only,2050.5,43.534513965932824,9,0.46435546875,0.0775967861139233,0.11968142410445175,129.21135646687696,2051.923828125,36.7677473435681,10,0.4040798611111111,0.07268637161024516,0.10486116949645403,148.48549946294307
20,18,8,1,ecg_only,2053.958984375,48.48707420120857,9,0.47216796875,0.10024760110700884,0.1173547913057269,127.07342295760083,2054.984375,42.18400159105789,9,0.4501953125,0.09503814734454578,0.1155767273749966,133.2754880694143
20,18,9,1,ecg_only,2055.5322265625,48.641695965998856,8,0.5245535714285714,0.0800465226653621,0.1468788092369508,114.38297872340426,2054.921875,42.28721722027089,8,0.5167410714285714,0.056788188541109605,0.11407543091657416,116.11231101511879
20,18,10,1,ecg_only,2056.2490234375,48.647242452836686,9,0.47607421875,0.11152390782245397,0.14183660834002548,126.03076923076924,2055.84765625,42.416188435334874,9,0.4765625,0.1136174966581952,0.17428680205173208,125.90163934426229
21,1,1,0,ecg_only,2036.55859375,66.94837158137202,10,0.4301215277777778,0.10422271350996948,0.1312595908884197,139.4954591321897,2038.0283203125,52.925121954487736,10,0.4149305555555556,0.10253900508890221,0.12492368275740143,144.60251046025104
21,1,2,0,ecg_only,2037.3203125,73.30176909889245,8,0.5396205357142857,0.15302800447323758,0.18548861475688228,111.18924508790073,2036.9453125,57.71617767599778,8,0.5485491071428571,0.14396239923388335,0.16708829319061874,109.37945066124111
21,1,3,0,ecg_only,2030.2783203125,73.5310818548262,8,0.5535714285714286,0.1514858842749592,0.21791717393085477,108.38709677419354,2031.6611328125,57.315067870209624,8,0.5535714285714286,0.1514858842749592,0.2178471416289078,108.38709677419354
21,1,4,0,ecg_only,2024.2294921875,72.59727491802552,8,0.5044642857142857,0.16114579657411995,0.13707171699135579,118.93805309734513,2027.1298828125,56.5270410745381,9,0.44140625,0.14261825205881784,0.12690375070093193,135.92920353982302
21,1,5,0,ecg_only,2031.451171875,72.9597328381499,9,0.43994140625,0.13432527553601797,0.11804928660555454,136.38179800221977,2034.4384765625,57.489334303126505,9,0.43994140625,0.13432527553601797,0.11656269448949688,136.38179800221977
21,1,6,0,ecg_only,2036.787109375,72.73865347139571,7,0.623046875,0.11988539415258137,0.13840478239230933,96.30094043887148,2040.830078125,56.79593090337895,7,0.6236979166666666,0.11843233507134522,0.13666293503543672,96.20041753653446
21,1,7,0,ecg_only,2039.4853515625,73.75716186275255,7,0.634765625,0.07879756076606871,0.10289095126182136,94.52307692307693,2042.4169921875,57.83915723541504,7,0.6204427083333334,0.11051803829818693,0.14089600622555806,96.70514165792234
21,1,8,0,ecg_only,2040.880859375,73.80626471893477,8,0.54296875,0.14685778299545205,0.20930356757216897,110.50359712230215,2044.6640625,58.65331503628839,8,0.5334821428571429,0.15648499548067454,0.22391480015368476,112.46861924686192
21,1,9,0,ecg_only,2048.6591796875,73.94501529398103,8,0.53515625,0.15908422792238305,0.1850562317763734,112.11678832116789,2051.619140625,58.56976563156519,8,0.5362723214285714,0.15782844307222332,0.18178407753803458,111.88345473465141
21,1,10,0,ecg_only,2058.1103515625,73.96310927394923,8,0.5452008928571429,0.13608522131422027,0.19752651374641456,110.05117707267144,2058.1259765625,59.07556691618118,8,0.5256696428571429,0.1521913893397329,0.22404537431646332,114.14012738853502
21,2,1,0,ecg_only,2051.2685546875,71.21341678323209,8,0.4927455357142857,0.16223778761112986,0.19424185720009388,121.76670441676104,2053.8134765625,54.753918363846466,7,0.5748697916666666,0.15871135358072322,0.22295758118488032,104.37146092865233
21,2,2,0,ecg_only,2048.86328125,71.48626438333031,9,0.484375,0.14627589330744362,0.15969964309435475,123.87096774193549,2053.7861328125,54.853001027870945,9,0.47998046875,0.14921207113448032,0.172242403581458,125.00508646998983
21,2,3,0,ecg_only,2041.45703125,66.54788652212423,10,0.4301215277777778,0.11516549030510184,0.11434541913837076,139.4954591321897,2047.0673828125,51.343610683259115,10,0.4301215277777778,0.11435293545183095,0.11459535477895282,139.4954591321897
21,2,4,0,ecg_only,2043.2197265625,66.5887680087658,9,0.48681640625,0.14190683016210062,0.16070653503135993,123.24974924774322,2048.2001953125,51.50502440562816,9,0.47705078125,0.1408748526382014,0.17354103248326358,125.77277379733879
21,2,5,0,ecg_only,2043.2841796875,72.6818590870013,10,0.4301215277777778,0.12836513695852614,0.14335857671780466,139.4954591321897,2047.541015625,56.999693986840896,10,0.42578125,0.129594909216341,0.15248140815845182,140.91743119266056
21,2,6,0,ecg_only,2039.048828125,73.62816710209626,7,0.6321614583333334,0.10134734488540477,0.12774094497629765,94.91246138002059,2042.05078125,57.70172968607309,7,0.6243489583333334,0.11877005781353107,0.14867374292704646,96.10010427528675
21,2,7,0,ecg_only,2051.6103515625,74.51879174096058,7,0.6217447916666666,0.11445193993508591,0.13536156731602217,96.50261780104712,2052.8564453125,58.551158665855596,7,0.6197916666666666,0.12051834618220188,0.14414009569686015,96.80672268907564
21,2,8,0,ecg_only,2060.1171875,74.09786825266868,7,0.62109375,0.10517900013934578,0.12448624892683931,96.60377358490567,2060.65234375,58.02659878350476,7,0.6204427083333334,0.10660596073766394,0.12632355917073623,96.70514165792234
21,2,9,0,ecg_only,2056.8701171875,74.1100304076143,7,0.6158854166666666,0.11369953904018867,0.14423533897007523,97.42071881606766,2057.1865234375,57.3449793296655,7,0.615234375,0.11514606432508795,0.1459704526500997,97.52380952380952
21,2,10,0,ecg_only,2039.7890625,74.61381326786008,8,0.5401785714285714,0.15511184644997267,0.21929572923789273,111.07438016528926,2041.203125,57.70970379502372,8,0.54296875,0.15247962118667577,0.21544069531222412,110.50359712230215
21,3,1,1,ecg_only,2041.484375,79.8888250335075,7,0.6236979166666666,0.07834171331505897,0.0895375215953485,96.20041753653446,2042.5185546875,66.60489881644271,7,0.6119791666666666,0.10446733949757403,0.1208667226677281,98.04255319148936
21,3,2,1,ecg_only,2049.5166015625,79.25517356544066,8,0.5390625,0.14594954447085473,0.20714177474316955,111.30434782608695,2052.1279296875,65.18215343314883,8,0.5329241071428571,0.15170362801380533,0.215935907721457,112.58638743455498
21,3,3,1,ecg_only,2063.8740234375,80.5696318423896,7,0.634765625,0.0871642437434628,0.09835686181261072,94.52307692307693,2067.5830078125,66.50392775301368,7,0.6302083333333334,0.09728227002267109,0.1105268588327629,95.20661157024793
21,3,4,1,ecg_only,2070.560546875,76.88677657569556,8,0.5502232142857143,0.15464336620462235,0.2187267472760438,109.04665314401622,2072.248046875,62.83845076561645,8,0.5463169642857143,0.15814184730671096,0.22439131171847895,109.82635342185904
21,3,5,1,ecg_only,2042.783203125,73.19703897522078,8,0.5552455357142857,0.13692472640080836,0.1811955512684546,108.06030150753769,2044.0966796875,58.8065172693514,8,0.5379464285714286,0.1476972006841141,0.20221526044289928,111.53526970954356
21,3,6,1,ecg_only,2028.4814453125,68.50778103232925,9,0.48095703125,0.13843010256186364,0.13599136863694697,124.751269035533,2031.2451171875,54.928944473764396,9,0.46630859375,0.14348408526383344,0.12482549202715537,128.67015706806282
21,3,7,1,ecg_only,2057.4072265625,86.28489549141433,10,0.3980034722222222,0.10319278542856652,0.14426046212534183,150.752453653217,2059.65625,74.74481979333083,9,0.44140625,0.14547831601200056,0.24995639965784175,135.92920353982302
21,3,8,1,ecg_only,2074.37109375,92.55603763087912,10,0.4340277777777778,0.13955326125411385,0.1591347472987957,138.24,2075.4140625,80.71393131607513,10,0.4340277777777778,0.140678573471409,0.2365580299590059,138.24
21,3,9,1,ecg_only,2100.9482421875,93.77786178086673,7,0.634765625,0.10794145179204308,0.12103072956898178,94.52307692307693,2101.123046875,81.28348165966166,8,0.5435267857142857,0.15675738728300292,0.17705700248481065,110.39014373716633
21,3,10,1,ecg_only,2101.53125,87.11525344514874,7,0.625,0.05902618206584967,0.06119237563567458,96.0,2101.587890625,74.33345800084264,7,0.6256510416666666,0.057649362779330415,0.059498227389561786,95.90010405827263
21,4,1,1,ecg_only,2039.3818359375,77.281418710317,7,0.6380208333333334,0.10746724105189244,0.12664927580724653,94.0408163265306,2042.1689453125,64.7925307687459,8,0.5401785714285714,0.16573754659425902,0.19330346940122956,111.07438016528926
21,4,2,1,ecg_only,2047.2568359375,76.8721890501611,8,0.5563616071428571,0.1565407053346131,0.22565708992423197,107.84353059177533,2049.54296875,64.55595100326943,9,0.48388671875,0.15968439326838177,0.2141628821595051,123.99596367305752
21,4,3,1,ecg_only,2050.6953125,78.77422083811648,7,0.6321614583333334,0.08025788597162076,0.1093470946544763,94.91246138002059,2052.62890625,66.68544239133989,7,0.6139322916666666,0.12036526226279745,0.15794007838219848,97.73064687168612
21,4,4,1,ecg_only,2055.1240234375,80.30882317108407,7,0.6126302083333334,0.08041616489075966,0.09846539783250002,97.93836344314559,2056.375,68.688367260221,7,0.60546875,0.0963453684046142,0.11736965010438175,99.09677419354838
21,4,5,1,ecg_only,2056.8759765625,79.76351306596551,7,0.6048177083333334,0.07718894528139708,0.10038378502963016,99.20344456404736,2057.1376953125,68.11840266909094,7,0.5944010416666666,0.0984968164814876,0.12454752089438594,100.94194961664842
21,4,6,1,ecg_only,2038.626953125,80.26136197856384,7,0.6002604166666666,0.099120960120668,0.11549559904358911,99.95661605206074,2040.33984375,67.90540679394083,7,0.5963541666666666,0.10784520437942008,0.12596066396771455,100.6113537117904
21,4,7,1,ecg_only,2033.2109375,78.45966094749642,8,0.5675223214285714,0.13455258273525278,0.1775231975745236,105.7227138643068,2036.751953125,65.69614444259878,8,0.5675223214285714,0.13587453459052337,0.179906738987379,105.7227138643068
21,4,8,1,ecg_only,2040.5751953125,77.54677400230766,6,0.66953125,0.010065702130254005,0.015502449088269086,89.61493582263711,2043.94140625,64.72028520311434,6,0.66953125,0.010065702130254003,0.01691455866766482,89.61493582263711
21,4,9,1,ecg_only,2041.6875,77.33393245771872,6,0.6734375,0.01121304694875572,0.016341016143243663,89.09512761020882,2044.1259765625,64.30372836366645,6,0.67421875,0.0120017902310447,0.0166875073150733,88.99188876013905
21,4,10,1,ecg_only,2038.2041015625,77.58830870201828,6,0.671875,0.012837247441527332,0.013810679320049757,89.30232558139535,2039.9873046875,64.87968759378039,6,0.671875,0.01307281291459493,0.01295556558732578,89.30232558139535
21,5,1,1,ecg_only,2051.1357421875,82.0014179793315,7,0.5846354166666666,0.09387650608164548,0.11385897938897925,102.62806236080179,2051.5693359375,71.0561856607345,8,0.55078125,0.11989069729080318,0.15346641625439994,108.93617021276596
21,5,2,1,ecg_only,2047.7392578125,81.12404529144955,8,0.5245535714285714,0.14225423837432466,0.13358575451219995,114.38297872340426,2048.8095703125,69.60161373827204,8,0.5329241071428571,0.13374243016915396,0.13422199380053804,112.58638743455498
21,5,3,1,ecg_only,2043.427734375,79.81947803985217,10,0.4010416666666667,0.10216169398923454,0.11335699245859433,149.6103896103896,2045.859375,66.89816881077071,10,0.4010416666666667,0.10154580525179813,0.11394438179899301,149.6103896103896
21,5,4,1,ecg_only,2040.5869140625,79.5650177862152,10,0.3967013888888889,0.10242871643829178,0.16276106770703125,151.2472647702407,2044.4052734375,66.56030521266678,10,0.3967013888888889,0.10252798156249503,0.16314148099813738,151.2472647702407
21,5,5,1,ecg_only,2047.12890625,73.41159772170683,10,0.4405381944444444,0.12283522882853283,0.17064434235317746,136.19704433497537,2050.9248046875,61.45424499965383,10,0.4318576388888889,0.12546180848647126,0.19136140259040532,138.93467336683418
21,5,6,1,ecg_only,2051.1796875,72.20568586875513,11,0.384375,0.03976708310195129,0.042332729705752234,156.09756097560975,2053.14453125,59.3943604075149,11,0.374609375,0.025641786612931733,0.04207160005573831,160.16684045881127
21,5,7,1,ecg_only,2053.384765625,79.56368077938463,9,0.48583984375,0.14852661670061118,0.16372999894889015,123.49748743718592,2054.4541015625,66.17560565615123,9,0.48388671875,0.15020582065605834,0.17267846899695957,123.99596367305752
21,5,8,1,ecg_only,2051.87109375,80.50791513139383,8,0.4916294642857143,0.15958260413169753,0.13731269794971318,122.04313280363223,2053.3125,66.97954736802123,8,0.4916294642857143,0.15960992089932816,0.13897871715343535,122.04313280363223
21,5,9,1,ecg_only,2051.7734375,79.89923730899184,9,0.43603515625,0.14190683016210062,0.12871163610123657,137.60358342665174,2053.390625,65.90681861715353,9,0.43603515625,0.14192027037714133,0.12727252061363528,137.60358342665174
21,5,10,1,ecg_only,2055.3115234375,80.46222439573982,7,0.625,0.12245122859904944,0.15236378073442355,96.0,2056.7080078125,66.85853838235576,7,0.6256510416666666,0.1209974555526562,0.15062127199743403,95.90010405827263
21,6,1,1,ecg_only,2047.951171875,81.37520136420069,7,0.6080729166666666,0.10329222815246744,0.13320255223483896,98.67237687366168,2052.4521484375,68.65626888422474,7,0.6041666666666666,0.11029345277407172,0.14187809743314858,99.3103448275862
21,6,2,1,ecg_only,2050.9267578125,80.68409599493242,7,0.6197916666666666,0.10663577586146401,0.12158418829662844,96.80672268907564,2054.412109375,67.59005920520441,7,0.6171875,0.11242492431294243,0.12851503134361367,97.21518987341773
21,6,3,1,ecg_only,2045.498046875,80.35197228015193,7,0.6126302083333334,0.10460722266684638,0.12766925423359574,97.93836344314559,2048.671875,67.31255621805916,7,0.607421875,0.11624512583587734,0.14163051966847576,98.7781350482315
21,6,4,1,ecg_only,2050.3525390625,81.01368116881193,7,0.60546875,0.10344804201063128,0.12459651677389501,99.09677419354838,2053.970703125,68.45773902429232,7,0.607421875,0.09909743855152846,0.11938052179637598,98.7781350482315
21,6,5,1,ecg_only,2050.1123046875,80.94488434558212,7,0.6256510416666666,0.049688598705969235,0.05513212113867922,95.90010405827263,2053.5537109375,68.42396445698095,7,0.6197916666666666,0.06268959956880585,0.07063727078134814,96.80672268907564
21,6,6,1,ecg_only,2051.8505859375,81.95841492488996,7,0.6282552083333334,0.035474303973503325,0.04491338234939003,95.50259067357513,2054.775390625,69.16984262490166,7,0.6282552083333334,0.035474303973503325,0.04491338234939003,95.50259067357513
21,6,7,1,ecg_only,2054.0009765625,84.34219847952048,7,0.6315104166666666,0.03342577513800374,0.03647692978102735,95.01030927835052,2056.767578125,70.94135922592703,7,0.6315104166666666,0.03342577513800374,0.03647692978102735,95.01030927835052
21,6,8,1,ecg_only,2049.169921875,81.32627689779237,7,0.6399739583333334,0.04087069300968622,0.05767509007903672,93.75381485249237,2051.4755859375,67.44110125382409,7,0.640625,0.03951560131638937,0.05598352680420822,93.65853658536585
21,6,9,1,ecg_only,2054.5908203125,83.76277627425465,7,0.62109375,0.08462540004829125,0.11080262487724513,96.60377358490567,2055.5068359375,69.841421606522,7,0.6158854166666666,0.09617804850322598,0.12469445077744037,97.42071881606766
21,6,10,1,ecg_only,2050.0185546875,86.27034773264259,7,0.6484375,0.0067658234670659265,0.009568319307746789,92.53012048192771,2051.6220703125,72.30664370470258,7,0.6484375,0.0067658234670659265,0.009568319307746789,92.53012048192771
21,7,1,0,ecg_only,2055.8271484375,79.22101454648787,7,0.6171875,0.09004167510218995,0.09849638615673927,97.21518987341773,2058.017578125,64.88928133085248,7,0.6106770833333334,0.10287282403699834,0.11248372278078726,98.25159914712152
21,7,2,0,ecg_only,2054.962890625,78.2725019428553,7,0.6263020833333334,0.08319079606751711,0.09896004658604653,95.80041580041579,2058.0771484375,62.991449888505436,7,0.6197916666666666,0.09767360956817553,0.11625934522249168,96.80672268907564
21,7,3,0,ecg_only,2057.5986328125,78.61269054878035,7,0.62109375,0.09138732888211765,0.10426102497158274,96.60377358490567,2061.1357421875,63.25515767505471,7,0.6158854166666666,0.10297166104045595,0.11809544107680449,97.42071881606766
21,7,4,0,ecg_only,2055.974609375,78.32815672902154,7,0.6145833333333334,0.09070765208460303,0.1197633571621554,97.62711864406779,2058.5625,63.01233758161968,7,0.609375,0.10384063561133794,0.13527135633144957,98.46153846153847
21,7,5,0,ecg_only,2059.8837890625,78.0281973452899,7,0.6184895833333334,0.08560145788486251,0.10071763980927075,97.01052631578946,2061.2919921875,62.848137389861755,7,0.61328125,0.09700302360515195,0.11431372163097919,97.8343949044586
21,7,6,0,ecg_only,2059.984375,77.64004326608386,7,0.62109375,0.11390810755229776,0.1333628303960665,96.60377358490567,2061.515625,61.84434017846237,7,0.619140625,0.11826221603511605,0.13858106621780084,96.90851735015772
21,7,7,0,ecg_only,2054.3349609375,76.79450885468862,7,0.6236979166666666,0.10836275141439158,0.13358004315648164,96.20041753653446,2056.2138671875,60.42447638799703,7,0.6178385416666666,0.12139614181518638,0.14921670482891652,97.1127502634352
21,7,8,0,ecg_only,2053.3974609375,76.9330270925021,7,0.6276041666666666,0.11189586290960325,0.13206360550294505,95.60165975103735,2055.92578125,60.474057901526244,8,0.5385044642857143,0.15573896020100364,0.22443097534723788,111.41968911917098
21,7,9,0,ecg_only,2046.93359375,70.59574535398689,9,0.48876953125,0.13401963907060865,0.17954186644912576,122.75724275724276,2052.197265625,55.510645730329905,9,0.48388671875,0.13307702144654787,0.16983365680024337,123.99596367305752
21,7,10,0,ecg_only,2051.3837890625,69.46475170468116,11,0.394921875,0.05299991017459958,0.0684058621696026,151.92878338278933,2056.0322265625,53.477670724669466,11,0.39296875,0.049138078729738716,0.06358914295351448,152.68389662027835
21,8,1,1,ecg_only,2053.044921875,83.72149662810709,7,0.6295572916666666,0.039798832592650844,0.044572349454987226,95.30506721820062,2055.1875,72.91524403374099,7,0.6295572916666666,0.03986268102823341,0.04311056144162936,95.30506721820062
21,8,2,1,ecg_only,2058.16015625,89.0642748418275,7,0.646484375,0.006278418464188122,0.009568319307746789,92.809667673716,2060.8251953125,77.0225065395416,7,0.646484375,0.006671191904921613,0.010909562534194485,92.809667673716
21,8,3,1,ecg_only,2048.2275390625,81.02334964016569,7,0.6536458333333334,0.025079896203461228,0.037426686146885886,91.79282868525895,2052.2490234375,68.55196975755018,7,0.6549479166666666,0.02285146975883365,0.034188057011001666,91.610337972167
21,8,4,1,ecg_only,2047.4033203125,72.49189359792601,9,0.4599609375,0.13829655966627422,0.23562260946352706,130.44585987261146,2051.224609375,60.39408617057354,9,0.443359375,0.14381685775394604,0.25592432892805794,135.33039647577093
21,8,5,1,ecg_only,2048.2099609375,78.11379831193221,11,0.394921875,0.10083044463084116,0.11455373670793109,151.92878338278933,2050.6640625,64.82408916923626,11,0.39375,0.10080547189544076,0.1162797597623161,152.38095238095238
21,8,6,1,ecg_only,2058.85546875,80.1403103630924,8,0.5,0.16136980339784987,0.13109722631465484,120.0,2060.3427734375,66.7586508799275,8,0.5,0.16130224790303274,0.1324673824829154,120.0
21,8,7,1,ecg_only,2062.3505859375,81.48305002307491,6,0.678125,0.015741751312195223,0.015128841196122723,88.47926267281106,2064.3212890625,68.78461696593808,6,0.678125,0.015741751312195223,0.015128841196122723,88.47926267281106
21,8,8,1,ecg_only,2049.7490234375,82.86552841699361,6,0.6625,0.01121304694875572,0.017249532942046578,90.56603773584906,2052.7353515625,70.55994847214693,6,0.6625,0.01121304694875572,0.017249532942046578,90.56603773584906
21,8,9,1,ecg_only,2048.794921875,82.59124294810344,6,0.66640625,0.009757809372497497,0.01324673824829154,90.03516998827668,2051.486328125,70.37739927494361,6,0.66640625,0.01121304694875572,0.01586726250905461,90.03516998827668
21,8,10,1,ecg_only,2052.177734375,81.86055247258562,6,0.66640625,0.007654655446197431,0.008286407592029853,90.03516998827668,2053.9189453125,68.89623844830089,6,0.665625,0.008043461047646094,0.007564420598061361,90.14084507042253
21,9,1,1,ecg_only,2062.486328125,78.24268516500334,7,0.6328125,0.12098869771163889,0.14776781499513858,94.81481481481481,2061.6376953125,63.81958966004024,7,0.630859375,0.12358307443095633,0.14951296257034874,95.10835913312694
21,9,2,1,ecg_only,2056.994140625,77.04381847797865,8,0.55859375,0.15971329205323564,0.23043564380863477,107.41258741258741,2059.376953125,62.45318947092736,8,0.5541294642857143,0.16130803948260589,0.22976144997198544,108.27794561933534
21,9,3,1,ecg_only,2037.1220703125,73.35121088231132,8,0.5569196428571429,0.14617127465340454,0.1976809520137499,107.73547094188376,2042.01171875,59.538441653656825,8,0.5524553571428571,0.14768454977966533,0.14644530729027733,108.60606060606061
21,9,4,1,ecg_only,2030.0302734375,71.65357238185324,10,0.4162326388888889,0.10446102795262073,0.1596851397972595,144.15015641293013,2035.39453125,57.48823426987276,9,0.45947265625,0.14183960998369655,0.23900741954169988,130.5844845908608
21,9,5,1,ecg_only,2049.759765625,77.3482568279342,8,0.5563616071428571,0.1586431840243143,0.1851455363461573,107.84353059177533,2052.974609375,61.90899744537269,9,0.48681640625,0.15912800517394682,0.2491659146859671,123.24974924774322
21,9,6,1,ecg_only,2046.01953125,77.95352186819575,8,0.5061383928571429,0.16636953011792202,0.20129509272575113,118.54465270121278,2048.0615234375,63.00177579980693,9,0.44287109375,0.14728864494939953,0.22743156134289294,135.47960308710034
21,9,7,1,ecg_only,2044.8642578125,78.0154239797877,8,0.5022321428571429,0.1674925395269708,0.24428381217740788,119.46666666666665,2046.6572265625,62.66168684737145,8,0.5022321428571429,0.16759662296519204,0.24535893934108727,119.46666666666665
21,9,8,1,ecg_only,2061.5810546875,78.78935817347184,8,0.5452008928571429,0.1613813815003507,0.14284987658231746,110.05117707267144,2063.375,63.95645185886253,8,0.5452008928571429,0.1613813815003507,0.14284987658231746,110.05117707267144
21,9,9,1,ecg_only,2060.3876953125,78.81339886581574,9,0.4912109375,0.15634457586948322,0.24174156093308835,122.14711729622266,2061.474609375,64.16129074696177,10,0.43359375,0.1316585902058806,0.14355136582041375,138.3783783783784
21,9,10,1,ecg_only,2036.1669921875,72.73434945176739,10,0.4322916666666667,0.1203564584197015,0.16798010499409782,138.79518072289156,2038.650390625,58.08150960210928,11,0.38671875,0.06647514808182077,0.07606886285926318,155.15151515151516
21,10,1,1,ecg_only,2016.8486328125,78.08439906304619,7,0.62109375,0.040343576522993925,0.054993563188681455,96.60377358490567,2033.1787109375,70.8164461051479,7,0.6223958333333334,0.03737682316251907,0.05128952363178079,96.40167364016736
21,10,2,1,ecg_only,2018.720703125,76.67331343600337,7,0.6126302083333334,0.1032860727830533,0.14476332718764617,97.93836344314559,2035.3564453125,69.24751023178882,8,0.5217633928571429,0.14412886104931397,0.11506321151101757,114.9946524064171
21,10,3,1,ecg_only,2010.45703125,75.32642577018721,9,0.486328125,0.14921926128839108,0.20949094770600216,123.37349397590361,2027.09375,68.81196781129356,10,0.4327256944444444,0.12357831084016331,0.18534116886691182,138.65596790371114
21,10,4,1,ecg_only,2007.326171875,75.05118734092726,8,0.5463169642857143,0.14751576738191585,0.17290029180122257,109.82635342185904,2024.0107421875,68.26954906777917,8,0.5463169642857143,0.14632883962106355,0.17281201731020593,109.82635342185904
21,10,5,1,ecg_only,2006.8955078125,76.21776867024022,7,0.603515625,0.09827279333980128,0.11467355586211889,99.41747572815534,2026.7275390625,69.74152182595414,7,0.603515625,0.09827279333980128,0.11467355586211889,99.41747572815534
21,10,6,1,ecg_only,2005.912109375,76.77922190191195,7,0.6028645833333334,0.1102703924986465,0.14208229280838447,99.52483801295895,2026.0830078125,70.21647571094383,7,0.6028645833333334,0.1102703924986465,0.14208229280838447,99.52483801295895
21,10,7,1,ecg_only,2010.595703125,76.08095131773699,7,0.619140625,0.11107656153656567,0.1366294351121401,96.90851735015772,2029.75,68.92432444355185,7,0.6158854166666666,0.12013791671290981,0.14887886684209917,97.42071881606766
21,10,8,1,ecg_only,2009.5419921875,75.94683709530759,7,0.640625,0.05633673867912483,0.061590055698444536,93.65853658536585,2027.94921875,68.62257622779582,7,0.640625,0.05647200115156625,0.06198518440673949,93.65853658536585
21,10,9,1,ecg_only,2014.5166015625,76.79268788034524,7,0.6334635416666666,0.03460333923416227,0.04122898375612113,94.71736896197328,2032.361328125,70.00820479673139,7,0.6334635416666666,0.03460333923416227,0.04122898375612113,94.71736896197328
21,10,10,1,ecg_only,2022.53515625,76.7495338848262,7,0.6321614583333334,0.047704075785735336,0.05835890436557218,94.91246138002059,2038.265625,70.06603853408137,7,0.6321614583333334,0.047704075785735336,0.05835890436557218,94.91246138002059
21,11,1,0,ecg_only,2032.400390625,84.77101417110339,7,0.6471354166666666,0.01573313277811793,0.018652088103614566,92.71629778672033,2039.6181640625,79.27790383993722,7,0.6471354166666666,0.01652158533912698,0.019216209181638817,92.71629778672033
21,11,2,0,ecg_only,2039.478515625,85.60674718397861,7,0.640625,0.013342383809843227,0.014719877876106853,93.65853658536585,2045.9599609375,79.64602694303699,7,0.640625,0.014263608268363702,0.015915272490205752,93.65853658536585
21,11,3,0,ecg_only,2049.1787109375,79.24673627877881,7,0.5924479166666666,0.09945393986420996,0.11936773947161142,101.27472527472528,2054.4189453125,73.83256284585843,7,0.5904947916666666,0.10543056471810967,0.12619061877027546,101.60970231532525
21,11,4,0,ecg_only,2053.2529296875,78.80192665005521,7,0.5930989583333334,0.09810876062653807,0.11962312645476417,101.1635565312843,2058.4140625,73.74176620814079,7,0.5891927083333334,0.10672517125732107,0.1298262623602694,101.8342541436464
21,11,5,0,ecg_only,2050.2802734375,78.35153756620052,7,0.6061197916666666,0.10402211650207459,0.11980157341282084,98.99033297529539,2057.576171875,72.95039289027481,7,0.6028645833333334,0.11125766837257281,0.1284675299443404,99.52483801295895
21,11,6,0,ecg_only,2044.4765625,77.5811787383615,7,0.603515625,0.09725830377399552,0.11943163741498732,99.41747572815534,2052.8662109375,72.03744327292061,8,0.5675223214285714,0.1271562469436656,0.16760498400722604,105.7227138643068
21,11,7,0,ecg_only,2050.9736328125,78.13920050994842,7,0.5983072916666666,0.09184303656130031,0.10205708899465289,100.2829162132753,2059.2109375,73.03495014629019,7,0.6126302083333334,0.060111280314516236,0.06370900949335973,97.93836344314559
21,11,8,0,ecg_only,2052.998046875,78.92940870604127,7,0.6223958333333334,0.039878627164358214,0.06196056268405735,96.40167364016736,2061.1884765625,73.54375706440274,7,0.6223958333333334,0.039878627164358214,0.06196056268405735,96.40167364016736
21,11,9,0,ecg_only,2042.3095703125,79.96253313448817,7,0.6302083333333334,0.04685691201939214,0.04990224819584785,95.20661157024793,2050.3232421875,74.02394834478042,7,0.6302083333333334,0.04830009633070679,0.05307327445087122,95.20661157024793
21,11,10,0,ecg_only,2024.173828125,84.98775795685494,7,0.6360677083333334,0.004168700675412011,0.005524271728019903,94.32958034800409,2032.8916015625,77.88311910784164,7,0.63671875,0.00390625,0.006298638865858242,94.23312883435582
21,12,1,0,ecg_only,2044.7109375,86.61288266113243,7,0.6184895833333334,0.018688411581259536,0.01798572567690834,97.01052631578946,2048.36328125,82.15326556113517,7,0.619140625,0.0189697946410592,0.01711632992203644,96.90851735015772
21,12,2,0,ecg_only,2044.37890625,79.65220409727348,7,0.60546875,0.08118988160479113,0.09080666060028306,99.09677419354838,2048.2958984375,75.19940511767487,7,0.5924479166666666,0.10992390784762456,0.1266974589080223,101.27472527472528
21,12,3,0,ecg_only,2049.3447265625,78.31836889124165,7,0.6061197916666666,0.10289136320708774,0.1141667973501381,98.99033297529539,2052.3935546875,73.50936907136699,7,0.60546875,0.10432930012505276,0.1159044343009576,99.09677419354838
21,12,4,0,ecg_only,2048.55078125,78.73858647060949,7,0.6119791666666666,0.10329222815246744,0.12690203298829575,98.04255319148936,2052.087890625,73.95213354926305,7,0.6087239583333334,0.11051803829818693,0.1355643225442262,98.56684491978609
21,12,5,0,ecg_only,2051.275390625,79.18430797041584,7,0.6041666666666666,0.10444299286539312,0.1190092769821433,99.3103448275862,2054.9501953125,74.65771150176386,7,0.603515625,0.10589588469427078,0.12077831901359615,99.41747572815534
21,12,6,0,ecg_only,2052.61328125,79.58227648074914,7,0.6002604166666666,0.1061816824889329,0.12425313989367633,99.95661605206074,2056.52734375,74.64770929050225,7,0.599609375,0.10584784300655647,0.12426541969208489,100.06514657980456
21,12,7,0,ecg_only,2044.625,79.6105020160657,7,0.6080729166666666,0.04353711848255335,0.043181292516985874,98.67237687366168,2048.6689453125,75.1536497241244,7,0.607421875,0.044921875,0.04487939567607835,98.7781350482315
21,12,8,0,ecg_only,2044.341796875,85.79747894691452,7,0.62890625,0.02054652843497331,0.013189017981354792,95.40372670807453,2050.0439453125,80.77177182343476,7,0.62890625,0.020422379090310055,0.014192111034831992,95.40372670807453
21,12,9,0,ecg_only,2045.646484375,85.48046667486602,7,0.6451822916666666,0.010190413959959978,0.014511074703911492,92.99697275479315,2052.705078125,80.04489056437423,7,0.6451822916666666,0.009412000191927708,0.013531646934131853,92.99697275479315
21,12,10,0,ecg_only,2037.1513671875,78.94770283730267,7,0.619140625,0.06624328963165974,0.07473096277230075,96.90851735015772,2041.9296875,73.87035292001347,7,0.6002604166666666,0.1081278098543057,0.1265407967502477,99.95661605206074
21,13,1,1,ecg_only,2060.4130859375,81.12099292304514,7,0.6041666666666666,0.09438981614291372,0.1077303808632342,99.3103448275862,2062.8505859375,73.92719800672434,7,0.5983072916666666,0.10739030470432538,0.1250488185919803,100.2829162132753
21,13,2,1,ecg_only,2065.927734375,79.77984020214282,6,0.65703125,0.015309310892394862,0.019628663322501738,91.31985731272296,2066.50390625,71.97786107367467,7,0.6061197916666666,0.1146961004050865,0.14258615131517857,98.99033297529539
21,13,3,1,ecg_only,2061.6181640625,80.06774293764833,6,0.68046875,0.014062499999999999,0.01680141653719263,88.17451205510908,2061.5400390625,72.47599520702337,6,0.68046875,0.014062499999999999,0.01680141653719263,88.17451205510908
21,13,4,1,ecg_only,2055.794921875,80.1652525012405,6,0.6640625,0.021678807696111888,0.020203282095290237,90.3529411764706,2053.470703125,73.26379137110033,6,0.6640625,0.021678807696111888,0.020203282095290237,90.3529411764706
21,13,5,1,ecg_only,2053.3662109375,80.5484354898452,8,0.5619419642857143,0.12280843485249035,0.15485214564777186,106.77259185700099,2049.328125,74.92236704739364,7,0.6009114583333334,0.08597941291686931,0.09480203983993435,99.84832069339112
21,13,6,1,ecg_only,2041.8896484375,83.02956534253418,7,0.6139322916666666,0.0428155808527536,0.05647200115156625,97.73064687168612,2042.7783203125,77.30804528591219,7,0.61328125,0.044423755492791615,0.06013595436851817,97.8343949044586
21,13,7,1,ecg_only,2024.916015625,83.3263232703193,7,0.6295572916666666,0.03986268102823341,0.04384754750125713,95.30506721820062,2029.611328125,77.51946144629478,7,0.6282552083333334,0.04093286955629726,0.04521811290152432,95.50259067357513
21,13,8,1,ecg_only,2032.212890625,82.5350161830225,7,0.6354166666666666,0.035563802822259544,0.05044963840925919,94.42622950819673,2036.517578125,76.59547557466773,7,0.6354166666666666,0.035563802822259544,0.05044963840925919,94.42622950819673
21,13,9,1,ecg_only,2049.0576171875,87.04694988882267,7,0.6516927083333334,0.010436991889245701,0.012717828590702895,92.06793206793206,2053.31640625,80.44447743372419,7,0.65234375,0.010085894130748481,0.01307281291459493,91.97604790419162
21,13,10,1,ecg_only,2055.2822265625,86.80872830024018,7,0.6536458333333334,0.012075024082676697,0.009882117688026186,91.79282868525895,2059.9697265625,79.41620523439458,7,0.654296875,0.012707826364546312,0.01118579770568465,91.70149253731343
21,14,1,0,ecg_only,2068.4873046875,82.70426792239347,7,0.5794270833333334,0.15583712812892897,0.15239382189946218,103.5505617977528,2067.8095703125,75.46585699819236,7,0.5794270833333334,0.15585344643764876,0.1506921692816601,103.5505617977528
21,14,2,0,ecg_only,2060.1689453125,82.08980512779212,7,0.5703125,0.1498357933671335,0.2102854505264808,105.20547945205479,2060.8974609375,74.02198412754255,7,0.5703125,0.14993759552588315,0.2103652538777792,105.20547945205479
21,14,3,0,ecg_only,2054.16015625,82.08857957627593,7,0.619140625,0.1148585857055817,0.13672991025878353,96.90851735015772,2055.6171875,73.8694605678818,7,0.6184895833333334,0.11823891754944262,0.14229691875067957,97.01052631578946
21,14,4,0,ecg_only,2050.693359375,82.16127026100618,7,0.6184895833333334,0.11994724950965135,0.14726096229355898,97.01052631578946,2052.6376953125,74.20187693044507,7,0.6197916666666666,0.11707170204681783,0.1437160285945865,96.80672268907564
21,14,5,0,ecg_only,2036.1123046875,85.10004501229518,7,0.6080729166666666,0.10257574162099546,0.12415485778227729,98.67237687366168,2039.9306640625,77.93780120448787,7,0.6028645833333334,0.11421282426868952,0.1381178413020472,99.52483801295895
21,14,6,0,ecg_only,2021.052734375,83.58216130153427,8,0.5630580357142857,0.12429047674065123,0.16294260636417351,106.56095143706641,2026.1005859375,77.29182372852692,8,0.5691964285714286,0.11441501387576425,0.15033565689174647,105.41176470588235
21,14,7,0,ecg_only,2033.5048828125,81.76484703424292,7,0.61328125,0.10944473223532734,0.13686376238115405,97.8343949044586,2037.166015625,74.43054502395005,7,0.6100260416666666,0.11689235111938254,0.14734383284727257,98.35645677694771
21,14,8,0,ecg_only,2042.619140625,80.23855706508233,7,0.6184895833333334,0.10095135300105222,0.11574634679710198,97.01052631578946,2045.8818359375,73.31059981385252,7,0.6165364583333334,0.10543056471810967,0.11944441290172388,97.31784582893347
21,14,9,0,ecg_only,2048.4638671875,81.61995499750573,7,0.603515625,0.10237927778697353,0.11739564847663647,99.41747572815534,2052.470703125,75.79703521868856,7,0.6061197916666666,0.0965672791034633,0.11044399475101623,98.99033297529539
21,14,10,0,ecg_only,2055.0810546875,88.47467346195822,7,0.6204427083333334,0.020349608864697635,0.01330420809838,96.70514165792234,2057.4052734375,82.77350975706754,7,0.6204427083333334,0.020349608864697635,0.01330420809838,96.70514165792234
21,15,1,1,ecg_only,2040.365234375,80.63027721551823,8,0.5680803571428571,0.12414005858468152,0.15589967236993182,105.6188605108055,2043.6611328125,75.88557518126706,8,0.5641741071428571,0.12998998486613286,0.16517480087395292,106.35014836795253
21,15,2,1,ecg_only,2034.8232421875,81.00222440302625,8,0.5558035714285714,0.11961245282650744,0.1573205512937677,107.95180722891567,2039.779296875,77.55223870160432,8,0.5625,0.11014952170434708,0.1450756918998091,106.66666666666667
21,15,3,1,ecg_only,2043.6357421875,81.46963782022436,7,0.6204427083333334,0.035186377908519945,0.044021201834315016,96.70514165792234,2049.7119140625,77.02439760754456,7,0.6197916666666666,0.038383861908811656,0.04919394216072239,96.80672268907564
21,15,4,1,ecg_only,2037.76171875,81.84435172659074,7,0.625,0.036782413780795664,0.04391709163298499,96.0,2041.548828125,77.04958300220845,7,0.6236979166666666,0.037917239006669365,0.04555431167847891,96.20041753653446
21,15,5,1,ecg_only,2030.5322265625,80.61532728147093,7,0.6380208333333334,0.032499958266533034,0.04618634766830454,94.0408163265306,2033.873046875,75.79567192725487,7,0.6380208333333334,0.032499958266533034,0.04618634766830454,94.0408163265306
21,15,6,1,ecg_only,2053.26171875,86.57692715611878,7,0.6588541666666666,0.010971549183823384,0.010334966058846057,91.06719367588933,2055.4287109375,80.20211769956308,7,0.6588541666666666,0.010971549183823384,0.010334966058846057,91.06719367588933
21,15,7,1,ecg_only,2058.3505859375,86.55434945635561,7,0.6438802083333334,0.012022256062903247,0.014192111034831992,93.18503538928209,2060.0751953125,80.95688239181693,7,0.64453125,0.01275775907699572,0.015527036651837337,93.0909090909091
21,15,8,1,ecg_only,2048.275390625,80.25778985169391,7,0.6256510416666666,0.10016102012929988,0.10314275415352743,95.90010405827263,2051.6171875,74.97104869274435,7,0.6184895833333334,0.11571704763278062,0.12182240451652356,97.01052631578946
21,15,9,1,ecg_only,2047.37109375,78.46356006566813,7,0.6471354166666666,0.06616326049954428,0.08425193571589319,92.71629778672033,2049.5009765625,72.27427143559682,7,0.6315104166666666,0.10267486460268917,0.12774094497629765,95.01030927835052
21,15,10,1,ecg_only,2039.9931640625,74.9283704310821,7,0.626953125,0.08264127099230721,0.10453872357438894,95.70093457943925,2041.99609375,69.12463257400513,7,0.6139322916666666,0.10658210263350744,0.1345361497365578,97.73064687168612
21,16,1,0,ecg_only,2080.125,80.28503907951966,7,0.6217447916666666,0.09070064267107583,0.12133292911448235,96.50261780104712,2082.203125,75.0486935028477,7,0.6223958333333334,0.08920933923417,0.1195593308518829,96.40167364016736
21,16,2,0,ecg_only,2066.8603515625,82.32395415674227,7,0.5748697916666666,0.1528007413001772,0.15129849751918392,104.37146092865233,2069.0908203125,76.61576306549676,8,0.49330357142857145,0.1594771956260358,0.13505309767905485,121.6289592760181
21,16,3,0,ecg_only,2050.10546875,77.32427538517754,10,0.4092881944444444,0.10432568880259456,0.12457202124298418,146.59597030752917,2054.421875,71.20760628864991,11,0.36875,0.018586526958391122,0.031059532400720215,162.71186440677965
21,16,4,0,ecg_only,2049.185546875,74.87396145261167,10,0.4301215277777778,0.11579678909111309,0.12382720080491075,139.4954591321897,2053.28515625,68.0912526387427,10,0.4296875,0.11518838830518996,0.12869152333666323,139.63636363636363
21,16,5,0,ecg_only,2038.251953125,72.47184930369724,7,0.6360677083333334,0.06941765162397708,0.09276829755498373,94.32958034800409,2041.0205078125,66.93960496030826,7,0.6087239583333334,0.12137519097654188,0.15924857117687116,98.56684491978609
21,16,6,0,ecg_only,2039.90234375,75.10313374042282,7,0.6256510416666666,0.06733483220311148,0.09210801658243434,95.90010405827263,2044.1328125,70.27264104607029,7,0.6061197916666666,0.10475298855973598,0.13566558652505617,98.99033297529539
21,16,7,0,ecg_only,2054.265625,78.2500109200272,7,0.6529947916666666,0.04759733522508916,0.0544638283060418,91.88434695912264,2056.935546875,72.12885703842588,7,0.6529947916666666,0.04759733522508916,0.0544918374764744,91.88434695912264
21,16,8,0,ecg_only,2066.19921875,78.29402565020303,7,0.6588541666666666,0.0346950848814433,0.049595532025324615,91.06719367588933,2065.8056640625,72.32425039003789,7,0.6549479166666666,0.04300818897112954,0.059651903652565855,91.610337972167
21,16,9,0,ecg_only,2063.1474609375,78.16927953540579,9,0.48291015625,0.1531919683258424,0.1977801700758274,124.24671385237613,2062.509765625,72.1429915706132,9,0.48291015625,0.15322931590052463,0.19687433567064785,124.24671385237613
21,16,10,0,ecg_only,2052.287109375,78.36709732538769,8,0.5463169642857143,0.1572987761379274,0.1807740023035784,109.82635342185904,2053.5576171875,72.02414282037451,8,0.5457589285714286,0.15799409258202132,0.18076696815885293,109.93865030674846
21,17,1,1,ecg_only,2034.9599609375,81.83720118892126,8,0.5630580357142857,0.14011920091679522,0.2029747040119778,106.56095143706641,2038.3271484375,79.60453650208851,8,0.5619419642857143,0.13999469001865167,0.2037063495708191,106.77259185700099
21,17,2,1,ecg_only,2028.9052734375,81.45470493817933,8,0.5641741071428571,0.14426491421524903,0.1525856119621525,106.35014836795253,2033.1591796875,78.26748914549123,8,0.5669642857142857,0.14436417363219883,0.14934277132273316,105.8267716535433
21,17,3,1,ecg_only,2028.779296875,81.78618824108149,7,0.6360677083333334,0.09598615320444844,0.11044399475101623,94.32958034800409,2033.91015625,78.21073879254425,7,0.6497395833333334,0.0655065688963816,0.07407469572583475,92.34468937875751
21,17,4,1,ecg_only,2038.1748046875,83.48923787985328,7,0.6451822916666666,0.04865420414461818,0.05714351108721794,92.99697275479315,2042.435546875,79.9628560382549,7,0.64453125,0.05007522011205576,0.057276868353965546,93.0909090909091
21,17,5,1,ecg_only,2037.3916015625,83.13309387153679,7,0.630859375,0.09229419805242703,0.10746093040030874,95.10835913312694,2041.8876953125,79.15388792469177,7,0.6341145833333334,0.08506501547427643,0.09897546452593693,94.62012320328542
21,17,6,1,ecg_only,2041.1953125,81.99481296415856,7,0.6354166666666666,0.11006263259898,0.14069008910323072,94.42622950819673,2045.0029296875,77.3816320815504,8,0.5457589285714286,0.15549082148989385,0.13885972458556572,109.93865030674846
21,17,7,1,ecg_only,2048.68359375,80.03867158808272,8,0.49888392857142855,0.1658032949647668,0.19792523281900753,120.26845637583894,2051.173828125,75.22435881270746,9,0.4365234375,0.14270849668767263,0.17965110268015733,137.4496644295302
21,17,8,1,ecg_only,2050.4755859375,79.88008217918627,9,0.4375,0.1478323396106739,0.2570122523374372,137.14285714285714,2052.0029296875,74.99115176458774,8,0.5,0.170384670979847,0.1964938232900613,120.0
21,17,9,1,ecg_only,2052.1279296875,80.94550057713249,8,0.5385044642857143,0.16138909977389762,0.24427860684148472,111.41968911917098,2053.7353515625,76.63095970064599,8,0.5390625,0.16074722194750143,0.24336595847836598,111.30434782608695
21,17,10,1,ecg_only,2060.3974609375,83.75357521169268,7,0.61328125,0.07262544149679344,0.09301469452961451,97.8343949044586,2061.7109375,79.55410671986766,7,0.6048177083333334,0.09134325717000323,0.11564083506432751,99.20344456404736
21,18,1,1,ecg_only,2064.4462890625,71.7832773841526,10,0.4118923611111111,0.07788833752925393,0.10240411506967445,145.6691253951528,2067.4873046875,63.59384854845664,10,0.4123263888888889,0.07762669011947064,0.09698008098779066,145.5157894736842
21,18,2,1,ecg_only,2053.5263671875,70.49250076530427,9,0.47314453125,0.133277527733687,0.13148463031020965,126.81114551083591,2055.599609375,62.88778013630639,9,0.47900390625,0.13003966533306877,0.13150120783411215,125.25993883792049
21,18,3,1,ecg_only,2058.9990234375,78.503253061474,7,0.6354166666666666,0.10829232246579035,0.140375212182609,94.42622950819673,2058.4560546875,70.5981560050226,7,0.6341145833333334,0.11118907312608954,0.14385398752402556,94.62012320328542
21,18,4,1,ecg_only,2061.0966796875,78.44682108903793,8,0.5496651785714286,0.1581871311044812,0.22754814337208584,109.15736040609137,2059.3095703125,70.08081876240544,8,0.5479910714285714,0.15975033334895436,0.22986657737028035,109.4908350305499
21,18,5,1,ecg_only,2057.7529296875,78.02428815566459,8,0.49051339285714285,0.1594518090973759,0.129594909216341,122.32081911262799,2056.6083984375,70.3168468640606,8,0.5418526785714286,0.16051264632452497,0.13620625671565012,110.73120494335735
21,18,6,1,ecg_only,2049.1416015625,78.22495148566726,10,0.3953993055555556,0.10644923902954467,0.12140836146812542,151.74533479692644,2049.48046875,70.59896927208126,9,0.4443359375,0.14395935735416512,0.178048375984866,135.03296703296704
21,18,7,1,ecg_only,2043.6220703125,78.38485995850095,7,0.5826822916666666,0.15522804903092155,0.15223353384890267,102.97206703910615,2046.2861328125,70.34715231586216,7,0.5826822916666666,0.15381264117800758,0.148642949925316,102.97206703910615
21,18,8,1,ecg_only,2028.5087890625,81.36587843041075,7,0.6477864583333334,0.08747490417023625,0.10889963663564264,92.62311557788944,2034.41015625,73.6020744653341,7,0.6438802083333334,0.09617143779799531,0.11932938428201581,93.18503538928209
21,18,9,1,ecg_only,2031.0380859375,81.59992864058684,7,0.6477864583333334,0.08229176967952415,0.09286693479449508,92.62311557788944,2037.8115234375,73.99840728875783,7,0.638671875,0.10257780766008288,0.11726559897568,93.94495412844037
21,18,10,1,ecg_only,2050.658203125,79.57216145123394,7,0.6412760416666666,0.0867450418414285,0.10955621149237728,93.56345177664976,2055.001953125,72.15268367711836,7,0.6354166666666666,0.09976031931967685,0.12523171881930512,94.42622950819673
22,1,1,0,ecg_only,2060.3525390625,51.30134369241133,10,0.4127604166666667,0.043963393271182635,0.08277195351725426,145.3627760252366,2060.9501953125,25.213085252118653,10,0.4110243055555556,0.05865962089589133,0.11735827400545333,145.9767687434002
22,1,2,0,ecg_only,2063.4501953125,50.688727828464025,10,0.4301215277777778,0.06678670742864144,0.07565681229783815,139.4954591321897,2059.0703125,24.15261004068388,10,0.4314236111111111,0.07565790163405413,0.10909562534194485,139.07444668008048
22,1,3,0,ecg_only,2059.4208984375,50.8698514821678,10,0.4027777777777778,0.03908178536281399,0.07613430563889834,148.9655172413793,2053.3916015625,24.72260099137523,10,0.4027777777777778,0.03886427327347853,0.07828353056184016,148.9655172413793
22,1,4,0,ecg_only,2060.37109375,47.669752025563454,10,0.4231770833333333,0.07950175792955078,0.1337926265492434,141.7846153846154,2059.6572265625,24.23353755249209,10,0.4244791666666667,0.07943775543057105,0.1315933821941844,141.34969325153372
22,1,5,0,ecg_only,2063.2265625,51.22403531969727,10,0.4058159722222222,0.05037714627967676,0.09051001258385553,147.85026737967914,2063.734375,24.179499443937523,10,0.4075520833333333,0.051163757042678386,0.09720599326663519,147.22044728434506
22,1,6,0,ecg_only,2064.0126953125,54.07173724337457,11,0.387890625,0.037672536026966984,0.07247354192747785,154.68277945619334,2061.185546875,25.747093777398987,11,0.387890625,0.025796042157967273,0.035204442277593166,154.68277945619334
22,1,7,0,ecg_only,2063.9404296875,50.485855907277326,11,0.386328125,0.02663420927145435,0.03951560131638937,155.30839231547017,2060.2998046875,23.669290493418956,11,0.38125,0.017399263633843816,0.02986287745098884,157.37704918032787
22,1,8,0,ecg_only,2064.8076171875,50.29129114882571,10,0.4058159722222222,0.039982416503217114,0.05501783601954404,147.85026737967914,2063.1435546875,23.99918409788543,10,0.4071180555555556,0.0428612044987101,0.05400311157304098,147.3773987206823
22,1,9,0,ecg_only,2062.74609375,50.27407290658089,10,0.4123263888888889,0.0695880676269797,0.08359740062122147,145.5157894736842,2065.1064453125,24.440245159530352,10,0.3875868055555556,0.017054585680892798,0.03215249537725455,154.80403135498318
22,1,10,0,ecg_only,2063.0517578125,50.87454177500123,10,0.3975694444444444,0.057580291499225694,0.08033970234844974,150.9170305676856,2062.3994140625,24.185595040626502,10,0.3971354166666667,0.053210460264850386,0.0660029111277961,151.08196721311475
22,2,1,0,ecg_only,2055.478515625,51.193695513184345,10,0.4014756944444444,0.05722586709669968,0.06989077084016754,149.44864864864866,2055.626953125,27.479635501204392,10,0.40234375,0.05892556509887896,0.07010875428045925,149.126213592233
22,2,2,0,ecg_only,2052.626953125,51.98804978458081,10,0.3836805555555556,0.017054585680892798,0.03271119965711763,156.38009049773754,2049.3984375,26.956841908569217,10,0.4036458333333333,0.05119688346702474,0.05198762364924283,148.6451612903226
22,2,3,0,ecg_only,2051.037109375,51.00672625148851,10,0.4214409722222222,0.05183680078761672,0.08332316018633415,142.3686920700309,2050.640625,26.968075563698925,10,0.4231770833333333,0.049854660726762104,0.07330075783123127,141.7846153846154
22,2,4,0,ecg_only,2050.41015625,51.994813953899154,10,0.4114583333333333,0.039019073082738796,0.07828353056184016,145.8227848101266,2049.6376953125,27.54712909271882,10,0.4040798611111111,0.04734684077532862,0.08405247965371099,148.48549946294307
22,2,5,0,ecg_only,2047.8173828125,53.01507792034573,10,0.40625,0.06479091304492046,0.07073171469621804,147.69230769230768,2047.796875,29.52411868260211,10,0.4075520833333333,0.0706972497942616,0.08271432491351445,147.22044728434506
22,2,6,0,ecg_only,2054.3046875,51.92571821749164,10,0.4084201388888889,0.0857224089974202,0.08844227916084062,146.90754516471839,2054.2646484375,29.28095451214029,10,0.4071180555555556,0.08255203769422736,0.08145959669403408,147.3773987206823
22,2,7,0,ecg_only,2054.068359375,50.980419177325814,10,0.4036458333333333,0.030201597668602087,0.04941058844013093,148.6451612903226,2051.2822265625,28.02296485215152,10,0.4084201388888889,0.04858397680192958,0.07845389753279271,146.90754516471839
22,2,8,0,ecg_only,2052.3798828125,50.27859130620375,10,0.4283854166666667,0.08233039041425644,0.10004881620988826,140.06079027355622,2050.1337890625,27.558862268774003,10,0.4270833333333333,0.08402221773386291,0.12068352895137037,140.4878048780488
22,2,9,0,ecg_only,2051.5693359375,50.97815744294581,11,0.383984375,0.015133883302976965,0.021826894028958606,156.25635808748729,2050.755859375,27.127357415627948,11,0.3921875,0.029189908894170946,0.03673629161371324,152.98804780876492
22,2,10,0,ecg_only,2048.412109375,54.55863468771957,11,0.392578125,0.019076742886054345,0.03133127451957282,152.83582089552237,2049.7578125,29.26939023262773,11,0.392578125,0.025984638077441544,0.04616431745113499,152.83582089552237
22,3,1,1,ecg_only,2047.279296875,51.13997451363869,11,0.375,0.01790068630842125,0.028047733370492208,160.0,2047.83203125,26.55211395066358,11,0.375,0.019452968121857393,0.03556380282225954,160.0
22,3,2,1,ecg_only,2044.4140625,48.22789768117716,10,0.4014756944444444,0.07676281586609078,0.09072050126948118,149.44864864864866,2043.0078125,25.721539518754387,10,0.4001736111111111,0.07280290398007554,0.08989680838175826,149.93492407809111
22,3,3,1,ecg_only,2046.1982421875,48.90001714312169,11,0.3859375,0.04591464142160973,0.06206445462402597,155.46558704453443,2046.75390625,26.56911653576782,11,0.386328125,0.04985483076283205,0.05965474577580889,155.30839231547017
22,3,4,1,ecg_only,2049.4521484375,52.20609376167658,11,0.39375,0.039904977466006665,0.05648701032157256,152.38095238095238,2054.1865234375,26.140459204932938,11,0.392578125,0.04108996239674143,0.0542673593337883,152.83582089552237
22,3,5,1,ecg_only,2051.3505859375,50.30822128204223,9,0.42529296875,0.04615484811233226,0.09235617513700695,141.0792192881745,2056.234375,26.295417368989888,9,0.42529296875,0.05202200776000323,0.09452571559950347,141.0792192881745
22,3,6,1,ecg_only,2050.9052734375,48.370657624905796,9,0.44580078125,0.07752301028348349,0.1033074684411262,134.58926615553122,2053.814453125,26.01638505071713,10,0.4201388888888889,0.04051597579901029,0.07056973345757682,142.8099173553719
22,3,7,1,ecg_only,2056.650390625,50.61578658294181,10,0.4110243055555556,0.026860674386746185,0.042522541127103984,145.9767687434002,2053.376953125,26.245209683703287,10,0.4166666666666667,0.039322054350368486,0.06898430864238031,144.0
22,3,8,1,ecg_only,2060.0517578125,49.59476661721825,10,0.4171006944444444,0.07770673140911655,0.0899286283845417,143.85015608740895,2052.97265625,26.457941904451598,10,0.4162326388888889,0.07830082452525565,0.09512340360848376,144.15015641293013
22,3,9,1,ecg_only,2052.984375,49.84311079135586,11,0.394140625,0.04795150595996048,0.060766989008218926,152.22993062438056,2050.89453125,26.72897482307867,11,0.39375,0.04940441173050743,0.06203713150818539,152.38095238095238
22,3,10,1,ecg_only,2052.4619140625,52.39161537843021,11,0.387109375,0.015668883687602796,0.023867581744561668,154.9949545913219,2053.0595703125,28.211522576163247,11,0.387109375,0.01413285352744183,0.02167098564725682,154.9949545913219
22,4,1,1,ecg_only,2053.01171875,51.685514806335235,9,0.4921875,0.13572462228977883,0.16177454394680402,121.9047619047619,2056.8173828125,26.444865452017893,9,0.49365234375,0.13688518747538353,0.1543692613884226,121.54302670623146
22,4,2,1,ecg_only,2049.6611328125,48.1189668812282,11,0.39765625,0.04039901085577468,0.07110376532018774,150.88408644400786,2055.4248046875,24.874022632356393,11,0.394140625,0.053515625000000004,0.098149794505431,152.22993062438056
22,4,3,1,ecg_only,2047.3388671875,45.25463345025276,9,0.46533203125,0.09933013671066783,0.13580690822835428,128.9401888772298,2052.611328125,23.491215707655147,9,0.4658203125,0.1078250601266171,0.15609646474473268,128.80503144654088
22,4,4,1,ecg_only,2048.228515625,49.19352059071531,11,0.39140625,0.010004881620988827,0.011862543722844138,153.29341317365268,2051.576171875,25.738014098225584,11,0.394921875,0.03992982430640817,0.0720982718745163,151.92878338278933
22,4,5,1,ecg_only,2045.314453125,49.50083595109458,11,0.392578125,0.028397658388556003,0.044423755492791615,152.83582089552237,2048.7294921875,25.83538009369857,11,0.39140625,0.042533304965050624,0.08097032193250912,153.29341317365268
22,4,6,1,ecg_only,2050.4853515625,49.559778655914904,10,0.4244791666666667,0.042312700024145625,0.07839309468902139,141.34969325153372,2052.376953125,25.649806896769277,10,0.4262152777777778,0.054203101617184606,0.10379164262176893,140.77393075356414
22,4,7,1,ecg_only,2057.3486328125,49.07538184873907,10,0.4279513888888889,0.04896633602836963,0.09576289587602549,140.20283975659228,2056.33203125,25.535688670447552,10,0.4210069444444444,0.06308799413405076,0.12614677817350187,142.51546391752578
22,4,8,1,ecg_only,2055.626953125,49.63514828631071,10,0.421875,0.0702883832097176,0.08651263511855509,142.22222222222223,2055.14453125,25.879766495136185,10,0.4236111111111111,0.07707873875821464,0.10615373626329057,141.63934426229508
22,4,9,1,ecg_only,2058.6162109375,49.89473461090865,10,0.4027777777777778,0.023969967485215408,0.03069576883887053,148.9655172413793,2057.703125,25.276396899763522,10,0.3962673611111111,0.04450425256461315,0.08385937281651758,151.41292442497263
22,4,10,1,ecg_only,2055.3408203125,46.61262040024233,10,0.4296875,0.05817267683252259,0.06677859764562015,139.63636363636363,2056.07421875,23.662923418338412,10,0.4301215277777778,0.07793911141249983,0.1300992381514132,139.4954591321897
22,5,1,1,ecg_only,2053.7578125,50.13353201914706,9,0.43701171875,0.07206574712420136,0.09904151422599804,137.29608938547486,2060.5947265625,23.29256879894008,9,0.43701171875,0.05045861676884916,0.04144518890095344,137.29608938547486
22,5,2,1,ecg_only,2056.8115234375,46.04558525958692,8,0.5133928571428571,0.11875545435916206,0.23317291558240189,116.86956521739131,2062.740234375,20.5498370570199,8,0.5150669642857143,0.11075005722518907,0.19802157649891233,116.48970747562296
22,5,3,1,ecg_only,2052.1845703125,44.898258642315334,9,0.47607421875,0.09246840272395396,0.16378989895254203,126.03076923076924,2055.2353515625,20.180394460454156,9,0.48046875,0.09732365236953901,0.15615929286752014,124.8780487804878
22,5,4,1,ecg_only,2049.3818359375,45.65784030157727,10,0.4275173611111111,0.05234670101779087,0.075442218421203,140.3451776649746,2052.4599609375,20.51719834976194,10,0.4231770833333333,0.056965215766217075,0.09507326212399803,141.7846153846154
22,5,5,1,ecg_only,2048.041015625,48.199296113568984,9,0.4384765625,0.040770753408492386,0.07648957897625196,136.83741648106906,2052.17578125,22.189840531809786,9,0.43896484375,0.08170362168389263,0.15534054521868812,136.68520578420467
22,5,6,1,ecg_only,2056.623046875,48.83178732359233,9,0.466796875,0.08055308838789563,0.12315533414401911,128.53556485355648,2058.705078125,23.555721289373555,10,0.44140625,0.08341467384399462,0.16573966034044363,135.92920353982302
22,5,7,1,ecg_only,2052.7177734375,47.27873461298345,9,0.4677734375,0.08690308919492502,0.12027190873703635,128.26722338204593,2056.9619140625,22.949705426189347,9,0.46533203125,0.09464976550283266,0.15051558757748196,128.9401888772298
22,5,8,1,ecg_only,2042.5107421875,45.46173573298107,10,0.4318576388888889,0.05372134877349236,0.0964080385014409,138.93467336683418,2050.080078125,21.089546655129798,10,0.4353298611111111,0.06085372822917616,0.10835883989593904,137.82652043868396
22,5,9,1,ecg_only,2054.0322265625,51.43787910442235,9,0.4228515625,0.0421508629978657,0.07484754780850492,141.89376443418013,2055.2890625,23.531155326419775,9,0.4228515625,0.042105588158808785,0.06283046007447059,141.89376443418013
22,5,10,1,ecg_only,2056.619140625,51.46309988002544,10,0.4244791666666667,0.03532463532877744,0.05313074417474783,141.34969325153372,2055.578125,23.10602578840366,10,0.4231770833333333,0.05474946885840792,0.09755854487298575,141.7846153846154
22,6,1,0,ecg_only,2077.5947265625,58.77648016535489,10,0.3971354166666667,0.035753984942046825,0.06703516524113481,151.08196721311475,2057.47265625,40.82957187896214,10,0.4279513888888889,0.08506722998818438,0.08895835810950573,140.20283975659228
22,6,2,0,ecg_only,2060.7509765625,54.735938361053755,10,0.4270833333333333,0.05390687902209493,0.09068895911128047,140.4878048780488,2046.3359375,36.44559887347296,10,0.4305555555555556,0.05790327478898391,0.10204961310635259,139.3548387096774
22,6,3,0,ecg_only,2083.7041015625,55.513488496510334,9,0.44140625,0.03983608994994363,0.07410117566875084,135.92920353982302,2080.400390625,36.765486743308756,9,0.44140625,0.04584646325900587,0.07668880798453766,135.92920353982302
22,6,4,0,ecg_only,2102.3134765625,47.90422547523614,9,0.45068359375,0.08172696307541516,0.10058119679362292,133.1310942578548,2103.5078125,23.26087484038044,9,0.451171875,0.09047839704609742,0.12513943116437304,132.98701298701297
22,6,5,0,ecg_only,2097.0615234375,50.97972869978947,10,0.4370659722222222,0.0393412124778634,0.07810058212161018,137.27904667328698,2097.1787109375,24.772722679659534,10,0.4348958333333333,0.0369204345800985,0.07362530009754205,137.96407185628743
22,6,6,0,ecg_only,2093.4267578125,50.65036504638412,9,0.43798828125,0.03424589012714644,0.0642880393924762,136.98996655518394,2090.3330078125,23.31361936689183,9,0.43798828125,0.059190886290859515,0.11427748514248584,136.98996655518394
22,6,7,0,ecg_only,2092.9404296875,46.88615873651166,9,0.4521484375,0.0800006771058992,0.11707583966020854,132.69978401727863,2091.755859375,21.96906038284807,9,0.45166015625,0.09376907154646741,0.1418980693366658,132.84324324324325
22,6,8,0,ecg_only,2087.0126953125,46.75408190486196,10,0.4283854166666667,0.05493495601491923,0.09815303329156944,140.06079027355622,2089.8369140625,22.743254594263544,10,0.44140625,0.09125737222882933,0.12818661580555002,135.92920353982302
22,6,9,0,ecg_only,2082.951171875,50.08389015755674,9,0.43603515625,0.05334346953074152,0.1104064881876449,137.60358342665174,2087.2001953125,23.92411423959836,10,0.4262152777777778,0.0656344147420692,0.11139663462186875,140.77393075356414
22,6,10,0,ecg_only,2081.8623046875,50.141787098570944,10,0.4266493055555556,0.047083512577502144,0.0890869107171913,140.63072227873855,2084.3203125,24.588705357386015,10,0.421875,0.05860821580691093,0.11585340879361972,142.22222222222223
22,7,1,0,ecg_only,2049.27734375,48.72847315553131,10,0.4088541666666667,0.0390625,0.06812179697888784,146.7515923566879,2048.5048828125,24.191859579373844,10,0.4114583333333333,0.05521201835185987,0.10271097939405474,145.8227848101266
22,7,2,0,ecg_only,2048.94140625,48.64972142672002,10,0.4040798611111111,0.03971294872811762,0.07507473083508816,148.48549946294307,2047.2548828125,24.378935491308724,10,0.4045138888888889,0.05381594410660168,0.10056223173325,148.3261802575107
22,7,3,0,ecg_only,2050.53125,44.77514351247241,10,0.4270833333333333,0.05536534277465963,0.098782567315639,140.4878048780488,2052.4130859375,21.729701929518953,10,0.4370659722222222,0.07568777445765858,0.14176647186110442,137.27904667328698
22,7,4,0,ecg_only,2049.302734375,48.85997363664038,9,0.435546875,0.026992724533369636,0.03991808541910278,137.7578475336323,2050.3251953125,23.852261545212606,9,0.43505859375,0.05673945781912618,0.11526511015662824,137.9124579124579
22,7,5,0,ecg_only,2059.7041015625,49.95962571844574,10,0.4288194444444444,0.043058530643180236,0.08104880437986886,139.91902834008098,2057.904296875,25.71179320198934,10,0.4270833333333333,0.041666666666666664,0.0744240581377252,140.4878048780488
22,7,6,0,ecg_only,2060.4072265625,46.4389845250119,9,0.4619140625,0.07573870221480952,0.1194261617880255,129.89429175475686,2061.0048828125,23.603143320236864,9,0.458984375,0.08799906504741258,0.14719877876106854,130.72340425531914
22,7,7,0,ecg_only,2044.7802734375,46.00241545886729,10,0.4366319444444444,0.04740648410039287,0.07629697259618988,137.41550695825052,2046.8447265625,23.07389436348158,10,0.4392361111111111,0.06032205435101281,0.11756125294228272,136.600790513834
22,7,8,0,ecg_only,2046.787109375,49.491669811260024,9,0.46142578125,0.03293999018656822,0.06482828451543575,130.03174603174602,2047.974609375,23.903397293923767,9,0.46142578125,0.06592881855153016,0.1331649079811717,130.03174603174602
22,7,9,0,ecg_only,2054.5341796875,48.52742462900707,9,0.46240234375,0.04375773770162997,0.08469835114324203,129.75712777191129,2056.2412109375,23.029223556084787,9,0.4619140625,0.09028318992107123,0.17575024528152972,129.89429175475686
22,7,10,0,ecg_only,2050.28515625,45.29688022135836,8,0.4994419642857143,0.08923338310160416,0.14140948718670276,120.1340782122905,2054.26953125,21.12605418447263,9,0.43994140625,0.08858100166972331,0.1496076994264619,136.38179800221977
22,8,1,1,ecg_only,2046.3447265625,48.528999379593714,10,0.4162326388888889,0.027872559649309587,0.04929464634423423,144.15015641293013,2047.083984375,24.43347907584501,10,0.4136284722222222,0.03596411889907396,0.05764201001317854,145.05771248688353
22,8,2,1,ecg_only,2046.16015625,49.155740763166065,10,0.4214409722222222,0.015234313172555768,0.023680382134730744,142.3686920700309,2045.5556640625,23.953299843385796,10,0.4157986111111111,0.03147225171924184,0.055415081871527765,144.30062630480168
22,8,3,1,ecg_only,2054.908203125,49.32263214877872,10,0.4344618055555556,0.043877610958680945,0.059369859974885406,138.1018981018981,2054.4150390625,25.647676863881827,10,0.44140625,0.07531851491656026,0.11936454367654314,135.92920353982302
22,8,4,1,ecg_only,2062.658203125,48.949395615740144,10,0.4084201388888889,0.027132811819596845,0.03764518606913356,146.90754516471839,2061.953125,24.15206039832575,9,0.4150390625,0.054713651671216564,0.0967930601044052,144.56470588235294
22,8,5,1,ecg_only,2054.076171875,45.87167965880974,9,0.44921875,0.0663200267435533,0.09858929268846846,133.56521739130434,2057.1318359375,21.5214101733154,9,0.44775390625,0.07103946835275989,0.12493894993530841,134.0021810250818
22,8,6,1,ecg_only,2054.6201171875,49.08046273071666,10,0.4253472222222222,0.020459242620473394,0.02958839337410765,141.06122448979593,2057.4091796875,23.613827419985043,10,0.4301215277777778,0.04493392970972994,0.0724369801197371,139.4954591321897
22,8,7,1,ecg_only,2059.0634765625,49.55565126490129,10,0.41796875,0.02240188871625684,0.042320212265664944,143.55140186915887,2060.59375,24.409850886732183,10,0.4136284722222222,0.035297961130811566,0.06954880396392522,145.05771248688353
22,8,8,1,ecg_only,2052.853515625,46.46705851141086,10,0.4296875,0.07033660852119535,0.09504316453590968,139.63636363636363,2055.345703125,22.75153714530878,10,0.4296875,0.07960831441475402,0.11088178068154107,139.63636363636363
22,8,9,1,ecg_only,2047.453125,49.12624988470395,10,0.4236111111111111,0.05861142994581526,0.10621660493108381,141.63934426229508,2050.431640625,24.050630490609795,10,0.4240451388888889,0.06541879991066439,0.12487787002457641,141.49437052200614
22,8,10,1,ecg_only,2049.0361328125,49.98288440538782,10,0.4027777777777778,0.03337219233809216,0.048691214305929334,148.9655172413793,2051.6376953125,23.862205852056416,10,0.4014756944444444,0.04226369861798555,0.06584378058999052,149.44864864864866
22,9,1,1,ecg_only,2058.7861328125,47.41478955598781,10,0.4340277777777778,0.04597827329889455,0.08943947767074462,138.24,2059.37109375,21.541633571498494,10,0.4275173611111111,0.06766101890286434,0.1310923765199206,140.3451776649746
22,9,2,1,ecg_only,2049.3896484375,45.440460811733125,9,0.46826171875,0.07311675457235732,0.10024471313321573,128.13347236704902,2052.111328125,20.330984584460833,9,0.47119140625,0.0962781176430535,0.15835633839766025,127.33678756476684
22,9,3,1,ecg_only,2046.2578125,44.68461460855228,10,0.4396701388888889,0.04055779995216551,0.056218117049313496,136.4659427443238,2052.072265625,20.16006873573211,10,0.4344618055555556,0.053931335302114816,0.09510335018703009,138.1018981018981
22,9,4,1,ecg_only,2056.224609375,47.966849920061065,9,0.4453125,0.033489117577113765,0.057995457363286526,134.73684210526315,2057.9638671875,21.827619739274386,9,0.4453125,0.06518874714171342,0.1297658030606416,134.73684210526315
22,9,5,1,ecg_only,2057.6328125,49.19615490782632,10,0.4192708333333333,0.03880120944206078,0.0647483767744171,143.10559006211182,2055.8896484375,22.46721852989715,10,0.4153645833333333,0.04182911042762763,0.06342395656691217,144.45141065830722
22,9,6,1,ecg_only,2055.3369140625,45.98911603414432,10,0.42578125,0.04995657836784083,0.06536406457297465,140.91743119266056,2056.9951171875,21.033385283178788,10,0.4240451388888889,0.0448458033093385,0.05816903363998215,141.49437052200614
22,9,7,1,ecg_only,2051.296875,46.26762491455958,9,0.45166015625,0.07047338094106631,0.11226646768124933,132.84324324324325,2056.134765625,20.163671171225698,9,0.45361328125,0.07970658616023732,0.1490164344626302,132.2712594187298
22,9,8,1,ecg_only,2054.6474609375,50.72553417926628,9,0.4775390625,0.09643276548599726,0.18532499656732376,125.6441717791411,2056.583984375,22.245408087957294,9,0.47802734375,0.0850212496954748,0.17441807743639173,125.51583248212462
22,9,9,1,ecg_only,2063.533203125,49.77752135178579,9,0.44775390625,0.05609711958346456,0.10622045282437034,134.0021810250818,2063.1201171875,22.785776847603135,9,0.447265625,0.06606068173940532,0.13041092869717905,134.14847161572052
22,9,10,1,ecg_only,2057.642578125,46.14573534172222,9,0.45751953125,0.075756013738539,0.11476286327879079,131.1419423692636,2058.6123046875,21.497708021023207,9,0.45556640625,0.0850212496954748,0.1257476247201825,131.70418006430867
22,10,1,0,ecg_only,2027.4267578125,27.448931752109594,9,0.453125,0.06271325921094657,0.11441093124617102,132.41379310344828,2022.07421875,47.29807366930654,9,0.453125,0.0694664814210107,0.13083646854419478,132.41379310344828
22,10,2,0,ecg_only,2036.123046875,27.10602908195062,9,0.4697265625,0.10573515976831202,0.17507920321829654,127.73388773388774,2039.724609375,47.44120888667006,9,0.4697265625,0.09261911506851174,0.1411819328725983,127.73388773388774
22,10,3,0,ecg_only,2039.2412109375,27.15571814961133,9,0.4658203125,0.07896883154118763,0.10487805817735935,128.80503144654088,2048.662109375,46.006698410943784,9,0.46044921875,0.07982614461219746,0.10552040732297778,130.30752916224813
22,10,4,0,ecg_only,2040.1552734375,25.810765519877688,9,0.45556640625,0.06605887717253374,0.12288955007590004,131.70418006430867,2046.2412109375,44.65846325973533,9,0.45263671875,0.07140101173603013,0.13517140965766128,132.5566343042071
22,10,5,0,ecg_only,2044.8076171875,27.35335725127639,9,0.4638671875,0.07428938867054277,0.14483257681516146,129.34736842105264,2048.244140625,47.31118893539059,9,0.4638671875,0.08153565882279955,0.16145758328358809,129.34736842105264
22,10,6,0,ecg_only,2046.6123046875,27.374270198622018,9,0.4560546875,0.06790445728981433,0.13584702962372525,131.56316916488223,2043.7880859375,47.40396351037131,9,0.4560546875,0.07472458178242682,0.14689488609677304,131.56316916488223
22,10,7,0,ecg_only,2046.265625,26.003713489314848,9,0.46923828125,0.0873996158792186,0.10567522778182724,127.86680541103017,2045.1357421875,46.53715891624705,9,0.46875,0.09488248282414936,0.14413102162646765,128.0
22,10,8,0,ecg_only,2040.3564453125,26.425397966287978,9,0.47021484375,0.07945492782722965,0.09414444549894366,127.601246105919,2048.8359375,46.47727558706614,9,0.46923828125,0.07211866126808363,0.08875750565596048,127.86680541103017
22,10,9,0,ecg_only,2038.310546875,26.060387468597387,10,0.4292534722222222,0.050039468893515064,0.0786845198378269,139.77755308392315,2044.46484375,45.11418601352668,10,0.4318576388888889,0.043150307366793636,0.05625203446841667,138.93467336683418
22,10,10,0,ecg_only,2044.6259765625,28.235196429380487,9,0.4306640625,0.05099676323885511,0.10440936199236056,139.31972789115648,2045.642578125,48.72556662937099,9,0.4306640625,0.02484003387104864,0.04752158226795484,139.31972789115648
22,11,1,0,ecg_only,2050.5693359375,25.475345717041233,9,0.4765625,0.1057035869354282,0.1314182993031833,125.90163934426229,2056.8291015625,45.48693893895873,10,0.4231770833333333,0.07676772381762331,0.10030585246178778,141.7846153846154
22,11,2,0,ecg_only,2050.837890625,27.935736274090523,10,0.43359375,0.03914920931867945,0.07327473235275027,138.3783783783784,2050.9853515625,45.77663991585423,10,0.4327256944444444,0.06982318594510488,0.13074271852484032,138.65596790371114
22,11,3,0,ecg_only,2051.24609375,29.945066638616968,10,0.4244791666666667,0.04042753827151048,0.07247646607531044,141.34969325153372,2053.9404296875,46.710830915488636,10,0.421875,0.04808902425161299,0.09067844262036423,142.22222222222223
22,11,4,0,ecg_only,2034.609375,30.055575963278013,10,0.4105902777777778,0.06511573971211701,0.08225184253611549,146.1310782241015,2036.8505859375,50.0675923951854,10,0.41015625,0.05527339915831022,0.07133586862402216,146.28571428571428
22,11,5,0,ecg_only,2023.1357421875,27.047594983122487,9,0.4267578125,0.03336072432136469,0.051208709139569916,140.5949656750572,2021.9375,47.54064872559061,9,0.42724609375,0.03509855834956435,0.06169260861391165,140.43428571428572
22,11,6,0,ecg_only,2030.17578125,28.354899946078955,10,0.4357638888888889,0.0388060641445436,0.06991805593620605,137.68924302788844,2033.4970703125,47.771101268621926,10,0.43359375,0.026429405117427654,0.05098741203986958,138.3783783783784
22,11,7,0,ecg_only,2043.8154296875,28.870943238613517,10,0.4361979166666667,0.07877335136590716,0.11509359780145381,137.55223880597015,2047.6259765625,48.47588951510535,10,0.4344618055555556,0.06348982307477599,0.07196145869898649,138.1018981018981
22,11,8,0,ecg_only,2050.9228515625,28.13664525011984,9,0.4150390625,0.02966886236516272,0.03934052841967537,144.56470588235294,2055.6962890625,48.87094917974218,9,0.4150390625,0.024530970091954044,0.030580153479509504,144.56470588235294
22,11,9,0,ecg_only,2049.892578125,26.5430109311429,9,0.458984375,0.06960363156720883,0.11608484211642978,130.72340425531914,2056.2978515625,46.267017089760785,9,0.45849609375,0.06107810988563864,0.0991734816585851,130.8626198083067
22,11,10,0,ecg_only,2049.4453125,26.833051154822922,9,0.4599609375,0.05188663214369231,0.09052054864262865,130.44585987261146,2052.375,45.66626986217508,9,0.455078125,0.049487732262968466,0.09471002133745442,131.84549356223175
22,12,1,0,ecg_only,2062.2802734375,27.532873844056525,10,0.4192708333333333,0.04117549036677578,0.07467989958712953,143.10559006211182,2065.0302734375,45.821900271120164,10,0.41796875,0.030922765851661243,0.0427685321102699,143.55140186915887
22,12,2,0,ecg_only,2063.498046875,26.7472252520762,10,0.43359375,0.04844030009827675,0.09490258291606517,138.3783783783784,2069.9912109375,46.882259030627786,10,0.4322916666666667,0.030425316264447715,0.047037478823407405,138.79518072289156
22,12,3,0,ecg_only,2062.7744140625,24.720486065150546,9,0.48095703125,0.06251335001464656,0.09695057535930357,124.751269035533,2066.0078125,45.15029088599368,9,0.474609375,0.09014047468136192,0.16300948205193244,126.41975308641975
22,12,4,0,ecg_only,2061.751953125,25.532282646148243,9,0.4501953125,0.06132159350171719,0.1109481100308592,133.2754880694143,2061.3544921875,44.24918695554192,9,0.4580078125,0.07892051039146426,0.15837698504435888,131.00213219616205
22,12,5,0,ecg_only,2058.951171875,25.66710638520067,10,0.4275173611111111,0.0935528727408784,0.17238472002825178,140.3451776649746,2058.017578125,44.72995888953534,10,0.4309895833333333,0.06948783366732465,0.12322500746934574,139.21450151057402
22,12,6,0,ecg_only,2062.8759765625,27.384402798389647,10,0.4188368055555556,0.05784468469324388,0.09650690842640976,143.2538860103627,2065.6904296875,48.5672945088474,10,0.4188368055555556,0.06975030300638861,0.11944441290172388,143.2538860103627
22,12,7,0,ecg_only,2064.8447265625,28.852099812615148,11,0.393359375,0.02933851207910219,0.056201150663820934,152.53227408143,2068.525390625,49.75809980235542,11,0.393359375,0.03450127729179928,0.05714351108721794,152.53227408143
22,12,8,0,ecg_only,2061.822265625,27.260062153578144,10,0.4071180555555556,0.044870999942083635,0.0702989353234968,147.3773987206823,2062.9501953125,47.24859930919226,10,0.4049479166666667,0.034743916833662326,0.047401019919967174,148.16720257234726
22,12,9,0,ecg_only,2058.2578125,24.70477910931089,9,0.46533203125,0.05951225077707707,0.10694649277020829,128.9401888772298,2060.5302734375,44.58667670693771,9,0.46484375,0.05266198735434673,0.08890473966203939,129.07563025210084
22,12,10,0,ecg_only,2057.7646484375,23.997971111211232,9,0.451171875,0.0372120290688626,0.0665701758233504,132.98701298701297,2062.892578125,43.91189002469344,9,0.443359375,0.04073565159104338,0.06399917928986891,135.33039647577093
22,13,1,0,ecg_only,2043.25390625,23.169340605986417,9,0.47607421875,0.10652032011791206,0.1780789805841578,126.03076923076924,2061.8623046875,45.23566313970002,9,0.474609375,0.09751943541265569,0.16358348437909967,126.41975308641975
22,13,2,0,ecg_only,2049.0966796875,23.080223303198885,9,0.47412109375,0.1066902911330075,0.1770292995731669,126.54994850669414,2070.140625,42.88818299059049,9,0.47900390625,0.07785445097423155,0.10112155308777614,125.25993883792049
22,13,3,0,ecg_only,2045.712890625,22.345904394469855,10,0.4366319444444444,0.054897222424269254,0.09440889873911681,137.41550695825052,2056.693359375,42.20985188942387,9,0.45361328125,0.02411437153294091,0.03512523433450048,132.2712594187298
22,13,4,0,ecg_only,2044.294921875,21.570671766605845,9,0.45947265625,0.05394789704050357,0.07991804011711445,130.5844845908608,2052.908203125,41.81144163334649,9,0.4609375,0.04819907296583229,0.06289980938926093,130.16949152542372
22,13,5,0,ecg_only,2043.08984375,22.479238128784214,9,0.47314453125,0.08700590959845032,0.13701339423900444,126.81114551083591,2051.87890625,42.971772443415816,9,0.47607421875,0.04705521590765694,0.06121374542002976,126.03076923076924
22,13,6,0,ecg_only,2036.2880859375,22.76441882203705,9,0.47021484375,0.1048691270022678,0.17954793687214746,127.601246105919,2043.5654296875,44.17905258950211,9,0.4736328125,0.06009629469634936,0.09409812596575905,126.68041237113403
22,13,7,0,ecg_only,2037.1552734375,24.40327509725092,9,0.4697265625,0.07935434147688751,0.16151832602790664,127.73388773388774,2038.001953125,45.41428219663174,9,0.47021484375,0.014075718071679271,0.023576596176649117,127.601246105919
22,13,8,0,ecg_only,2043.92578125,24.058773237680853,9,0.458984375,0.050479874934844085,0.08432434822235509,130.72340425531914,2041.5263671875,46.28838449488622,9,0.458984375,0.016105881350068987,0.029343341127533274,130.72340425531914
22,13,9,0,ecg_only,2046.22265625,22.146820859760798,9,0.47021484375,0.09837504025062213,0.16399605372130366,127.601246105919,2043.236328125,43.944643007053024,9,0.4765625,0.06388838763201611,0.07607523058594931,125.90163934426229
22,13,10,0,ecg_only,2046.556640625,22.679335541183733,9,0.4853515625,0.09321441249494278,0.17140510035100848,123.62173038229376,2042.546875,43.260450214189575,9,0.45361328125,0.0195739279812768,0.032008103570758895,132.2712594187298
22,14,1,0,ecg_only,2046.5029296875,24.34084127381244,9,0.45166015625,0.05036402747062156,0.09506609689588533,132.84324324324325,2050.78125,43.2699218027084,9,0.45166015625,0.05159864603676291,0.08763293075354354,132.84324324324325
22,14,2,0,ecg_only,2052.9150390625,22.276529312296365,9,0.46875,0.057276868353965546,0.09168103918711094,128.0,2054.978515625,42.809323871052094,9,0.46875,0.032798546140130204,0.04115489747208101,128.0
22,14,3,0,ecg_only,2055.7265625,22.183834149186062,9,0.45654296875,0.07021579449982183,0.0791506337540055,131.42245989304814,2057.3701171875,41.901026491961,9,0.455078125,0.08547014252750416,0.12105774234234994,131.84549356223175
22,14,4,0,ecg_only,2056.5947265625,22.341254483093756,9,0.4599609375,0.08402410942316181,0.1265166776617316,130.44585987261146,2057.3759765625,42.64300674714379,9,0.458984375,0.08434696438159837,0.12367637657067652,130.72340425531914
22,14,5,0,ecg_only,2053.3828125,22.353034292682587,9,0.447265625,0.06910861723810208,0.09485950607533829,134.14847161572052,2055.8525390625,43.76634441793616,9,0.4453125,0.054896364541231236,0.06270891423160779,134.73684210526315
22,14,6,0,ecg_only,2054.509765625,21.569516574498564,9,0.4912109375,0.1053737636507208,0.18814991529362962,122.14711729622266,2056.92578125,42.64516063930523,9,0.4912109375,0.08490479466858655,0.1413439582607985,122.14711729622266
22,14,7,0,ecg_only,2049.2958984375,21.135337309283358,9,0.48486328125,0.0907822395835425,0.18195986491151303,123.74622356495469,2051.587890625,41.660623010380405,9,0.474609375,0.07297477223542737,0.13655123666366042,126.41975308641975
22,14,8,0,ecg_only,2048.2294921875,21.91079814893507,9,0.4951171875,0.0768139505272673,0.14275574491582893,121.18343195266272,2052.990234375,42.34470596642004,9,0.49462890625,0.05163559789614887,0.09405178362068495,121.30306021717671
22,14,9,0,ecg_only,2049.4736328125,21.68577280779782,9,0.48583984375,0.05862425963497555,0.09827926269850878,123.49748743718592,2053.5732421875,42.098453556300264,9,0.48974609375,0.046668551724826146,0.08254779966728801,122.5124626121635
22,14,10,0,ecg_only,2047.09375,21.47984611356655,9,0.46484375,0.06663563323918742,0.1267748576683498,129.07563025210084,2049.4912109375,42.4456214718006,9,0.46923828125,0.048531815780417036,0.08947907355239348,127.86680541103017
22,15,1,0,ecg_only,2054.439453125,23.204976695763513,9,0.44140625,0.060389159506798074,0.10261941473295356,135.92920353982302,2055.453125,44.76191084068435,9,0.44140625,0.06960363156720883,0.11539741417182901,135.92920353982302
22,15,2,0,ecg_only,2049.8154296875,22.669115231129858,10,0.4275173611111111,0.07665967629916794,0.1365302830454715,140.3451776649746,2050.71875,43.498170309939475,9,0.48046875,0.09043622580304864,0.10869527307290257,124.8780487804878
22,15,3,0,ecg_only,2044.173828125,21.55183292745559,9,0.48876953125,0.0930236654217152,0.17461168452851009,122.75724275724276,2047.296875,42.11681288671277,9,0.45849609375,0.05163559789614887,0.07108332439254954,130.8626198083067
22,15,4,0,ecg_only,2046.359375,21.97707768015063,10,0.4366319444444444,0.08049313988219205,0.1292977600989343,137.41550695825052,2051.3212890625,41.58163675862,10,0.4353298611111111,0.05527680720462837,0.07558114285503652,137.82652043868396
22,15,5,0,ecg_only,2049.49609375,23.13855144269431,9,0.4326171875,0.064682062630023,0.12705824974445776,138.69074492099324,2054.40625,43.51720430258015,9,0.4326171875,0.024059931630380702,0.04500065878734047,138.69074492099324
22,15,6,0,ecg_only,2052.6474609375,23.395915888716807,10,0.4262152777777778,0.027709877950542305,0.046404704572330945,140.77393075356414,2056.55078125,44.135946758449045,10,0.4292534722222222,0.018270455885285756,0.032033631771204545,139.77755308392315
22,15,7,0,ecg_only,2054.1357421875,21.672998840631923,9,0.4638671875,0.07231179901548204,0.10609725102050073,129.34736842105264,2054.73828125,41.92925425846372,9,0.46923828125,0.06257434238236116,0.09502022664139537,127.86680541103017
22,15,8,0,ecg_only,2050.4658203125,21.312060197783847,10,0.4344618055555556,0.05433847507659459,0.09343411953019524,138.1018981018981,2050.6337890625,40.92415897714644,10,0.4344618055555556,0.04198195239355468,0.057971961248655585,138.1018981018981
22,15,9,0,ecg_only,2056.720703125,26.143461649246362,9,0.43017578125,0.03413431698554017,0.05308970072005156,139.47786606129398,2058.859375,46.21801839769177,9,0.4296875,0.05036639436807667,0.08418205037908488,139.63636363636363
22,15,10,0,ecg_only,2062.609375,24.998627892033895,10,0.4114583333333333,0.020505228838572424,0.02638526579317636,145.8227848101266,2062.697265625,46.02706142203946,10,0.4058159722222222,0.05017481255770286,0.08604840145277613,147.85026737967914
22,16,1,0,ecg_only,2049.0400390625,22.433437967930242,11,0.38984375,0.04591464142160973,0.05277856301956053,153.90781563126254,2048.36328125,42.34158042614138,11,0.390234375,0.04262826749298082,0.05311478659992484,153.75375375375376
22,16,2,0,ecg_only,2048.7431640625,25.37652882071755,10,0.4040798611111111,0.10227963811566303,0.11752879986976862,148.48549946294307,2051.783203125,44.88198360411436,10,0.4040798611111111,0.1042660839235441,0.12454139505413953,148.48549946294307
22,16,3,0,ecg_only,2051.8349609375,24.683565912775833,8,0.5027901785714286,0.16237592766345119,0.19196347461415023,119.33407325194229,2055.4296875,43.836687972545825,8,0.5027901785714286,0.16384597592413008,0.1906274013680713,119.33407325194229
22,16,4,0,ecg_only,2048.4580078125,22.0347779607871,10,0.4383680555555556,0.11060472171504966,0.19650514769666738,136.87128712871285,2048.814453125,41.68357302172137,9,0.45263671875,0.1009302265392903,0.12804092679355217,132.5566343042071
22,16,5,0,ecg_only,2042.4150390625,20.12122947011686,9,0.474609375,0.09096196111089858,0.17820746250670974,126.41975308641975,2042.5302734375,38.9939781699557,9,0.4716796875,0.05659851613610196,0.09166915031470316,127.20496894409938
22,16,6,0,ecg_only,2043.5166015625,20.818967598997855,10,0.4427083333333333,0.06017822920985075,0.10151553902278182,135.52941176470588,2046.8115234375,39.259933854667764,10,0.4431423611111111,0.05512323652207125,0.09568319307746789,135.39666993143976
22,16,7,0,ecg_only,2050.6552734375,22.509401497698843,9,0.43701171875,0.04904006736738298,0.09029148915259322,137.29608938547486,2055.9375,42.05379274661205,9,0.43701171875,0.024584366943699424,0.04352320841526884,137.29608938547486
22,16,8,0,ecg_only,2053.2734375,22.75586800824336,10,0.42578125,0.04819467584198372,0.09487243118125617,140.91743119266056,2059.671875,42.81626066968454,10,0.4270833333333333,0.02225000975343107,0.03903807830333337,140.4878048780488
22,16,9,0,ecg_only,2051.3740234375,22.066566308687463,9,0.47412109375,0.08775896171171223,0.13801205890797316,126.54994850669414,2058.126953125,41.0560246998422,9,0.470703125,0.07294863045696523,0.10471165099887746,127.4688796680498
22,16,10,0,ecg_only,2047.7158203125,21.026822149761774,10,0.4366319444444444,0.05089056669131894,0.07638441901182097,137.41550695825052,2051.7666015625,40.99889501385217,10,0.4383680555555556,0.043058530643180236,0.06542239931423526,136.87128712871285
22,17,1,0,ecg_only,2053.427734375,21.116137479530753,9,0.47021484375,0.08524529237697835,0.10857487952692241,127.601246105919,2054.1474609375,41.301397115707985,9,0.47021484375,0.07513663244081344,0.08290352561352132,127.601246105919
22,17,2,0,ecg_only,2051.1064453125,21.91401425932608,10,0.4318576388888889,0.04396767799350373,0.06916379378760068,138.93467336683418,2052.2080078125,42.712207965784664,10,0.4249131944444444,0.0186682405968807,0.02716880418602257,141.2053115423902
22,17,3,0,ecg_only,2050.638671875,21.560423554770068,9,0.44140625,0.05833275204323468,0.10326525905491436,135.92920353982302,2054.1298828125,42.52331306345399,9,0.44140625,0.03256510156354114,0.046431120079429025,135.92920353982302
22,17,4,0,ecg_only,2055.580078125,20.69678401935664,9,0.46533203125,0.08766110439084407,0.12890625,128.9401888772298,2058.63671875,41.64377461558208,9,0.46826171875,0.07280304548579569,0.09822379722611958,128.13347236704902
22,17,5,0,ecg_only,2055.4140625,19.992782816458888,9,0.46142578125,0.07517470040142718,0.13092807032189197,130.03174603174602,2057.73046875,42.12675730495137,9,0.48291015625,0.07493327669614414,0.10044022798322108,124.24671385237613
22,17,6,0,ecg_only,2056.029296875,19.539601241916767,10,0.43359375,0.05648701032157256,0.08137760412499867,138.3783783783784,2057.6171875,40.410393947162206,10,0.43359375,0.0459987545121242,0.0528247200636661,138.3783783783784
22,17,7,0,ecg_only,2052.396484375,22.994034283708913,9,0.44921875,0.040688802062499335,0.08389673063850794,133.56521739130434,2056.0576171875,43.685908418186806,9,0.44970703125,0.02557307495151074,0.03922955350629894,133.42019543973942
22,17,8,0,ecg_only,2048.9619140625,23.05761962776871,9,0.44580078125,0.033228247618845866,0.05476716136779151,134.58926615553122,2055.005859375,45.22927664320672,10,0.4348958333333333,0.03252603124165832,0.039378603815734284,137.96407185628743
22,17,9,0,ecg_only,2051.734375,21.203251657690974,9,0.4638671875,0.08674931717749551,0.12156984461837447,129.34736842105264,2054.517578125,42.70972705086655,9,0.4638671875,0.07228541747537912,0.08798048481740343,129.34736842105264
22,17,10,0,ecg_only,2046.3798828125,20.452336586836896,10,0.4288194444444444,0.05740335283807445,0.08927939256358904,139.91902834008098,2045.5830078125,41.42791820231936,10,0.4327256944444444,0.03686426626317027,0.04059494080239556,138.65596790371114
22,18,1,1,ecg_only,2051.03515625,20.173484259370912,10,0.4405381944444444,0.05259442520729552,0.08584867568685903,136.19704433497537,2053.8642578125,39.67618111028369,9,0.46533203125,0.06196171704587003,0.07762114307763428,128.9401888772298
22,18,2,1,ecg_only,2052.173828125,19.775918974423387,9,0.4912109375,0.11386484238579953,0.19790687632426662,122.14711729622266,2055.220703125,39.58182438166052,9,0.48583984375,0.08795434972818797,0.1466498321515892,123.49748743718592
22,18,3,1,ecg_only,2046.646484375,19.26597417931107,8,0.5256696428571429,0.09694736332042848,0.1920959089000748,114.14012738853502,2051.0439453125,39.82904167811484,8,0.5234375,0.07284022885557227,0.1383827311243621,114.6268656716418
22,18,4,1,ecg_only,2053.484375,21.17813560572259,8,0.5368303571428571,0.0638408466342638,0.11302278344131733,111.76715176715177,2057.0478515625,39.032171417184394,8,0.5290178571428571,0.05281624526328746,0.10101011642301808,113.41772151898735
22,18,5,1,ecg_only,2054.8984375,20.797513314302595,8,0.5094866071428571,0.06186399130319458,0.10677480302579778,117.76560788608982,2058.869140625,38.67829132179929,8,0.5167410714285714,0.05293403364611911,0.10359543896310462,116.11231101511879
22,18,6,1,ecg_only,2048.7138671875,19.282621585280122,9,0.47998046875,0.08231993242103465,0.12936201895280022,125.00508646998983,2053.4755859375,39.40223995318733,9,0.478515625,0.0782225952910187,0.10579892102875253,125.38775510204081
22,18,7,1,ecg_only,2050.1494140625,19.80925002051888,9,0.47119140625,0.08736687478636582,0.13540504042353155,127.33678756476684,2050.94921875,39.99532882118421,9,0.47021484375,0.07493327669614414,0.10141214832614977,127.601246105919
22,18,8,1,ecg_only,2051.875,20.663174898233816,9,0.46630859375,0.0818901665304794,0.11070224678928801,128.67015706806282,2053.7216796875,40.24288658404302,9,0.46484375,0.07534102157025746,0.08324463983575116,129.07563025210084
22,18,9,1,ecg_only,2050.5869140625,20.650322160216767,9,0.46923828125,0.0791783842817949,0.12224039490367068,127.86680541103017,2054.1220703125,40.19651120310451,9,0.4677734375,0.0619713358914262,0.07664615964979915,128.26722338204593
22,18,10,1,ecg_only,2051.7685546875,20.398044566326003,9,0.45654296875,0.0773998942963423,0.10504420174001242,131.42245989304814,2053.765625,41.08149472675471,9,0.45556640625,0.0577391287739705,0.06433888008005235,131.70418006430867
23,1,1,0,ecg_only,2048.8291015625,45.58496844807025,9,0.4853515625,0.08265088703951076,0.1474872663049194,123.62173038229376,2052.5859375,56.475351003744045,9,0.48681640625,0.0782698242620657,0.12804943873817143,123.24974924774322
23,1,2,0,ecg_only,2052.7998046875,46.45762055652821,9,0.4873046875,0.101707941233999,0.1794629322643527,123.12625250501002,2058.9609375,56.592519981629145,9,0.490234375,0.08939681633863912,0.1536403159320089,122.39043824701196
23,1,3,0,ecg_only,2045.2861328125,46.375096477809194,9,0.49853515625,0.08425504847039744,0.1610858799345421,120.35259549461313,2052.6015625,56.206905692793605,9,0.49609375,0.07378057331064103,0.13783030284669806,120.94488188976378
23,1,4,0,ecg_only,2040.8046875,46.036637684319906,8,0.5290178571428571,0.07928428776266558,0.15822321760266939,113.41772151898735,2048.326171875,56.45629755645476,8,0.5295758928571429,0.08126655541695327,0.16105881350068987,113.29820864067439
23,1,5,0,ecg_only,2041.9228515625,45.50792883862208,8,0.5345982142857143,0.07951959977919511,0.1613585461128286,112.23382045929019,2044.9853515625,54.52533796993632,8,0.5340401785714286,0.08072445194154468,0.16644781366686426,112.35109717868337
23,1,6,0,ecg_only,2040.705078125,44.413747757171386,8,0.52734375,0.07505113584131441,0.14899327150722977,113.77777777777777,2044.5703125,53.99371470854125,8,0.5245535714285714,0.061363633008443184,0.1203458929578526,114.38297872340426
23,1,7,0,ecg_only,2047.546875,46.31036759176475,9,0.470703125,0.07602148615636158,0.11324275823878005,127.4688796680498,2052.3310546875,56.58444647145878,9,0.47216796875,0.08061078323284725,0.12560886867823068,127.07342295760083
23,1,8,0,ecg_only,2059.19921875,47.79937891217467,9,0.46533203125,0.08521172352756448,0.12100371076530345,128.9401888772298,2062.3408203125,57.550131455775904,9,0.46630859375,0.08836541678821683,0.1306780960526531,128.67015706806282
23,1,9,0,ecg_only,2053.2275390625,48.3406489733282,9,0.4677734375,0.10607734564588871,0.16209088481039294,128.26722338204593,2058.2431640625,57.868000826676294,9,0.46875,0.09966680329822714,0.14329679139501744,128.0
23,1,10,0,ecg_only,2048.326171875,46.373558124840486,9,0.47265625,0.10178761109996393,0.1651220040687448,126.94214876033058,2053.1259765625,55.91915506642783,9,0.47265625,0.08256430229628223,0.10554106317270544,126.94214876033058
23,2,1,0,ecg_only,2028.767578125,57.809465153398726,9,0.48486328125,0.09723419539581979,0.18923582668902464,123.74622356495469,2029.41015625,62.3028432084009,9,0.484375,0.0667500292602932,0.12816854660674637,123.87096774193549
23,2,2,0,ecg_only,2033.7724609375,52.212475155967624,9,0.48486328125,0.07392100793704527,0.13523589983769368,123.74622356495469,2035.791015625,57.74432870339741,9,0.4853515625,0.06826863397108034,0.13319764271814138,123.62173038229376
23,2,3,0,ecg_only,2044.0283203125,50.669311035106844,9,0.48291015625,0.07719014645877509,0.14582253759998218,124.24671385237613,2047.8359375,56.86722506524381,9,0.48291015625,0.07093199048934319,0.13376105595159496,124.24671385237613
23,2,4,0,ecg_only,2044.7763671875,51.12572382668702,9,0.4794921875,0.07172916378302287,0.14117421273955783,125.13238289205702,2048.8466796875,57.14979057874381,9,0.4794921875,0.0641788078150303,0.12527870714644893,125.13238289205702
23,2,5,0,ecg_only,2052.171875,50.6758208454424,8,0.5055803571428571,0.08007763890469685,0.15782087952175666,118.67549668874173,2055.701171875,56.878902326580715,8,0.5083705357142857,0.07675780742879196,0.1514816015841184,118.02414928649836
23,2,6,0,ecg_only,2046.869140625,50.33187189991025,8,0.5329241071428571,0.10470867703869569,0.20370010732436628,112.58638743455498,2051.1708984375,57.727683499007306,8,0.5368303571428571,0.09952141036407489,0.19907189235756742,111.76715176715177
23,2,7,0,ecg_only,2041.1533203125,49.52724676952349,8,0.4732142857142857,0.10594157760348293,0.1337759935070642,126.79245283018868,2046.4521484375,57.405949367012184,7,0.552734375,0.10220524780575829,0.2090336536526475,108.55123674911661
23,2,8,0,ecg_only,2047.0380859375,50.97523060662761,8,0.5111607142857143,0.07567095974412469,0.1416700175767912,117.37991266375545,2051.041015625,57.61257896691057,8,0.49832589285714285,0.09212829947986134,0.14654078774852528,120.40313549832027
23,2,9,0,ecg_only,2046.310546875,51.78741897182585,8,0.5184151785714286,0.11589153728199564,0.1983552056227823,115.73735199138858,2046.541015625,58.23003176169927,8,0.5178571428571429,0.06631943980689992,0.1286099815090182,115.86206896551722
23,2,10,0,ecg_only,2042.384765625,49.549458427048606,8,0.5284598214285714,0.10711378883956223,0.15956764296777612,113.5374868004224,2042.0751953125,56.05794652948392,8,0.5128348214285714,0.057702080154957876,0.11932725307666693,116.99673558215453
23,3,1,0,ecg_only,2056.91796875,50.76255530284132,9,0.46435546875,0.0680920414423601,0.11368462664730662,129.21135646687696,2057.31640625,55.88457241457575,9,0.46484375,0.05506981320262377,0.09572874565947113,129.07563025210084
23,3,2,0,ecg_only,2054.65625,49.44766211928022,9,0.4716796875,0.039535707968744456,0.0671894466080133,127.20496894409938,2057.47265625,55.47936724422275,9,0.4716796875,0.05766682184158057,0.11214018911393421,127.20496894409938
23,3,3,0,ecg_only,2047.0859375,51.074111645442194,9,0.48046875,0.07250277809871322,0.1259554721756151,124.8780487804878,2050.060546875,57.135873606919915,9,0.47900390625,0.08604701606679353,0.1532496531617492,125.25993883792049
23,3,4,0,ecg_only,2036.6708984375,62.60112204444949,8,0.51953125,0.1077283574345015,0.20077010345194368,115.48872180451127,2047.04296875,58.59910899972391,9,0.46240234375,0.09989499300913884,0.14496045104121133,129.75712777191129
23,3,5,0,ecg_only,1960.34765625,102.23119399555517,10,0.4171006944444444,0.09871436788770487,0.13083750983373302,143.85015608740895,2019.306640625,67.27084739340734,10,0.4157986111111111,0.09846214540589748,0.11107083756338228,144.30062630480168
23,3,6,0,ecg_only,1995.6884765625,127.00125193166558,10,0.4144965277777778,0.08989929677140018,0.09264485332524548,144.75392670157066,2022.193359375,68.36991322231658,9,0.4658203125,0.09676842518504147,0.12982458331547117,128.80503144654088
23,3,7,0,ecg_only,2110.2412109375,58.03744599477246,8,0.48660714285714285,0.09231739162906347,0.14471588713158362,123.30275229357798,2067.9453125,58.718849267312315,8,0.5251116071428571,0.07431728488654685,0.14587111210810813,114.2614240170032
23,3,8,0,ecg_only,2101.96875,54.87664611710978,9,0.4775390625,0.09431288538222704,0.14922839114328842,125.6441717791411,2075.5185546875,57.27312278218791,9,0.4775390625,0.08132485096375734,0.1127798324041059,125.6441717791411
23,3,9,0,ecg_only,2066.4521484375,50.07880172391275,10,0.4171006944444444,0.06832595358044752,0.09552358797373034,143.85015608740895,2060.3134765625,54.73594616663955,10,0.4210069444444444,0.06921348311692939,0.08882961946302209,142.51546391752578
23,3,10,0,ecg_only,2055.0498046875,44.177227191230585,10,0.4118923611111111,0.06290857962497722,0.0948221569838934,145.6691253951528,2058.744140625,53.125486806995234,10,0.4153645833333333,0.05548769727255864,0.08388211434176723,144.45141065830722
23,4,1,1,ecg_only,2062.66796875,39.894429893144526,9,0.48681640625,0.10095856910223569,0.1579152335341428,123.24974924774322,2064.7861328125,54.71349527779788,9,0.48291015625,0.10736748445474378,0.15844578776928833,124.24671385237613
23,4,2,1,ecg_only,2057.9560546875,38.2187247350302,8,0.49386160714285715,0.07250599932294484,0.11665460433364636,121.49152542372882,2061.4130859375,54.20175584398295,8,0.49497767857142855,0.05546773946334453,0.073061843943091,121.21758737316799
23,4,3,1,ecg_only,2057.30859375,43.07066872330242,8,0.5401785714285714,0.07565038076581476,0.14601922675912693,111.07438016528926,2063.1689453125,58.144332911031704,8,0.5379464285714286,0.0777534211937596,0.1501071123641104,111.53526970954356
23,4,4,1,ecg_only,2054.2626953125,44.12358725342139,8,0.5184151785714286,0.09129300557386193,0.16321550959273012,115.73735199138858,2060.296875,58.95855395092705,8,0.5189732142857143,0.09675766429327341,0.1498612503901178,115.61290322580645
23,4,5,1,ecg_only,2050.603515625,43.27310423508326,8,0.5491071428571429,0.06720103239373011,0.1352882754730385,109.26829268292683,2054.5947265625,56.51785886450722,8,0.5491071428571429,0.07193251359072331,0.14290327508019482,109.26829268292683
23,4,6,1,ecg_only,2051.5302734375,37.41734460472819,8,0.5446428571428571,0.06211015213382379,0.10290578025249603,110.16393442622952,2052.6572265625,51.25486530377428,8,0.5435267857142857,0.08071673634277517,0.14840323069329836,110.39014373716633
23,4,7,1,ecg_only,2058.705078125,39.13147577191086,8,0.5061383928571429,0.09241179260930558,0.14927464049285408,118.54465270121278,2057.837890625,54.64241972177419,8,0.5128348214285714,0.08567620294246096,0.13864894910254308,116.99673558215453
23,4,8,1,ecg_only,2058.4609375,42.727543872437764,9,0.47998046875,0.10630523143681575,0.15220059666073563,125.00508646998983,2060.630859375,58.134814904229074,8,0.5485491071428571,0.07964090524513961,0.15621744452511804,109.37945066124111
23,4,9,1,ecg_only,2055.0146484375,43.495338968512236,9,0.4599609375,0.10310483793198294,0.1300678185267003,130.44585987261146,2059.9208984375,58.703710094680645,7,0.5553385416666666,0.08871622269623435,0.1646103205063021,108.042203985932
23,4,10,1,ecg_only,2051.0078125,39.09610975966591,10,0.4131944444444444,0.06496802895920528,0.08489917834348244,145.21008403361344,2053.7109375,53.67839013859389,9,0.47119140625,0.0950820387925719,0.12739235487843537,127.33678756476684
23,5,1,1,ecg_only,2085.2216796875,49.04548549233303,10,0.4162326388888889,0.08202321205475509,0.10923540198523096,144.15015641293013,2082.8291015625,62.149133051367336,9,0.4775390625,0.10089833163951087,0.16065226978077304,125.6441717791411
23,5,2,1,ecg_only,2062.9228515625,59.27325909236889,10,0.3997395833333333,0.04621937330546575,0.05439023560798563,150.09771986970685,2057.548828125,70.4489617351754,10,0.4001736111111111,0.050095906524401206,0.0705291800205773,149.93492407809111
23,5,3,1,ecg_only,2024.619140625,44.26689588322717,10,0.4370659722222222,0.08931275081174987,0.10526057290366518,137.27904667328698,2025.3857421875,56.33163028132847,10,0.4396701388888889,0.10318730873433457,0.15035257229623228,136.4659427443238
23,5,4,1,ecg_only,2027.546875,42.08545238837733,10,0.4058159722222222,0.04775094631762176,0.06339387643405266,147.85026737967914,2032.4912109375,56.33365238915705,10,0.39453125,0.05378092819808172,0.0824255775234734,152.07920792079207
23,5,5,1,ecg_only,2040.060546875,47.28615768991944,9,0.43408203125,0.09973256590270846,0.10014681257074715,138.22272215973004,2041.990234375,61.98779099756313,9,0.43408203125,0.09469006021897157,0.0985671800286213,138.22272215973004
23,5,6,1,ecg_only,2042.2470703125,42.08850063791987,9,0.47119140625,0.09792808844862719,0.12887242521589629,127.33678756476684,2041.6396484375,55.95242494913785,9,0.4951171875,0.09026206116114674,0.11619745476258751,121.18343195266272
23,5,7,1,ecg_only,2047.126953125,42.05271868178148,10,0.4053819444444444,0.0506233448327199,0.08604840145277613,148.00856531049251,2049.3896484375,55.93327087952799,10,0.4027777777777778,0.048455853253308555,0.0778437319663267,148.9655172413793
23,5,8,1,ecg_only,2052.6376953125,45.7592693068947,9,0.45263671875,0.10673497536051602,0.12643050049918025,132.5566343042071,2056.7802734375,59.194458750800585,10,0.40234375,0.042869993836339396,0.07051565702553006,149.126213592233
23,5,9,1,ecg_only,2051.3623046875,39.309551073828295,8,0.5318080357142857,0.10657751704589655,0.18759491955046606,112.82266526757608,2051.3017578125,53.05263229836098,8,0.5256696428571429,0.12003346917131497,0.19082074563879536,114.14012738853502
23,5,10,1,ecg_only,2050.8701171875,39.29602354427884,10,0.4088541666666667,0.056276517669203927,0.09265514662601891,146.7515923566879,2050.080078125,54.0838418279332,10,0.4075520833333333,0.04669380488812788,0.07447529673803757,147.22044728434506
23,6,1,1,ecg_only,2046.3623046875,42.22852848639076,8,0.5625,0.08468548198702656,0.17303996764807208,106.66666666666667,2045.85546875,55.656492220968914,8,0.55859375,0.06752923887234752,0.13940807366363028,107.41258741258741
23,6,2,1,ecg_only,2047.58984375,43.33805764683722,10,0.4197048611111111,0.05372134877349237,0.09248000470118527,142.95760082730092,2051.3310546875,58.94474680776383,10,0.4249131944444444,0.06306111449890603,0.10782948235814266,141.2053115423902
23,6,3,1,ecg_only,2047.5791015625,47.84389892993473,10,0.4075520833333333,0.05295494637412176,0.08417719507621074,147.22044728434506,2054.5537109375,62.11211704559098,10,0.4071180555555556,0.06145440979315228,0.1030817114399952,147.3773987206823
23,6,4,1,ecg_only,2041.98046875,42.98539006633851,10,0.4279513888888889,0.06301628962806088,0.11251254541595156,140.20283975659228,2047.3984375,56.67710624721938,10,0.4110243055555556,0.06020013781047092,0.10785601193963848,145.9767687434002
23,6,5,1,ecg_only,2041.7138671875,42.056337344401626,9,0.47021484375,0.10124155833527688,0.15116589077764275,127.601246105919,2047.7255859375,56.69037590596663,9,0.45947265625,0.11558041099442262,0.1424347217924696,130.5844845908608
23,6,6,1,ecg_only,2047.2939453125,46.45241309222546,8,0.49832589285714285,0.11794504297877595,0.1487028193514599,120.40313549832027,2052.6494140625,59.98195643118793,9,0.4365234375,0.10743519093604685,0.11599091472657305,137.4496644295302
23,6,7,1,ecg_only,2042.6728515625,42.65288912210217,9,0.47021484375,0.10058001158211505,0.15217194983257662,127.601246105919,2044.0,55.62157643958862,8,0.53515625,0.11625372017856953,0.1916717970893975,112.11678832116789
23,6,8,1,ecg_only,2049.091796875,43.83176924570511,10,0.4244791666666667,0.06810779599282303,0.11749633783355494,141.34969325153372,2051.5634765625,57.79867971654728,10,0.4123263888888889,0.051989208931211964,0.06644931967267187,145.5157894736842
23,6,9,1,ecg_only,2053.8359375,47.639499489615694,10,0.4223090277777778,0.04732296239735768,0.08101349668732867,142.0760534429599,2056.4423828125,61.1161212284427,10,0.421875,0.07093665870768873,0.1265769667657785,142.22222222222223
23,6,10,1,ecg_only,2045.2353515625,42.196460625620354,10,0.4140625,0.058867992476340184,0.10670034671573383,144.9056603773585,2047.087890625,54.93742969495421,10,0.4084201388888889,0.04727516945899341,0.08351750684853633,146.90754516471839
23,7,1,0,ecg_only,2052.310546875,43.5488819964236,8,0.5139508928571429,0.10562069789572304,0.13062109057646631,116.74267100977198,2058.1796875,57.315166049461496,8,0.5167410714285714,0.10592687962236315,0.18034441739826257,116.11231101511879
23,7,2,0,ecg_only,2057.91015625,43.26112725329272,9,0.4619140625,0.07446889384100146,0.096826834944667,129.89429175475686,2060.2314453125,56.672494460538985,8,0.5485491071428571,0.08694260899724282,0.15350783880805838,109.37945066124111
23,7,3,0,ecg_only,2051.9111328125,40.576664912674694,9,0.4443359375,0.07041415178070452,0.09187105190739588,135.03296703296704,2051.265625,53.737005605861356,9,0.447265625,0.07773339352395468,0.10814236867621213,134.14847161572052
23,7,4,0,ecg_only,2048.3720703125,41.401535594951746,9,0.45703125,0.09217011885935092,0.14679839852759927,131.28205128205127,2049.4345703125,55.56662681710123,9,0.45849609375,0.08771548304710249,0.1257216196274176,130.8626198083067
23,7,5,0,ecg_only,2044.3837890625,43.1066329874882,10,0.4231770833333333,0.04574002101627681,0.0739355204326082,141.7846153846154,2044.0556640625,56.69835055977948,10,0.4318576388888889,0.07141570659954752,0.10396607476551395,138.93467336683418
23,7,6,0,ecg_only,2044.82421875,44.35349786462336,9,0.45361328125,0.08683035602212345,0.1355337677637609,132.2712594187298,2048.2509765625,58.923567572343885,9,0.45361328125,0.06867776023114186,0.11035711802545374,132.2712594187298
23,7,7,0,ecg_only,2045.958984375,44.29835234908298,10,0.4401041666666667,0.04669380488812788,0.06286514429465266,136.33136094674555,2050.107421875,56.85116416390056,10,0.4318576388888889,0.05490751597523774,0.0943280518831504,138.93467336683418
23,7,8,0,ecg_only,2048.349609375,41.75204476471676,10,0.4270833333333333,0.055579286381283975,0.06807978538255224,140.4878048780488,2051.240234375,54.16659867893745,10,0.41796875,0.04906625958702284,0.0890226576177994,143.55140186915887
23,7,9,0,ecg_only,2053.5380859375,44.29264491099357,9,0.44921875,0.09104579703755207,0.09423701626417827,133.56521739130434,2055.3955078125,56.4251683937031,9,0.44921875,0.10065702130254005,0.11578400625695552,133.56521739130434
23,7,10,0,ecg_only,2047.486328125,40.81283270100023,9,0.453125,0.0960810459081941,0.12648221384260627,132.41379310344828,2049.123046875,53.684339401417176,9,0.49267578125,0.11229088739939824,0.13481616223749446,121.78394449950446
23,8,1,1,ecg_only,2053.2236328125,42.37419095012521,8,0.5228794642857143,0.07063506650084701,0.09782537438567723,114.74919957310566,2055.7509765625,55.31634431400068,8,0.5223214285714286,0.0761386513429042,0.1161083120914207,114.87179487179486
23,8,2,1,ecg_only,2051.935546875,43.28622203045303,9,0.482421875,0.08339180484456717,0.10077605883640327,124.37246963562752,2053.88671875,55.78797105320643,9,0.48193359375,0.08402836556837681,0.09863350313584231,124.4984802431611
23,8,3,1,ecg_only,2041.9873046875,39.733177884062336,9,0.47705078125,0.08661041365951591,0.13191496887115117,125.77277379733879,2045.7529296875,53.36808806251336,9,0.478515625,0.07667104072808797,0.11165317131215978,125.38775510204081
23,8,4,1,ecg_only,2043.2783203125,39.403011845430676,9,0.4794921875,0.08141861073083871,0.11895064991396792,125.13238289205702,2049.13671875,53.30891748088118,9,0.47998046875,0.07747378736632046,0.10055952214693366,125.00508646998983
23,8,5,1,ecg_only,2054.083984375,42.98522158544441,8,0.5279017857142857,0.08371279728838918,0.17411683070765183,113.65750528541227,2058.095703125,56.39095725080277,8,0.5239955357142857,0.06045873377862619,0.12135598286373407,114.50479233226838
23,8,6,1,ecg_only,2050.765625,43.83585047776962,8,0.5206473214285714,0.09076618576494402,0.17924112354896057,115.24115755627011,2052.2626953125,57.78950839240018,8,0.5262276785714286,0.06917842507728453,0.13769184946886381,114.01908801696712
23,8,7,1,ecg_only,2047.2822265625,43.27337966036301,8,0.52734375,0.11990887769841255,0.22348279516122246,113.77777777777777,2049.0126953125,57.64471289516967,8,0.5251116071428571,0.10190227211803905,0.1825936858206288,114.2614240170032
23,8,8,1,ecg_only,2046.4501953125,40.8074444126694,8,0.5206473214285714,0.10342797176967049,0.1626301562082916,115.24115755627011,2048.02734375,55.258741835064754,9,0.45556640625,0.10002855846784593,0.15270818361017152,131.70418006430867
23,8,9,1,ecg_only,2047.580078125,42.40779788987983,8,0.5518973214285714,0.07469345036496486,0.10859328162369017,108.71587462082913,2047.732421875,55.96072042130999,8,0.5518973214285714,0.0739602607957614,0.11332614053078913,108.71587462082913
23,8,10,1,ecg_only,2050.7607421875,39.41486550638804,9,0.48193359375,0.0973812044686481,0.12891470480930958,124.4984802431611,2051.5380859375,54.15061924933421,9,0.49560546875,0.08498759235254189,0.11675888880012214,121.06403940886699
23,9,1,0,ecg_only,2057.0,44.375,8,0.4927455357142857,0.09424692916761537,0.17891449444249782,121.76670441676104,2061.2080078125,57.35045681433095,8,0.5078125,0.08270608897788516,0.16340237981089684,118.15384615384616
23,9,2,0,ecg_only,2049.318359375,46.05652326010236,9,0.4599609375,0.12578716382642585,0.21262039492525087,130.44585987261146,2054.9892578125,59.43137851163228,8,0.5267857142857143,0.1170465776828082,0.21926093603949762,113.89830508474576
23,9,3,0,ecg_only,2047.5263671875,46.67086057323588,8,0.5301339285714286,0.11161830301344865,0.16106670834707096,113.17894736842105,2050.0986328125,59.539353435402695,8,0.5306919642857143,0.10449134932550538,0.15335866525349434,113.05993690851734
23,9,4,0,ecg_only,2045.2255859375,40.41736469387016,8,0.5485491071428571,0.08946341134267616,0.17874384231453844,109.37945066124111,2045.5849609375,53.721545960527784,8,0.5524553571428571,0.07798137307840813,0.14545209188992866,108.60606060606061
23,9,5,0,ecg_only,2046.4365234375,40.850669770837456,9,0.45751953125,0.0944884148010549,0.14192878985431015,131.1419423692636,2048.9853515625,55.08266852069514,8,0.5178571428571429,0.10024160664835674,0.17181580420006964,115.86206896551722
23,9,6,0,ecg_only,2049.078125,46.35863245108051,8,0.5446428571428571,0.08158779858257618,0.16234843693105988,110.16393442622952,2052.72265625,59.48479350699081,8,0.5479910714285714,0.09047753660496091,0.18517987278983192,109.4908350305499
23,9,7,0,ecg_only,2045.830078125,44.91678975123218,7,0.552734375,0.08672549476398098,0.1744655622805687,108.55123674911661,2050.4794921875,58.38254074468348,7,0.5533854166666666,0.07519460790615057,0.14811848944025355,108.42352941176472
23,9,8,0,ecg_only,2041.486328125,44.10441057116435,8,0.546875,0.08172508767420897,0.1615869153658424,109.71428571428571,2044.0693359375,56.199544012520875,8,0.5245535714285714,0.08470386589736731,0.11207375486681936,114.38297872340426
23,9,9,0,ecg_only,2041.279296875,41.49938959798825,9,0.484375,0.11806313484146416,0.15578894029234142,123.87096774193549,2041.0810546875,53.522285374413286,8,0.546875,0.08084009755540784,0.15383881771496263,109.71428571428571
23,9,10,0,ecg_only,2041.939453125,45.27807146898957,9,0.470703125,0.0791919333309113,0.11894148682417935,127.4688796680498,2046.1240234375,58.352589122072814,9,0.47119140625,0.07785445097423155,0.1190239292370521,127.33678756476684
23,10,1,1,ecg_only,2083.2431640625,67.37442349698593,6,0.68125,0.013666293503543672,0.01691455866766482,88.07339449541284,2092.20703125,61.77496735075239,9,0.47021484375,0.1552204545512878,0.12112974695382722,127.601246105919
23,10,2,1,ecg_only,2078.6572265625,60.983785999296934,9,0.486328125,0.13510487191813486,0.17891550974165452,123.37349397590361,2084.1337890625,51.71262870589983,9,0.48388671875,0.1338202447124405,0.18209159407510414,123.99596367305752
23,10,3,1,ecg_only,2086.5244140625,60.79600069764912,10,0.4071180555555556,0.04100126971742898,0.055809500243084176,147.3773987206823,2087.5009765625,49.45572908846179,10,0.4053819444444444,0.04364515656241852,0.06501295694177046,148.00856531049251
23,10,4,1,ecg_only,2100.84375,57.837790076536464,10,0.4305555555555556,0.08124786692950244,0.10386512343990884,139.3548387096774,2100.9560546875,48.06360757888456,10,0.4288194444444444,0.07846665264158202,0.10235754022073343,139.91902834008098
23,10,5,1,ecg_only,2006.8916015625,147.80925263271325,10,0.39453125,0.024910320924100247,0.04159285046688839,152.07920792079207,1999.8115234375,152.85429714690028,10,0.4071180555555556,0.04333327768871071,0.055328966696153496,147.3773987206823
23,10,6,1,ecg_only,1984.890625,150.2113996992551,10,0.4292534722222222,0.09935918751341326,0.1403670594439918,139.77755308392315,1980.115234375,155.37250602113883,10,0.4283854166666667,0.09260366868070076,0.11388577919619727,140.06079027355622
23,10,7,1,ecg_only,2106.7841796875,99.088843617257,10,0.3927951388888889,0.04600284966054203,0.09019335850795951,152.75138121546962,2116.19921875,94.08914364853497,10,0.3953993055555556,0.021377795756987415,0.03365954675705876,151.74533479692644
23,10,8,1,ecg_only,2161.84765625,63.251144338516404,10,0.4231770833333333,0.08987205170175729,0.11569690015328037,141.7846153846154,2170.169921875,49.337806735113354,10,0.421875,0.0900228438408521,0.12870634357317653,142.22222222222223
23,10,9,1,ecg_only,2170.736328125,65.17285316481345,10,0.4097222222222222,0.02664944693230686,0.04270158419741298,146.4406779661017,2171.2099609375,51.98104614753559,10,0.4092881944444444,0.041412709867626955,0.06700670624378298,146.59597030752917
23,10,10,1,ecg_only,2171.8740234375,60.337581807221945,10,0.4283854166666667,0.008831158832194359,0.015254393898255184,140.06079027355622,2168.94921875,47.64459242022801,10,0.4270833333333333,0.025714085492358724,0.04031204578232479,140.4878048780488
23,11,1,0,ecg_only,2042.462890625,53.74546301567498,10,0.4144965277777778,0.0511784825450822,0.047118508132089135,144.75392670157066,2052.2529296875,43.831681464560326,10,0.4149305555555556,0.054244790972111094,0.0631527195868154,144.60251046025104
23,11,2,0,ecg_only,2013.5634765625,62.90329161280841,10,0.4010416666666667,0.03236927837150014,0.060766989008218926,149.6103896103896,2057.3515625,43.625642875590884,10,0.4049479166666667,0.032888882657070545,0.05522545123280739,148.16720257234726
23,11,3,0,ecg_only,2000.9521484375,66.06027266285287,10,0.4040798611111111,0.029982493123559974,0.053932426841734674,148.48549946294307,2075.0517578125,47.71591814652994,10,0.40234375,0.028940248399600087,0.04813967790572749,149.126213592233
23,11,4,0,ecg_only,2052.701171875,74.09879489490169,10,0.4105902777777778,0.027402246732056594,0.051192743836254516,146.1310782241015,2102.0478515625,46.38475570476216,10,0.4157986111111111,0.03613655954253237,0.06566974386115011,144.30062630480168
23,11,5,0,ecg_only,2029.4404296875,80.04629011236479,9,0.47705078125,0.09324893564225324,0.12135448599998859,125.77277379733879,2103.689453125,40.298510727921794,9,0.47509765625,0.09421550890660345,0.13581493345561663,126.28982528263104
23,11,6,0,ecg_only,2069.03515625,118.30446327025489,10,0.4157986111111111,0.04875814815966534,0.09182803659920026,144.30062630480168,2101.2353515625,44.849229633345196,10,0.4153645833333333,0.041747967556982804,0.06812179697888784,144.45141065830722
23,11,7,0,ecg_only,2151.2744140625,69.45615952066312,10,0.4392361111111111,0.03849902232905674,0.0701903235393219,136.600790513834,2061.2490234375,65.60456154216774,10,0.4409722222222222,0.056918899885353993,0.11359231268433864,136.06299212598427
23,11,8,0,ecg_only,2102.3876953125,62.90868789489386,9,0.4814453125,0.06682856293330322,0.0922380876636556,124.62474645030426,2017.423828125,40.615288004893664,9,0.4765625,0.07846605244765885,0.13582295820870086,125.90163934426229
23,11,9,0,ecg_only,2063.349609375,52.10930556445664,10,0.44140625,0.034987054277459385,0.029845130449093996,135.92920353982302,2028.6796875,41.64987218500609,9,0.45849609375,0.027891931155952582,0.05095266398956907,130.8626198083067
23,11,10,0,ecg_only,2044.6435546875,53.77058923846471,9,0.44677734375,0.049716047806979774,0.06879247368996065,134.29508196721312,2034.0673828125,41.08228631197489,9,0.44775390625,0.04646375182617788,0.046851742742304386,134.0021810250818
23,12,1,0,ecg_only,2041.8994140625,53.79219491740114,9,0.47900390625,0.08172696307541516,0.1083638689651593,125.25993883792049,2044.9404296875,45.69711088860398,9,0.47607421875,0.0819949115011716,0.10254504127977826,126.03076923076924
23,12,2,0,ecg_only,2059.2392578125,55.104768660585606,10,0.4136284722222222,0.023613664077665703,0.04186709201216019,145.05771248688353,2060.7685546875,48.36500772386811,10,0.4188368055555556,0.0412486262865164,0.06619048126105681,143.2538860103627
23,12,3,0,ecg_only,2076.6513671875,55.05241233224525,10,0.4283854166666667,0.030313663351101083,0.04513367190738806,140.06079027355622,2075.505859375,47.27438157361474,10,0.4279513888888889,0.04267621025445088,0.07476923727558973,140.20283975659228
23,12,4,0,ecg_only,2073.408203125,51.41818223117908,9,0.4921875,0.059817940746537325,0.09600160724566022,121.9047619047619,2071.67578125,43.12966867136993,9,0.4873046875,0.06826863397108034,0.12376447144371067,123.12625250501002
23,12,5,0,ecg_only,2068.5927734375,51.152242765731145,9,0.4775390625,0.02966886236516272,0.04419417382415922,125.6441717791411,2069.1123046875,43.74785803864762,9,0.4833984375,0.048661826184769504,0.09908552289923228,124.12121212121212
23,12,6,0,ecg_only,2071.6767578125,52.300103134943434,9,0.47265625,0.04449525683552546,0.0895156080514534,126.94214876033058,2073.0048828125,44.28204365451805,9,0.4716796875,0.03135662960547329,0.05030685000440866,127.20496894409938
23,12,7,0,ecg_only,2060.607421875,53.86145950413683,9,0.46923828125,0.06587093229239538,0.10608697774514181,127.86680541103017,2064.3798828125,45.273142666058284,9,0.47021484375,0.045843863000190915,0.05842609944179179,127.601246105919
23,12,8,0,ecg_only,2044.6796875,52.930018449149856,9,0.4560546875,0.05845523993350463,0.07225431257983103,131.56316916488223,2049.671875,43.962938826179204,8,0.47377232142857145,0.07730355776449406,0.15277716125980403,126.64310954063603
23,12,9,0,ecg_only,2032.0341796875,54.70183565417583,9,0.44580078125,0.05180155507113745,0.06767434185685835,134.58926615553122,2039.2978515625,44.83219750228864,9,0.44580078125,0.09859775637846031,0.18080615490879118,134.58926615553122
23,12,10,0,ecg_only,2024.541015625,57.5794990282436,9,0.455078125,0.019236050394133015,0.03204213665168659,131.84549356223175,2032.9052734375,49.22784451218494,9,0.455078125,0.06340891828417158,0.11251859965293357,131.84549356223175
23,13,1,0,ecg_only,2084.7177734375,55.927927223167494,10,0.4058159722222222,0.06635374876314705,0.08935413463826464,147.85026737967914,2083.1591796875,45.41676639347618,10,0.4049479166666667,0.06669921080659218,0.08753181968865843,148.16720257234726
23,13,2,0,ecg_only,2066.88671875,54.87468731558658,10,0.3858506944444444,0.049710867098426974,0.06163958530491992,155.5005624296963,2061.28125,41.47567293381145,10,0.3862847222222222,0.05010718642243685,0.06637752135924387,155.32584269662922
23,13,3,0,ecg_only,2052.533203125,57.67863616129884,11,0.38359375,0.022289597840136104,0.04225255400934363,156.41547861507127,2051.6298828125,45.91547862464266,11,0.383203125,0.023466778587305608,0.03789487554910221,156.57492354740063
23,13,4,0,ecg_only,2045.2763671875,55.46040243601892,11,0.39296875,0.031112980862093558,0.05235929495542474,152.68389662027835,2047.212890625,42.468549827569895,10,0.3997395833333333,0.03355234043418001,0.05893455574068208,150.09771986970685
23,13,5,0,ecg_only,2043.7841796875,52.28556751179251,9,0.45654296875,0.049581589013626935,0.0742481144917523,131.42245989304814,2048.8818359375,38.829664860668494,9,0.451171875,0.05687585851000405,0.09377324860544108,132.98701298701297
23,13,6,0,ecg_only,2052.7265625,52.200722852357075,9,0.46875,0.04971844555217912,0.09128788887434043,128.0,2059.21484375,39.504607306149566,9,0.46826171875,0.06656224496998532,0.12484295380132307,128.13347236704902
23,13,7,0,ecg_only,2062.66796875,52.35296662677315,9,0.4765625,0.0637688582707598,0.10676289350559726,125.90163934426229,2067.0341796875,39.86008003236399,9,0.4755859375,0.07538531190798937,0.13066141409738596,126.16016427104722
23,13,8,0,ecg_only,2055.408203125,52.148201624876194,10,0.4392361111111111,0.05744271964085314,0.06295609945814921,136.600790513834,2058.7705078125,39.21374556387564,10,0.4379340277777778,0.0664048315934211,0.08675481372856567,137.00693756194252
23,13,9,0,ecg_only,2053.7119140625,54.6821963021797,9,0.43896484375,0.04247485595103912,0.06440660523572929,136.68520578420467,2056.7978515625,40.99155728710141,9,0.439453125,0.037057941330098196,0.04867722217531889,136.53333333333333
23,13,10,0,ecg_only,2056.2236328125,57.78713791733999,9,0.4736328125,0.027673100225204597,0.03658433795331197,126.68041237113403,2060.373046875,44.89751237294838,9,0.47412109375,0.09546241851639327,0.14893595819296676,126.54994850669414
23,14,1,0,ecg_only,2032.0673828125,62.42146902704293,7,0.5885416666666666,0.011425734879416826,0.010481568644530264,101.94690265486726,2041.3134765625,56.4754542058518,7,0.587890625,0.011664370356229763,0.012717828590702895,102.05980066445183
23,14,2,0,ecg_only,2045.13671875,64.65375674396962,8,0.5044642857142857,0.11556594948273881,0.15105289110592465,118.93805309734513,2051.7021484375,55.40121906158037,8,0.5044642857142857,0.11480898274583158,0.14648003465791992,118.93805309734513
23,14,3,0,ecg_only,2069.5625,56.91797826697642,8,0.4849330357142857,0.1075142373106455,0.18230794198178918,123.72842347525892,2069.423828125,46.92655559190829,8,0.4849330357142857,0.12893885835247573,0.2253751664615072,123.72842347525892
23,14,4,0,ecg_only,2046.314453125,56.28121309422157,8,0.5396205357142857,0.10606496023297204,0.20449756614026404,111.18924508790073,2046.8583984375,46.23610927143414,8,0.5463169642857143,0.11482796773064702,0.22419288831690223,109.82635342185904
23,14,5,0,ecg_only,2032.8310546875,52.92565330531012,8,0.5412946428571429,0.06787879999792397,0.13538223220043655,110.84536082474226,2035.4912109375,42.239295991734764,9,0.4892578125,0.1260900651471344,0.1781707628401102,122.63473053892216
23,14,6,0,ecg_only,2060.27734375,52.690532556326815,10,0.4227430555555556,0.0754933898093051,0.09893691517120265,141.93018480492813,2059.0205078125,41.955782263796806,9,0.47314453125,0.11631244745924643,0.20122198361721866,126.81114551083591
23,14,7,0,ecg_only,2078.6328125,53.114851397371375,9,0.46484375,0.0643049907545091,0.10164831539342611,129.07563025210084,2077.458984375,42.89745536851231,9,0.4638671875,0.08650712317976968,0.1571819306383416,129.34736842105264
23,14,8,0,ecg_only,2072.6416015625,57.50918292649008,9,0.4658203125,0.029540006762215184,0.05670312899805127,128.80503144654088,2071.5029296875,46.839694946347926,9,0.4658203125,0.06807278092907597,0.12185639738980235,128.80503144654088
23,14,9,0,ecg_only,2058.2919921875,53.04061031063782,9,0.47021484375,0.07787894602371458,0.0859375,127.601246105919,2060.5673828125,40.65022474792212,9,0.46875,0.08450510801868726,0.13472720402111896,128.0
23,14,10,0,ecg_only,2038.4599609375,52.34980709729,9,0.48876953125,0.08908557258363281,0.11483881488424486,122.75724275724276,2046.9619140625,40.94496013429327,9,0.49462890625,0.09856873498715388,0.14853292280624547,121.30306021717671
23,15,1,0,ecg_only,2037.4111328125,65.27002142157598,8,0.5479910714285714,0.13946874421261882,0.15825536046081767,109.4908350305499,2036.546875,70.33200944615741,8,0.5485491071428571,0.13976761730208115,0.15460560489971328,109.37945066124111
23,15,2,0,ecg_only,2061.1328125,67.17072419562591,7,0.6263020833333334,0.05504286819752149,0.06859891068285998,95.80041580041579,2059.865234375,76.61504193515995,7,0.626953125,0.05364283087269406,0.06686422956493629,95.70093457943925
23,15,3,0,ecg_only,2076.2919921875,64.08685279758977,7,0.63671875,0.045832593507286565,0.05972859351108563,94.23312883435582,2075.91796875,75.26041449277318,7,0.63671875,0.045832593507286565,0.05972859351108563,94.23312883435582
23,15,4,0,ecg_only,2053.53125,65.49390924687195,9,0.47607421875,0.14931429854627523,0.12522649680571657,126.03076923076924,2055.62890625,74.78700866078755,8,0.5424107142857143,0.15455876806894456,0.1424933752115047,110.61728395061728
23,15,5,0,ecg_only,2037.2080078125,63.193424350856624,11,0.366796875,0.019251908641174386,0.032264353368135074,163.57827476038338,2040.2919921875,70.7351995225852,10,0.4071180555555556,0.10347717409851111,0.12709577322353824,147.3773987206823
23,15,6,0,ecg_only,2034.30859375,57.54448418851681,10,0.4097222222222222,0.09182124093815569,0.10687003140862854,146.4406779661017,2040.072265625,59.31622627539991,10,0.4075520833333333,0.08508494402450281,0.09919683259398804,147.22044728434506
23,15,7,0,ecg_only,2043.8759765625,59.33359781038438,10,0.4171006944444444,0.046321155796721386,0.07017673524695969,143.85015608740895,2051.919921875,60.69093896018496,10,0.4162326388888889,0.04581820562637725,0.06448271101257491,144.15015641293013
23,15,8,0,ecg_only,2053.677734375,61.537063688211056,10,0.4353298611111111,0.03678753489655745,0.06793955910518003,137.82652043868396,2057.9287109375,65.61785523530976,10,0.4353298611111111,0.034158840920053814,0.05953027599268817,137.82652043868396
23,15,9,0,ecg_only,2037.0810546875,58.742904096581185,9,0.49560546875,0.10698486213913028,0.14724319824971058,121.06403940886699,2039.4873046875,60.97899096269994,9,0.49365234375,0.10412075302420334,0.14440299570095738,121.54302670623146
23,15,10,0,ecg_only,2035.2587890625,62.650244575808564,10,0.4066840277777778,0.03159769917222447,0.040122340984715114,147.53468516542156,2038.345703125,66.48110943135926,10,0.4045138888888889,0.028114817258162582,0.039740214744874616,148.3261802575107
23,16,1,0,ecg_only,2046.7548828125,58.532572025128815,9,0.490234375,0.13304208098380002,0.13354903439206728,122.39043824701196,2046.0595703125,54.11050403286195,10,0.4340277777777778,0.11269521011519944,0.1397269501759369,138.24
23,16,2,0,ecg_only,2074.9013671875,69.77598808871,8,0.5262276785714286,0.15519614310035879,0.13430722915534152,114.01908801696712,2071.435546875,66.5777546053836,10,0.4097222222222222,0.10509747608830182,0.1740035982307999,146.4406779661017
23,16,3,0,ecg_only,2079.251953125,62.114962375202346,10,0.4283854166666667,0.08890473966203939,0.09633876918076972,140.06079027355622,2078.6005859375,57.3996546263057,10,0.4288194444444444,0.09104864196412157,0.10420429821558017,139.91902834008098
23,16,4,0,ecg_only,2060.5986328125,53.326822867983594,10,0.4084201388888889,0.012504219002506886,0.01586726250905461,146.90754516471839,2061.5869140625,47.77372063640993,10,0.4131944444444444,0.015709167596227307,0.024355398268242043,145.21008403361344
23,16,5,0,ecg_only,2058.33984375,56.74271820000859,10,0.4157986111111111,0.017576785357045648,0.033432114782468145,144.30062630480168,2058.9619140625,51.187857853683084,10,0.4188368055555556,0.0256994294150824,0.04204892605783395,143.2538860103627
23,16,6,0,ecg_only,2047.8359375,56.406729893214816,10,0.44140625,0.05857928062084371,0.07695659494080291,135.92920353982302,2052.1533203125,50.98263844260392,10,0.4409722222222222,0.058302064618774255,0.08101349668732867,136.06299212598427
23,16,7,0,ecg_only,2034.083984375,57.461491668331725,9,0.44384765625,0.026560884314373333,0.03746743377588062,135.18151815181517,2043.17578125,51.6601193289093,9,0.44384765625,0.025758860720917928,0.03903458824223808,135.18151815181517
23,16,8,0,ecg_only,2041.69140625,58.52602322811162,8,0.4921875,0.07651807202211869,0.10591389470908864,121.9047619047619,2046.291015625,48.36164703208531,8,0.4921875,0.07834789631600109,0.11628340483871899,121.9047619047619
23,16,9,0,ecg_only,2064.064453125,54.56246193166761,9,0.490234375,0.07924008896523747,0.09209618282937178,122.39043824701196,2062.47265625,46.53842954155561,9,0.48583984375,0.08081165324488107,0.11416297861559117,123.49748743718592
23,16,10,0,ecg_only,2047.8486328125,54.559811092158746,9,0.46630859375,0.028433737034259117,0.058070581044212914,128.67015706806282,2046.474609375,47.81976394824803,9,0.46875,0.041015625,0.08363650442032944,128.0
23,17,1,0,ecg_only,2051.7216796875,62.6834158589108,10,0.4006076388888889,0.0648984016865883,0.0710277208826882,149.77248104008666,2052.6796875,51.954672791793655,10,0.3988715277777778,0.05671001031618429,0.06501295694177046,150.42437431991294
23,17,2,0,ecg_only,2037.15625,57.81458611101095,10,0.4144965277777778,0.033776174406846736,0.04582565705722682,144.75392670157066,2042.3818359375,48.29401835765309,10,0.4127604166666667,0.032421613536428986,0.047841596538733946,145.3627760252366
23,17,3,0,ecg_only,2043.9931640625,55.44300416718469,9,0.455078125,0.025763488199751796,0.025742327220247312,131.84549356223175,2050.14453125,46.987080685468996,9,0.4560546875,0.04030021539445967,0.061674939242615856,131.56316916488223
23,17,4,0,ecg_only,2047.0947265625,55.73796299709792,8,0.4760044642857143,0.04451012634510998,0.07976788225258648,126.04923798358733,2052.5087890625,47.27171624901491,8,0.47823660714285715,0.04462890406949153,0.08570043058283507,125.46091015169195
23,17,5,0,ecg_only,2049.6640625,55.62988424395735,9,0.46044921875,0.04648427241979228,0.07909553410670542,130.30752916224813,2053.91796875,46.48894262616675,9,0.46044921875,0.04781916553185643,0.08682074519880027,130.30752916224813
23,17,6,0,ecg_only,2061.6298828125,55.28951434114806,8,0.4927455357142857,0.04804295368310465,0.0933149628498381,121.76670441676104,2064.859375,45.91291593450992,9,0.47314453125,0.07043277202670793,0.11934399723630547,126.81114551083591
23,17,7,0,ecg_only,2064.166015625,55.50539966469259,8,0.5089285714285714,0.06475138260875127,0.13180338139689834,117.89473684210527,2064.7451171875,45.63782434904618,9,0.4814453125,0.08425080377665081,0.13309122538527313,124.62474645030426
23,17,8,0,ecg_only,2072.560546875,56.204063240133515,8,0.5044642857142857,0.04224886881863326,0.07819007706251264,118.93805309734513,2071.35546875,46.4596032669003,8,0.5027901785714286,0.06032466733830399,0.12342348944749469,119.33407325194229
23,17,9,0,ecg_only,2059.9306640625,59.10677967429177,9,0.462890625,0.07907141593748891,0.12200835481217347,129.62025316455697,2061.44921875,48.08847395701644,9,0.4619140625,0.09704397907398335,0.16937096397405313,129.89429175475686
23,17,10,0,ecg_only,2053.671875,60.31387425571644,9,0.44677734375,0.031730768341562396,0.05311022641218517,134.29508196721312,2056.7763671875,48.95365901087143,9,0.44677734375,0.032326283921944206,0.049893511042984624,134.29508196721312
23,18,1,1,ecg_only,2075.517578125,71.83812697923382,9,0.43994140625,0.1121294063523075,0.18684199085856226,136.38179800221977,2075.33984375,62.36547815579213,9,0.43994140625,0.11151535619527204,0.1834333931153797,136.38179800221977
23,18,2,1,ecg_only,2055.4716796875,75.13270277372497,10,0.41796875,0.056547007163042874,0.08201962343201588,143.55140186915887,2059.091796875,64.25232068928514,10,0.41796875,0.05298695299316616,0.07341775831723633,143.55140186915887
23,18,3,1,ecg_only,2034.0830078125,63.43189587573876,10,0.4166666666666667,0.05834728255835438,0.09487243118125617,144.0,2041.4453125,52.362943659159804,10,0.4231770833333333,0.05009214599393579,0.07749994093369725,141.7846153846154
23,18,4,1,ecg_only,2042.8662109375,61.06703116902979,9,0.44091796875,0.04962004299052789,0.08014954894016872,136.0797342192691,2050.4013671875,48.77004834238222,9,0.44189453125,0.0670760538957502,0.11302117621190035,135.77900552486187
23,18,5,1,ecg_only,2056.5751953125,64.12481884995839,9,0.478515625,0.03891573993197515,0.06511346659767142,125.38775510204081,2062.25390625,52.499051185390115,9,0.47802734375,0.07362368094488364,0.1363675335744166,125.51583248212462
23,18,6,1,ecg_only,2062.515625,59.89459939852153,9,0.4794921875,0.031051002139813762,0.06333152213888887,125.13238289205702,2066.9560546875,48.89490705581727,9,0.47900390625,0.04634043743824365,0.09294436204732338,125.25993883792049
23,18,7,1,ecg_only,2071.08984375,55.45805120742691,9,0.44677734375,0.05355757579624846,0.055341277068248464,134.29508196721312,2071.4970703125,43.688572849967656,9,0.44580078125,0.0691206908719539,0.08614018306454228,134.58926615553122
23,18,8,1,ecg_only,2071.189453125,57.55904955468278,8,0.5139508928571429,0.07994141593981018,0.10358316389475616,116.74267100977198,2069.4501953125,44.93625541523351,8,0.5133928571428571,0.08475899370398243,0.13344289728545877,116.86956521739131
23,18,9,1,ecg_only,2060.0625,57.095674228657636,9,0.45703125,0.06765823467065928,0.06688052797579748,131.28205128205127,2059.5400390625,43.67404520992387,9,0.45556640625,0.06954708990485078,0.07219394973505892,131.70418006430867
23,18,10,1,ecg_only,2056.669921875,55.28285252052753,9,0.47412109375,0.05454562721803095,0.07523968861038369,126.54994850669414,2058.662109375,42.68824452411386,9,0.49462890625,0.10672604001169138,0.17934750442576558,121.30306021717671
